"rank","score","article","brand","name","agent_guid","stock","price","category_1c","has_article","has_brand","has_name"
"1","32","FX-2112","WERTVOLL","Скоби загартовані R 53 12 мм/11.3*0.75мм, 1000 шт WERTVOLL FX-2112","65E4565B-EB59-11EE-AF97-BC5FF4F4F2AA","16","20.87","ПРОДУКЦІЯ КОМПАНІЇ ""ULTRA SVET"" / ІНСТРУМЕНТ / MASTER TOOL / Кріпильний інструмент / Скоби / Скоби гартовані","yes","yes","yes"
"2","31","08-2512-H","MASTERTOOL","Коло шліфувальне на липучці з 8 отворами 125 мм зерно 120, 5шт MASTER TOOL 08-2512-H","CD5D4DD1-3815-11EC-B64C-BC5FF4F4F2AA","4","16.9","ПРОДУКЦІЯ КОМПАНІЇ ""ULTRA SVET"" / ІНСТРУМЕНТ / MASTER TOOL / Витратні матеріали / Абразивні матеріали / Круги шліфувальні абразивні на липучці / Круги шліфувальні абразивні на липучці набори","yes","yes","yes"
"3","30","14-5050PC","MASTERTOOL","Газ бутан ""УНІВЕРСАЛЬНИЙ"" 220 г, подвійний захист RVR, TSV 4 шт MASTER TOOL 14-5050PC","74B54074-EB59-11EE-AF97-BC5FF4F4F2AA","0","213.79","ПРОДУКЦІЯ КОМПАНІЇ ""ULTRA SVET"" / ІНСТРУМЕНТ / MASTER TOOL / Кріпильний інструмент / Газ / Газ","yes","yes","yes"
"4","30","08-2010-H","MASTERTOOL","Коло шліфувальне на липучці з 6 отворами 225 мм зерно 100 5 шт MASTER TOOL 08-2010-H","CD5D4DC5-3815-11EC-B64C-BC5FF4F4F2AA","0","57.03","ПРОДУКЦІЯ КОМПАНІЇ ""ULTRA SVET"" / ІНСТРУМЕНТ / MASTER TOOL / Витратні матеріали / Абразивні матеріали / Круги шліфувальні абразивні на липучці / Круги шліфувальні абразивні на липучці набори","yes","yes","yes"
"5","30","08-2012-H","MASTERTOOL","Коло шліфувальне на липучці з 6 отворами 225 мм зерно 120, 5шт MASTER TOOL 08-2012-H","CD5D4DC7-3815-11EC-B64C-BC5FF4F4F2AA","0","57.03","ПРОДУКЦІЯ КОМПАНІЇ ""ULTRA SVET"" / ІНСТРУМЕНТ / MASTER TOOL / Витратні матеріали / Абразивні матеріали / Круги шліфувальні абразивні на липучці / Круги шліфувальні абразивні на липучці набори","yes","yes","yes"
"6","30","08-2015-H","MASTERTOOL","Коло шліфувальне на липучці з 6 отворами 225 мм зерно 150, 5шт MASTER TOOL 08-2015-H","CD5D4DC9-3815-11EC-B64C-BC5FF4F4F2AA","0","57.03","ПРОДУКЦІЯ КОМПАНІЇ ""ULTRA SVET"" / ІНСТРУМЕНТ / MASTER TOOL / Витратні матеріали / Абразивні матеріали / Круги шліфувальні абразивні на липучці / Круги шліфувальні абразивні на липучці набори","yes","yes","yes"
"7","30","08-2006-H","MASTERTOOL","Коло шліфувальне на липучці з 6 отворами 225 мм зерно 60, 5шт MASTER TOOL 08-2006-H","CD5D4DC1-3815-11EC-B64C-BC5FF4F4F2AA","0","57.03","ПРОДУКЦІЯ КОМПАНІЇ ""ULTRA SVET"" / ІНСТРУМЕНТ / MASTER TOOL / Витратні матеріали / Абразивні матеріали / Круги шліфувальні абразивні на липучці / Круги шліфувальні абразивні на липучці набори","yes","yes","yes"
"8","30","08-2008-H","MASTERTOOL","Коло шліфувальне на липучці з 6 отворами 225 мм зерно 80, 5шт MASTER TOOL 08-2008-H","CD5D4DC3-3815-11EC-B64C-BC5FF4F4F2AA","0","57.03","ПРОДУКЦІЯ КОМПАНІЇ ""ULTRA SVET"" / ІНСТРУМЕНТ / MASTER TOOL / Витратні матеріали / Абразивні матеріали / Круги шліфувальні абразивні на липучці / Круги шліфувальні абразивні на липучці набори","yes","yes","yes"
"9","30","08-2510-H","MASTERTOOL","Коло шліфувальне на липучці з 8 отворами 125 мм зерно 100, 5шт MASTER TOOL 08-2510-H","CD5D4DCF-3815-11EC-B64C-BC5FF4F4F2AA","0","16.9","ПРОДУКЦІЯ КОМПАНІЇ ""ULTRA SVET"" / ІНСТРУМЕНТ / MASTER TOOL / Витратні матеріали / Абразивні матеріали / Круги шліфувальні абразивні на липучці / Круги шліфувальні абразивні на липучці набори","yes","yes","yes"
"10","30","08-2515-H","MASTERTOOL","Коло шліфувальне на липучці з 8 отворами 125 мм зерно 150, 5шт MASTER TOOL 08-2515-H","CD5D4DD3-3815-11EC-B64C-BC5FF4F4F2AA","0","16.9","ПРОДУКЦІЯ КОМПАНІЇ ""ULTRA SVET"" / ІНСТРУМЕНТ / MASTER TOOL / Витратні матеріали / Абразивні матеріали / Круги шліфувальні абразивні на липучці / Круги шліфувальні абразивні на липучці набори","yes","yes","yes"
"11","30","08-1810-H","MASTERTOOL","Коло шліфувальне на липучці з 8 отворами 180 мм зерно 100, 5шт MASTER TOOL 08-1810-H","CD5D4DBB-3815-11EC-B64C-BC5FF4F4F2AA","0","36.55","ПРОДУКЦІЯ КОМПАНІЇ ""ULTRA SVET"" / ІНСТРУМЕНТ / MASTER TOOL / Витратні матеріали / Абразивні матеріали / Круги шліфувальні абразивні на липучці / Круги шліфувальні абразивні на липучці набори","yes","yes","yes"
"12","30","08-1812-H","MASTERTOOL","Коло шліфувальне на липучці з 8 отворами 180 мм зерно 120, 5шт MASTER TOOL 08-1812-H","CD5D4DBD-3815-11EC-B64C-BC5FF4F4F2AA","0","36.55","ПРОДУКЦІЯ КОМПАНІЇ ""ULTRA SVET"" / ІНСТРУМЕНТ / MASTER TOOL / Витратні матеріали / Абразивні матеріали / Круги шліфувальні абразивні на липучці / Круги шліфувальні абразивні на липучці набори","yes","yes","yes"
"13","30","08-1815-H","MASTERTOOL","Коло шліфувальне на липучці з 8 отворами 180 мм зерно 150, 5шт MASTER TOOL 08-1815-H","CD5D4DBF-3815-11EC-B64C-BC5FF4F4F2AA","0","36.55","ПРОДУКЦІЯ КОМПАНІЇ ""ULTRA SVET"" / ІНСТРУМЕНТ / MASTER TOOL / Витратні матеріали / Абразивні матеріали / Круги шліфувальні абразивні на липучці / Круги шліфувальні абразивні на липучці набори","yes","yes","yes"
"14","30","08-1806-H","MASTERTOOL","Коло шліфувальне на липучці з 8 отворами 180 мм зерно 60, 5шт MASTER TOOL 08-1806-H","CD5D4DB7-3815-11EC-B64C-BC5FF4F4F2AA","0","36.55","ПРОДУКЦІЯ КОМПАНІЇ ""ULTRA SVET"" / ІНСТРУМЕНТ / MASTER TOOL / Витратні матеріали / Абразивні матеріали / Круги шліфувальні абразивні на липучці / Круги шліфувальні абразивні на липучці набори","yes","yes","yes"
"15","30","08-1808-H","MASTERTOOL","Коло шліфувальне на липучці з 8 отворами 180 мм зерно 80, 5шт MASTER TOOL 08-1808-H","CD5D4DB9-3815-11EC-B64C-BC5FF4F4F2AA","0","36.55","ПРОДУКЦІЯ КОМПАНІЇ ""ULTRA SVET"" / ІНСТРУМЕНТ / MASTER TOOL / Витратні матеріали / Абразивні матеріали / Круги шліфувальні абразивні на липучці / Круги шліфувальні абразивні на липучці набори","yes","yes","yes"
"16","30","08-2503-H","MASTERTOOL","Круг шліфувальний на липучці 125 мм/8 отв P 36, набір 5 шт MASTER TOOL 08-2503-H","E89E103D-D442-11F0-B40F-BC5FF4F4F2AA","0","16.9","ПРОДУКЦІЯ КОМПАНІЇ ""ULTRA SVET"" / ІНСТРУМЕНТ / MASTER TOOL / Витратні матеріали / Абразивні матеріали / Круги шліфувальні абразивні на липучці / Круги шліфувальні абразивні на липучці набори","yes","yes","yes"
"17","30","08-2504-H","MASTERTOOL","Круг шліфувальний на липучці 125 мм/8 отв P 40, набір 5 шт MASTER TOOL 08-2504-H","E89E103F-D442-11F0-B40F-BC5FF4F4F2AA","0","16.9","ПРОДУКЦІЯ КОМПАНІЇ ""ULTRA SVET"" / ІНСТРУМЕНТ / MASTER TOOL / Витратні матеріали / Абразивні матеріали / Круги шліфувальні абразивні на липучці / Круги шліфувальні абразивні на липучці набори","yes","yes","yes"
"18","30","08-1818-H","MASTERTOOL","Круг шліфувальний на липучці 180 мм/8 отв P 180, набір 5 шт MASTER TOOL 08-1818-H","E89E1031-D442-11F0-B40F-BC5FF4F4F2AA","0","36.55","ПРОДУКЦІЯ КОМПАНІЇ ""ULTRA SVET"" / ІНСТРУМЕНТ / MASTER TOOL / Витратні матеріали / Абразивні матеріали / Круги шліфувальні абразивні на липучці / Круги шліфувальні абразивні на липучці набори","yes","yes","yes"
"19","30","08-1824-H","MASTERTOOL","Круг шліфувальний на липучці 180 мм/8 отв P 240, набір 5 шт MASTER TOOL 08-1824-H","E89E1033-D442-11F0-B40F-BC5FF4F4F2AA","0","36.55","ПРОДУКЦІЯ КОМПАНІЇ ""ULTRA SVET"" / ІНСТРУМЕНТ / MASTER TOOL / Витратні матеріали / Абразивні матеріали / Круги шліфувальні абразивні на липучці / Круги шліфувальні абразивні на липучці набори","yes","yes","yes"
"20","30","08-1832-H","MASTERTOOL","Круг шліфувальний на липучці 180 мм/8 отв P 320, набір 5 шт MASTER TOOL 08-1832-H","E89E1035-D442-11F0-B40F-BC5FF4F4F2AA","0","36.55","ПРОДУКЦІЯ КОМПАНІЇ ""ULTRA SVET"" / ІНСТРУМЕНТ / MASTER TOOL / Витратні матеріали / Абразивні матеріали / Круги шліфувальні абразивні на липучці / Круги шліфувальні абразивні на липучці набори","yes","yes","yes"
"21","30","08-1803-H","MASTERTOOL","Круг шліфувальний на липучці 180 мм/8 отв P 36, набір 5 шт MASTER TOOL 08-1803-H","E89E102D-D442-11F0-B40F-BC5FF4F4F2AA","0","36.55","ПРОДУКЦІЯ КОМПАНІЇ ""ULTRA SVET"" / ІНСТРУМЕНТ / MASTER TOOL / Витратні матеріали / Абразивні матеріали / Круги шліфувальні абразивні на липучці / Круги шліфувальні абразивні на липучці набори","yes","yes","yes"
"22","30","08-1804-H","MASTERTOOL","Круг шліфувальний на липучці 180 мм/8 отв P 40, набір 5 шт MASTER TOOL 08-1804-H","E89E102F-D442-11F0-B40F-BC5FF4F4F2AA","0","36.55","ПРОДУКЦІЯ КОМПАНІЇ ""ULTRA SVET"" / ІНСТРУМЕНТ / MASTER TOOL / Витратні матеріали / Абразивні матеріали / Круги шліфувальні абразивні на липучці / Круги шліфувальні абразивні на липучці набори","yes","yes","yes"
"23","30","08-2018-H","MASTERTOOL","Круг шліфувальний на липучці 225 мм/6 отв P 180, набір 5 шт MASTER TOOL 08-2018-H","E89E1037-D442-11F0-B40F-BC5FF4F4F2AA","0","57.03","ПРОДУКЦІЯ КОМПАНІЇ ""ULTRA SVET"" / ІНСТРУМЕНТ / MASTER TOOL / Витратні матеріали / Абразивні матеріали / Круги шліфувальні абразивні на липучці / Круги шліфувальні абразивні на липучці набори","yes","yes","yes"
"24","30","08-2024-H","MASTERTOOL","Круг шліфувальний на липучці 225 мм/6 отв P 240, набір 5 шт MASTER TOOL 08-2024-H","E89E1039-D442-11F0-B40F-BC5FF4F4F2AA","0","57.03","ПРОДУКЦІЯ КОМПАНІЇ ""ULTRA SVET"" / ІНСТРУМЕНТ / MASTER TOOL / Витратні матеріали / Абразивні матеріали / Круги шліфувальні абразивні на липучці / Круги шліфувальні абразивні на липучці набори","yes","yes","yes"
"25","30","08-2032-H","MASTERTOOL","Круг шліфувальний на липучці 225 мм/6 отв P 320, набір 5 шт MASTER TOOL 08-2032-H","E89E103B-D442-11F0-B40F-BC5FF4F4F2AA","0","57.03","ПРОДУКЦІЯ КОМПАНІЇ ""ULTRA SVET"" / ІНСТРУМЕНТ / MASTER TOOL / Витратні матеріали / Абразивні матеріали / Круги шліфувальні абразивні на липучці / Круги шліфувальні абразивні на липучці набори","yes","yes","yes"
"26","30","08-2506-H","MASTERTOOL","Круг шліфувальний на липучці CERAMIC 125 мм P 60, набір 5 шт MASTER TOOL 08-2506-C","C51E1D6A-D45A-11F0-B40F-BC5FF4F4F2AA","0","32.41","ПРОДУКЦІЯ КОМПАНІЇ ""ULTRA SVET"" / ІНСТРУМЕНТ / MASTER TOOL / Витратні матеріали / Абразивні матеріали / Круги шліфувальні абразивні на липучці / Круги шліфувальні абразивні на липучці CERAMIC набори 5 шт","yes","yes","yes"
"27","30","08-2508-H","MASTERTOOL","Круг шліфувальний на липучці CERAMIC 125 мм P 80, набір 5 шт MASTER TOOL 08-2508-C","C51E1D6C-D45A-11F0-B40F-BC5FF4F4F2AA","0","32.41","ПРОДУКЦІЯ КОМПАНІЇ ""ULTRA SVET"" / ІНСТРУМЕНТ / MASTER TOOL / Витратні матеріали / Абразивні матеріали / Круги шліфувальні абразивні на липучці / Круги шліфувальні абразивні на липучці CERAMIC набори 5 шт","yes","yes","yes"
"28","30","08-2512-H","MASTERTOOL","Круг шліфувальний на липучці STEARATE 125 мм P 120, набір 5 шт MASTER TOOL 08-2512-G","E89E104B-D442-11F0-B40F-BC5FF4F4F2AA","0","27.99","ПРОДУКЦІЯ КОМПАНІЇ ""ULTRA SVET"" / ІНСТРУМЕНТ / MASTER TOOL / Витратні матеріали / Абразивні матеріали / Круги шліфувальні абразивні на липучці / Круги шліфувальні абразивні на липучці STEARATE набори 5 шт","yes","yes","yes"
"29","30","08-2518-H","MASTERTOOL","Круг шліфувальний на липучці STEARATE 125 мм P 180, набір 5 шт MASTER TOOL 08-2518-G","E89E104D-D442-11F0-B40F-BC5FF4F4F2AA","0","27.99","ПРОДУКЦІЯ КОМПАНІЇ ""ULTRA SVET"" / ІНСТРУМЕНТ / MASTER TOOL / Витратні матеріали / Абразивні матеріали / Круги шліфувальні абразивні на липучці / Круги шліфувальні абразивні на липучці STEARATE набори 5 шт","yes","yes","yes"
"30","30","08-2524-H","MASTERTOOL","Круг шліфувальний на липучці STEARATE FILM 125 мм P 240, набір 5 шт MASTER TOOL 08-2524-F","C51E1D62-D45A-11F0-B40F-BC5FF4F4F2AA","0","33.79","ПРОДУКЦІЯ КОМПАНІЇ ""ULTRA SVET"" / ІНСТРУМЕНТ / MASTER TOOL / Витратні матеріали / Абразивні матеріали / Круги шліфувальні абразивні на липучці / Круги шліфувальні абразивні на липучці STEARATE FILM набори 5 шт","yes","yes","yes"
"31","30","08-2532-H","MASTERTOOL","Круг шліфувальний на липучці STEARATE FILM 125 мм P 320, набір 5 шт MASTER TOOL 08-2532-F","C51E1D64-D45A-11F0-B40F-BC5FF4F4F2AA","0","33.79","ПРОДУКЦІЯ КОМПАНІЇ ""ULTRA SVET"" / ІНСТРУМЕНТ / MASTER TOOL / Витратні матеріали / Абразивні матеріали / Круги шліфувальні абразивні на липучці / Круги шліфувальні абразивні на липучці STEARATE FILM набори 5 шт","yes","yes","yes"
"32","30","08-2540-H","MASTERTOOL","Круг шліфувальний на липучці STEARATE FILM 125 мм P 400, набір 5 шт MASTER TOOL 08-2540-F","C51E1D66-D45A-11F0-B40F-BC5FF4F4F2AA","0","33.79","ПРОДУКЦІЯ КОМПАНІЇ ""ULTRA SVET"" / ІНСТРУМЕНТ / MASTER TOOL / Витратні матеріали / Абразивні матеріали / Круги шліфувальні абразивні на липучці / Круги шліфувальні абразивні на липучці STEARATE FILM набори 5 шт","yes","yes","yes"
"33","30","08-2560-H","MASTERTOOL","Круг шліфувальний на липучці STEARATE FILM 125 мм P 600, набір 5 шт MASTER TOOL 08-2560-F","C51E1D68-D45A-11F0-B40F-BC5FF4F4F2AA","0","33.79","ПРОДУКЦІЯ КОМПАНІЇ ""ULTRA SVET"" / ІНСТРУМЕНТ / MASTER TOOL / Витратні матеріали / Абразивні матеріали / Круги шліфувальні абразивні на липучці / Круги шліфувальні абразивні на липучці STEARATE FILM набори 5 шт","yes","yes","yes"
"34","30","94-0816T","MASTERTOOL","Ліхтарик електричний 8-діодний LED MASTER TOOL 94-0816T","B5AC9685-C72E-11EC-991D-BC5FF4F4F2AA","0","99.03","ПРОДУКЦІЯ КОМПАНІЇ ""ULTRA SVET"" / ІНСТРУМЕНТ / MASTER TOOL / Туризм / Ліхтарики / Ліхтарики на батарейках","yes","yes","yes"
"35","30","79-2039TR","MASTERTOOL","Лоток до ящика для інструменту 79-2039 MASTER TOOL 79-2039TR","C656D2A1-9EEA-11EB-AE88-BC5FF4F4F2AA","0","10.05","ПРОДУКЦІЯ КОМПАНІЇ ""ULTRA SVET"" / ІНСТРУМЕНТ / MASTER TOOL / Ящики для інструменту,органайзери, сумки / Ящики для інструменту пластикові","yes","yes","yes"
"36","30","779-3052TR","MASTERTOOL","Лоток до ящика для інструменту 79-3052 MASTER TOOL 779-3052TR","C656D2CB-9EEA-11EB-AE88-BC5FF4F4F2AA","0","9.45","ПРОДУКЦІЯ КОМПАНІЇ ""ULTRA SVET"" / ІНСТРУМЕНТ / MASTER TOOL / Ящики для інструменту,органайзери, сумки / Ящики для інструменту пластикові","yes","yes","yes"
"37","30","79-3052TR","MASTERTOOL","Лоток до ящика для інструменту 79-3052 MASTER TOOL 79-3052TR","7025FBA7-2C12-11EC-9962-BC5FF4F4F2AA","0","14.69","ПРОДУКЦІЯ КОМПАНІЇ ""ULTRA SVET"" / ІНСТРУМЕНТ / MASTER TOOL / Ящики для інструменту,органайзери, сумки / Ящики для інструменту пластикові","yes","yes","yes"
"38","30","779-6027TR","MASTERTOOL","Лоток до ящика для інструменту 79-6027 MASTER TOOL 779-6027TR","C656D2CD-9EEA-11EB-AE88-BC5FF4F4F2AA","0","6.21","ПРОДУКЦІЯ КОМПАНІЇ ""ULTRA SVET"" / ІНСТРУМЕНТ / MASTER TOOL / Ящики для інструменту,органайзери, сумки / Ящики для інструменту пластикові","yes","yes","yes"
"39","30","79-6027TR","MASTERTOOL","Лоток до ящика для інструменту 79-6027 MASTER TOOL 79-6027TR","7025FBA9-2C12-11EC-9962-BC5FF4F4F2AA","0","10.05","ПРОДУКЦІЯ КОМПАНІЇ ""ULTRA SVET"" / ІНСТРУМЕНТ / MASTER TOOL / Ящики для інструменту,органайзери, сумки / Ящики для інструменту пластикові","yes","yes","yes"
"40","30","779-6028TR","MASTERTOOL","Лоток до ящика для інструменту 79-6028 MASTER TOOL 779-6028TR","C656D2CF-9EEA-11EB-AE88-BC5FF4F4F2AA","0","9.45","ПРОДУКЦІЯ КОМПАНІЇ ""ULTRA SVET"" / ІНСТРУМЕНТ / MASTER TOOL / Ящики для інструменту,органайзери, сумки / Ящики для інструменту пластикові","yes","yes","yes"
"41","30","79-6028TR","MASTERTOOL","Лоток до ящика для інструменту 79-6028 MASTER TOOL 79-6028TR","7025FBAB-2C12-11EC-9962-BC5FF4F4F2AA","0","14.69","ПРОДУКЦІЯ КОМПАНІЇ ""ULTRA SVET"" / ІНСТРУМЕНТ / MASTER TOOL / Ящики для інструменту,органайзери, сумки / Ящики для інструменту пластикові","yes","yes","yes"
"42","30","78-4021-PF","MASTERTOOL","Набір торцевих насадок PROFI CrV 1/2” 10-32 мм, тріскачка 72Т, 21 шт. MASTER TOOL 78-4021-PF","B3B06276-9EEA-11EB-AE88-BC5FF4F4F2AA","0","1122.93","ПРОДУКЦІЯ КОМПАНІЇ ""ULTRA SVET"" / ІНСТРУМЕНТ / MASTER TOOL / Автомобільний інструмент / Набори ключів і насадок торцевих профі","yes","yes","yes"
"43","30","78-5072-PF","MASTERTOOL","Набір торцевих насадок PROFI CrV 1/4"" - 1/2"", тріскачка 72Т, 72 шт. MASTER TOOL 78-5072-PF","B3B06282-9EEA-11EB-AE88-BC5FF4F4F2AA","0","1682.53","ПРОДУКЦІЯ КОМПАНІЇ ""ULTRA SVET"" / ІНСТРУМЕНТ / MASTER TOOL / Автомобільний інструмент / Набори ключів і насадок торцевих профі","yes","yes","yes"
"44","30","78-2047-PF","MASTERTOOL","Набір торцевих насадок PROFI CrV 1/4” 4-14 мм, тріскачка 72Т, 46 шт, кейс MASTER TOOL 78-2047-PF","6F8F7C58-F6C7-11EC-9DF5-BC5FF4F4F2AA","0","734.05","ПРОДУКЦІЯ КОМПАНІЇ ""ULTRA SVET"" / ІНСТРУМЕНТ / MASTER TOOL / Автомобільний інструмент / Набори ключів і насадок торцевих профі","yes","yes","yes"
"45","30","TO21-0720","MASTERTOOL","Пістолет для заклепок одноручний Т-подібний ПРОФІ, CrMo 200 мм Ø 2,4/3,2/4,0 MASTER TOOL TO21-0720","A7773E8B-9EEA-11EB-AE88-BC5FF4F4F2AA","0","387.45","ПРОДУКЦІЯ КОМПАНІЇ ""ULTRA SVET"" / ІНСТРУМЕНТ / MASTER TOOL / Кріпильний інструмент / Пістолет для закліпок, дюбелей, просікачі","yes","yes","yes"
"46","30","CF-1099","WERTVOLL","Пістолет для монтажної піни ствол CTF18, тефлонове покриття, free hand WERTVOLL CF-1099","627B8D09-2C12-11EC-9962-BC5FF4F4F2AA","0","551.34","ПРОДУКЦІЯ КОМПАНІЇ ""ULTRA SVET"" / ІНСТРУМЕНТ / MASTER TOOL / Будівельно-обробний інструмент / Пістолети для піни","yes","yes","yes"
"47","30","CF-1098","WERTVOLL","Пістолет для монтажної піни ствол CTF18, тефлонове покриття, soft regulation WERTVOLL CF-1098","627B8D07-2C12-11EC-9962-BC5FF4F4F2AA","0","551.34","ПРОДУКЦІЯ КОМПАНІЇ ""ULTRA SVET"" / ІНСТРУМЕНТ / MASTER TOOL / Будівельно-обробний інструмент / Пістолети для піни","yes","yes","yes"
"48","30","83-0602doz","MASTERTOOL","Рукавички бавовняні в'язані латексне покриття долоні біло/сині 10,5"" 12 пар MASTER TOOL 83-0602doz","D8F7418B-EB59-11EE-AF97-BC5FF4F4F2AA","0","428.91","ПРОДУКЦІЯ КОМПАНІЇ ""ULTRA SVET"" / ІНСТРУМЕНТ / MASTER TOOL / Засоби захисту / Рукавички / Рукавички з латексним покриттям","yes","yes","yes"
"49","30","83-0603doz","MASTERTOOL","Рукавички бавовняні в'язані посилене латексне покриття біло/сині 10,5"" 12 пар MASTER TOOL 83-0603doz","D8F7418D-EB59-11EE-AF97-BC5FF4F4F2AA","0","447.46","ПРОДУКЦІЯ КОМПАНІЇ ""ULTRA SVET"" / ІНСТРУМЕНТ / MASTER TOOL / Засоби захисту / Рукавички / Рукавички з латексним покриттям","yes","yes","yes"
"50","30","83-0604doz","MASTERTOOL","Рукавички бавовняні в'язані посилене латексне покриттяі жовто/сині 10,5""12 парMASTER TOOL 83-0604doz","D8F7418F-EB59-11EE-AF97-BC5FF4F4F2AA","0","465.51","ПРОДУКЦІЯ КОМПАНІЇ ""ULTRA SVET"" / ІНСТРУМЕНТ / MASTER TOOL / Засоби захисту / Рукавички / Рукавички з латексним покриттям","yes","yes","yes"
"51","30","83-0601doz","MASTERTOOL","Рукавички бавовняні латексне ребристе покриття 3/4 жовті 10,5"" 12 пар MASTER TOOL 83-0601doz","D8F74189-EB59-11EE-AF97-BC5FF4F4F2AA","0","474.06","ПРОДУКЦІЯ КОМПАНІЇ ""ULTRA SVET"" / ІНСТРУМЕНТ / MASTER TOOL / Засоби захисту / Рукавички / Рукавички з латексним покриттям","yes","yes","yes"
"52","30","83-0405doz","MASTERTOOL","Рукавички бавовняні трикотажні нітрилове покриття 3/4 помаранчеві 10""12 пар MASTER TOOL 83-0405doz","D8F74185-EB59-11EE-AF97-BC5FF4F4F2AA","0","353.62","ПРОДУКЦІЯ КОМПАНІЇ ""ULTRA SVET"" / ІНСТРУМЕНТ / MASTER TOOL / Засоби захисту / Рукавички / Рукавички з нітриловим покриттям","yes","yes","yes"
"53","30","83-0654doz","MASTERTOOL","Рукавички безшовні трикотажні з поліуретановим покриттям ""Айстра"" 9"" 12 пар MASTER TOOL 83-0654doz","02BB8158-EB5A-11EE-AF97-BC5FF4F4F2AA","0","169.19","ПРОДУКЦІЯ КОМПАНІЇ ""ULTRA SVET"" / ІНСТРУМЕНТ / MASTER TOOL / Засоби захисту / Рукавички / Рукавичка з поліуретановим покриттям","yes","yes","yes"
"54","30","83-0651doz","MASTERTOOL","Рукавички безшовні трикотажні з поліуретановим покриттям ""Барвінок"" 9"" 12 пар MASTER TOOL 83-0651doz","02BB814E-EB5A-11EE-AF97-BC5FF4F4F2AA","0","197.18","ПРОДУКЦІЯ КОМПАНІЇ ""ULTRA SVET"" / ІНСТРУМЕНТ / MASTER TOOL / Засоби захисту / Рукавички / Рукавичка з поліуретановим покриттям","yes","yes","yes"
"55","30","83-0661doz","MASTERTOOL","Рукавички безшовні трикотажні з поліуретановим покриттям ""Волошка"" 9"" 12 пар MASTER TOOL 83-0661doz","02BB8174-EB5A-11EE-AF97-BC5FF4F4F2AA","0","197.18","ПРОДУКЦІЯ КОМПАНІЇ ""ULTRA SVET"" / ІНСТРУМЕНТ / MASTER TOOL / Засоби захисту / Рукавички / Рукавичка з поліуретановим покриттям","yes","yes","yes"
"56","30","83-0662do","MASTERTOOL","Рукавички безшовні трикотажні з поліуретановим покриттям ""Камуфляж"" 10"" 12 пар MASTER TOOL 83-0662do","02BB8178-EB5A-11EE-AF97-BC5FF4F4F2AA","0","199.11","ПРОДУКЦІЯ КОМПАНІЇ ""ULTRA SVET"" / ІНСТРУМЕНТ / MASTER TOOL / Засоби захисту / Рукавички / Рукавичка з поліуретановим покриттям","yes","yes","yes"
"57","30","83-0660doz","MASTERTOOL","Рукавички безшовні трикотажні з поліуретановим покриттям ""Крапля"" 9"" 12 пар MASTER TOOL 83-0660doz","02BB8170-EB5A-11EE-AF97-BC5FF4F4F2AA","0","169.19","ПРОДУКЦІЯ КОМПАНІЇ ""ULTRA SVET"" / ІНСТРУМЕНТ / MASTER TOOL / Засоби захисту / Рукавички / Рукавичка з поліуретановим покриттям","yes","yes","yes"
"58","30","83-0656doz","MASTERTOOL","Рукавички безшовні трикотажні з поліуретановим покриттям ""Кульбаба"" 9""12 пар MASTER TOOL 83-0656doz","02BB8160-EB5A-11EE-AF97-BC5FF4F4F2AA","0","197.18","ПРОДУКЦІЯ КОМПАНІЇ ""ULTRA SVET"" / ІНСТРУМЕНТ / MASTER TOOL / Засоби захисту / Рукавички / Рукавичка з поліуретановим покриттям","yes","yes","yes"
"59","30","83-0652doz","MASTERTOOL","Рукавички безшовні трикотажні з поліуретановим покриттям ""Мальва"" 9"" 12 пар MASTER TOOL 83-0652doz","02BB8150-EB5A-11EE-AF97-BC5FF4F4F2AA","0","197.18","ПРОДУКЦІЯ КОМПАНІЇ ""ULTRA SVET"" / ІНСТРУМЕНТ / MASTER TOOL / Засоби захисту / Рукавички / Рукавичка з поліуретановим покриттям","yes","yes","yes"
"60","30","83-0653doz","MASTERTOOL","Рукавички безшовні трикотажні з поліуретановим покриттям ""Мімоза"" 9"" 12 пар MASTER TOOL 83-0653doz","02BB8154-EB5A-11EE-AF97-BC5FF4F4F2AA","0","197.18","ПРОДУКЦІЯ КОМПАНІЇ ""ULTRA SVET"" / ІНСТРУМЕНТ / MASTER TOOL / Засоби захисту / Рукавички / Рукавичка з поліуретановим покриттям","yes","yes","yes"
"61","30","83-0659doz","MASTERTOOL","Рукавички безшовні трикотажні з поліуретановим покриттям ""Незабудка""9"" 12 пар MASTER TOOL 83-0659doz","02BB816C-EB5A-11EE-AF97-BC5FF4F4F2AA","0","169.19","ПРОДУКЦІЯ КОМПАНІЇ ""ULTRA SVET"" / ІНСТРУМЕНТ / MASTER TOOL / Засоби захисту / Рукавички / Рукавичка з поліуретановим покриттям","yes","yes","yes"
"62","30","83-0658doz","MASTERTOOL","Рукавички безшовні трикотажні з поліуретановим покриттям ""Орхідея"" 9"" 12 пар MASTER TOOL 83-0658doz","02BB8168-EB5A-11EE-AF97-BC5FF4F4F2AA","0","197.18","ПРОДУКЦІЯ КОМПАНІЇ ""ULTRA SVET"" / ІНСТРУМЕНТ / MASTER TOOL / Засоби захисту / Рукавички / Рукавичка з поліуретановим покриттям","yes","yes","yes"
"63","30","83-0655doz","MASTERTOOL","Рукавички безшовні трикотажні з поліуретановим покриттям ""Фіалка"" 9""12 пар MASTER TOOL 83-0655doz","02BB815C-EB5A-11EE-AF97-BC5FF4F4F2AA","0","197.18","ПРОДУКЦІЯ КОМПАНІЇ ""ULTRA SVET"" / ІНСТРУМЕНТ / MASTER TOOL / Засоби захисту / Рукавички / Рукавичка з поліуретановим покриттям","yes","yes","yes"
"64","30","83-0663doz","MASTERTOOL","Рукавички безшовні трикотажні з поліуретановим покриттям ""Хакі"" 10""12 пар MASTER TOOL 83-0663doz","02BB817C-EB5A-11EE-AF97-BC5FF4F4F2AA","0","199.11","ПРОДУКЦІЯ КОМПАНІЇ ""ULTRA SVET"" / ІНСТРУМЕНТ / MASTER TOOL / Засоби захисту / Рукавички / Рукавичка з поліуретановим покриттям","yes","yes","yes"
"65","30","83-0657doz","MASTERTOOL","Рукавички безшовні трикотажні з поліуретановим покриттям ""Хризантема"" 9"" MASTER TOOL 83-0657doz","02BB8164-EB5A-11EE-AF97-BC5FF4F4F2AA","0","197.18","ПРОДУКЦІЯ КОМПАНІЇ ""ULTRA SVET"" / ІНСТРУМЕНТ / MASTER TOOL / Засоби захисту / Рукавички / Рукавичка з поліуретановим покриттям","yes","yes","yes"
"66","30","83-0650Gn","MASTERTOOL","Рукавички безшовні трикотажні з поліуретановим покриттям долоні зелені 9"" MASTER TOOL 83-0650Gn","C0598876-9EEA-11EB-AE88-BC5FF4F4F2AA","0","9.99","ПРОДУКЦІЯ КОМПАНІЇ ""ULTRA SVET"" / ІНСТРУМЕНТ / MASTER TOOL / Засоби захисту / Рукавички / Руковичка трикотажна в'язана","yes","yes","yes"
"67","30","83-0649doz","MASTERTOOL","Рукавички безшовні трикотажні з поліуретановим покриттям меланж 10""12 пар MASTER TOOL 83-0649doz","02BB814C-EB5A-11EE-AF97-BC5FF4F4F2AA","0","279.43","ПРОДУКЦІЯ КОМПАНІЇ ""ULTRA SVET"" / ІНСТРУМЕНТ / MASTER TOOL / Засоби захисту / Рукавички / Рукавичка з поліуретановим покриттям","yes","yes","yes"
"68","30","83-0643doz","MASTERTOOL","Рукавички безшовні трикотажні з поліуретановим покриттям сірі 10""12 пар MASTER TOOL 83-0643doz","02BB8148-EB5A-11EE-AF97-BC5FF4F4F2AA","0","275.78","ПРОДУКЦІЯ КОМПАНІЇ ""ULTRA SVET"" / ІНСТРУМЕНТ / MASTER TOOL / Засоби захисту / Рукавички / Рукавичка з поліуретановим покриттям","yes","yes","yes"
"69","30","83-0645doz","MASTERTOOL","Рукавички безшовні трикотажні з поліуретановим покриттям чорні 10""12 пар MASTER TOOL 83-0645doz","02BB814A-EB5A-11EE-AF97-BC5FF4F4F2AA","0","275.78","ПРОДУКЦІЯ КОМПАНІЇ ""ULTRA SVET"" / ІНСТРУМЕНТ / MASTER TOOL / Засоби захисту / Рукавички / Рукавичка з поліуретановим покриттям","yes","yes","yes"
"70","30","83-0641doz","MASTERTOOL","Рукавички безшовні трикотажні з поліуретановим покриттямі білі 10"" 12 пар MASTER TOOL 83-0641doz","D8F74195-EB59-11EE-AF97-BC5FF4F4F2AA","0","261.93","ПРОДУКЦІЯ КОМПАНІЇ ""ULTRA SVET"" / ІНСТРУМЕНТ / MASTER TOOL / Засоби захисту / Рукавички / Рукавичка з поліуретановим покриттям","yes","yes","yes"
"71","30","83-0400doz","MASTERTOOL","Рукавички трикотажні безшовні нітрилове покриття долоні біло/сірі 10""12 пар MASTER TOOL 83-0400doz","D8F7417F-EB59-11EE-AF97-BC5FF4F4F2AA","0","202.7","ПРОДУКЦІЯ КОМПАНІЇ ""ULTRA SVET"" / ІНСТРУМЕНТ / MASTER TOOL / Засоби захисту / Рукавички / Рукавички з нітриловим покриттям","yes","yes","yes"
"72","30","83-0408doz","MASTERTOOL","Рукавички трикотажні безшовні нітрилове покриття долоні сірі 10"" 12 пар MASTER TOOL 83-0408doz","D8F74187-EB59-11EE-AF97-BC5FF4F4F2AA","0","280.81","ПРОДУКЦІЯ КОМПАНІЇ ""ULTRA SVET"" / ІНСТРУМЕНТ / MASTER TOOL / Засоби захисту / Рукавички / Рукавички з нітриловим покриттям","yes","yes","yes"
"73","30","83-0402doz","MASTERTOOL","Рукавички трикотажні безшовні нітрилове покриття червоно/сірі 10"" 12 пар MASTER TOOL 83-0402doz","D8F74181-EB59-11EE-AF97-BC5FF4F4F2AA","0","291.02","ПРОДУКЦІЯ КОМПАНІЇ ""ULTRA SVET"" / ІНСТРУМЕНТ / MASTER TOOL / Засоби захисту / Рукавички / Рукавички з нітриловим покриттям","yes","yes","yes"
"74","30","83-0611doz","MASTERTOOL","Рукавички трикотажні безшовні повне ребристе латексне покриття зелені 10"" MASTER TOOL 83-0611doz","D8F74193-EB59-11EE-AF97-BC5FF4F4F2AA","0","385.47","ПРОДУКЦІЯ КОМПАНІЇ ""ULTRA SVET"" / ІНСТРУМЕНТ / MASTER TOOL / Засоби захисту / Рукавички / Рукавички з латексним покриттям","yes","yes","yes"
"75","30","83-0403doz","MASTERTOOL","Рукавички трикотажні безшовніі нітрилове покриття помаранч/сірі 10"" пар MASTER TOOL 83-0403doz","D8F74183-EB59-11EE-AF97-BC5FF4F4F2AA","0","380.5","ПРОДУКЦІЯ КОМПАНІЇ ""ULTRA SVET"" / ІНСТРУМЕНТ / MASTER TOOL / Засоби захисту / Рукавички / Рукавички з нітриловим покриттям","yes","yes","yes"
"76","30","FX-2110","WERTVOLL","Скоби загартовані R 53 10 мм/11.3*0.75мм, 1000 шт WERTVOLL FX-2110","65E45659-EB59-11EE-AF97-BC5FF4F4F2AA","0","18.55","ПРОДУКЦІЯ КОМПАНІЇ ""ULTRA SVET"" / ІНСТРУМЕНТ / MASTER TOOL / Кріпильний інструмент / Скоби / Скоби гартовані","yes","yes","yes"
"77","30","FX-2114","WERTVOLL","Скоби загартовані R 53 14 мм/11.3*0.75мм, 1000 шт WERTVOLL FX-2114","65E4565D-EB59-11EE-AF97-BC5FF4F4F2AA","0","23.46","ПРОДУКЦІЯ КОМПАНІЇ ""ULTRA SVET"" / ІНСТРУМЕНТ / MASTER TOOL / Кріпильний інструмент / Скоби / Скоби гартовані","yes","yes","yes"
"78","30","FX-2106","WERTVOLL","Скоби загартовані R 53 6 мм/11.3*0.75мм, 1000 шт WERTVOLL FX-2106","65E45655-EB59-11EE-AF97-BC5FF4F4F2AA","0","13.64","ПРОДУКЦІЯ КОМПАНІЇ ""ULTRA SVET"" / ІНСТРУМЕНТ / MASTER TOOL / Кріпильний інструмент / Скоби / Скоби гартовані","yes","yes","yes"
"79","30","FX-2108","WERTVOLL","Скоби загартовані R 53 8 мм/11.3*0.75мм, 1000 шт WERTVOLL FX-2108","65E45657-EB59-11EE-AF97-BC5FF4F4F2AA","0","16.23","ПРОДУКЦІЯ КОМПАНІЇ ""ULTRA SVET"" / ІНСТРУМЕНТ / MASTER TOOL / Кріпильний інструмент / Скоби / Скоби гартовані","yes","yes","yes"
"80","30","FX-2210","WERTVOLL","Скоби загартовані R140 10 мм/10.6*1.25мм, 1000 шт WERTVOLL FX-2210","65E45663-EB59-11EE-AF97-BC5FF4F4F2AA","0","42.67","ПРОДУКЦІЯ КОМПАНІЇ ""ULTRA SVET"" / ІНСТРУМЕНТ / MASTER TOOL / Кріпильний інструмент / Скоби / Скоби гартовані","yes","yes","yes"
"81","30","FX-2212","WERTVOLL","Скоби загартовані R140 12 мм/10.6*1.25мм, 1000 шт WERTVOLL FX-2212","65E45665-EB59-11EE-AF97-BC5FF4F4F2AA","0","46.81","ПРОДУКЦІЯ КОМПАНІЇ ""ULTRA SVET"" / ІНСТРУМЕНТ / MASTER TOOL / Кріпильний інструмент / Скоби / Скоби гартовані","yes","yes","yes"
"82","30","FX-2214","WERTVOLL","Скоби загартовані R140 14 мм/10.6*1.25мм, 1000 шт WERTVOLL FX-2214","65E45667-EB59-11EE-AF97-BC5FF4F4F2AA","0","50.95","ПРОДУКЦІЯ КОМПАНІЇ ""ULTRA SVET"" / ІНСТРУМЕНТ / MASTER TOOL / Кріпильний інструмент / Скоби / Скоби гартовані","yes","yes","yes"
"83","30","FX-2206","WERTVOLL","Скоби загартовані R140 6 мм/10.6*1.25мм, 1000 шт WERTVOLL FX-2206","65E4565F-EB59-11EE-AF97-BC5FF4F4F2AA","0","29.37","ПРОДУКЦІЯ КОМПАНІЇ ""ULTRA SVET"" / ІНСТРУМЕНТ / MASTER TOOL / Кріпильний інструмент / Скоби / Скоби гартовані","yes","yes","yes"
"84","30","FX-2208","WERTVOLL","Скоби загартовані R140 8 мм/10.6*1.25мм, 1000 шт WERTVOLL FX-2208","65E45661-EB59-11EE-AF97-BC5FF4F4F2AA","0","37.65","ПРОДУКЦІЯ КОМПАНІЇ ""ULTRA SVET"" / ІНСТРУМЕНТ / MASTER TOOL / Кріпильний інструмент / Скоби / Скоби гартовані","yes","yes","yes"
"85","30","FX-1109","WERTVOLL","Степлер молотковий скоба 6-14, 10,6*1,2 мм, корпус метал, пластикова ручка WERTVOLL FX-1109","4FE98DF3-2C12-11EC-9962-BC5FF4F4F2AA","0","815.2","ПРОДУКЦІЯ КОМПАНІЇ ""ULTRA SVET"" / ІНСТРУМЕНТ / MASTER TOOL / Кріпильний інструмент / Степлери","yes","yes","yes"
"86","30","FX-1101","WERTVOLL","Степлер пружинний для скоби 4-14 мм 11,3*0,7мм, корпус метал/хром WERTVOLL FX-1101","4FE98DE7-2C12-11EC-9962-BC5FF4F4F2AA","0","268.33","ПРОДУКЦІЯ КОМПАНІЇ ""ULTRA SVET"" / ІНСТРУМЕНТ / MASTER TOOL / Кріпильний інструмент / Степлери","yes","yes","yes"
"87","30","FX-1104","MASTERTOOL","Степлер ресорний 3-В-1, скоба 4-14 мм 11,3*0,7 мм, шпилька 14 мм, цвях 14 мм MASTER TOOL FX-1104","4FE98DED-2C12-11EC-9962-BC5FF4F4F2AA","0","523.08","ПРОДУКЦІЯ КОМПАНІЇ ""ULTRA SVET"" / ІНСТРУМЕНТ / MASTER TOOL / Кріпильний інструмент / Степлери","yes","yes","yes"
"88","30","FX-1106","WERTVOLL","Степлер ресорний 4-В-1 скоба 6-14, 11,3 * 0,7 мм, скоба 6-14, 10,6 * 0,7 мм WERTVOLL FX-1106","4FE98DF1-2C12-11EC-9962-BC5FF4F4F2AA","0","772.31","ПРОДУКЦІЯ КОМПАНІЇ ""ULTRA SVET"" / ІНСТРУМЕНТ / MASTER TOOL / Кріпильний інструмент / Степлери","yes","yes","yes"
"89","30","FX-1103","WERTVOLL","Степлер ресорний для скоби 4-14 мм 11,3*0,7мм, корпус метал, гумова ручка WERTVOLL FX-1103","4FE98DEB-2C12-11EC-9962-BC5FF4F4F2AA","0","350.58","ПРОДУКЦІЯ КОМПАНІЇ ""ULTRA SVET"" / ІНСТРУМЕНТ / MASTER TOOL / Кріпильний інструмент / Степлери","yes","yes","yes"
"90","30","FX-1102","WERTVOLL","Степлер ресорний для скоби 6-10 мм 11,3 * 0,7 мм, корпус метал, гумова ручка WERTVOLL FX-1102","4FE98DE9-2C12-11EC-9962-BC5FF4F4F2AA","0","294.06","ПРОДУКЦІЯ КОМПАНІЇ ""ULTRA SVET"" / ІНСТРУМЕНТ / MASTER TOOL / Кріпильний інструмент / Степлери","yes","yes","yes"
"91","30","FX-1105","WERTVOLL","Степлер тригерний ресорний 3-В-1, скоба 4-14 мм 11,3*0,7 мм, шпилька 14 мм WERTVOLL FX-1105","4FE98DEF-2C12-11EC-9962-BC5FF4F4F2AA","0","566.58","ПРОДУКЦІЯ КОМПАНІЇ ""ULTRA SVET"" / ІНСТРУМЕНТ / MASTER TOOL / Кріпильний інструмент / Степлери","yes","yes","yes"
"92","30","92-1062SET","MASTERTOOL","Шланг садовий для поливу ""MURAVA"" 3/4"" 25 м сірий MASTER TOOL 92-1062SET","9D524C20-D45B-11F0-B40F-BC5FF4F4F2AA","0","685.83","ПРОДУКЦІЯ КОМПАНІЇ ""ULTRA SVET"" / ІНСТРУМЕНТ / MASTER TOOL / Садовий інструмент / Полив / Шланги для поливу","yes","yes","yes"
"93","30","92-1077SET","MASTERTOOL","Шланг садовий для поливу ""TROPIC"" 3/4"" 20 м зелений MASTER TOOL 92-1077SET","9D524C22-D45B-11F0-B40F-BC5FF4F4F2AA","0","960.84","ПРОДУКЦІЯ КОМПАНІЇ ""ULTRA SVET"" / ІНСТРУМЕНТ / MASTER TOOL / Садовий інструмент / Полив / Шланги для поливу","yes","yes","yes"
"94","30","30-0908-B","MASTERTOOL","Штатив для лазерного рівня 0,45 - 1,20 м, різьблення 5/8"" MASTER TOOL 30-0908-B","C2CBA3F8-4B91-11ED-96F4-BC5FF4F4F2AA","0","334.79","ПРОДУКЦІЯ КОМПАНІЇ ""ULTRA SVET"" / ІНСТРУМЕНТ / MASTER TOOL / Вимірювальний інструмент / Рівні спеціальні","yes","yes","yes"
"95","30","81-0016SET","MASTERTOOL","Щиток захисний газонокосильника з наголовником з металевою сіткою MASTER TOOL 81-0016SET","9D524C12-D45B-11F0-B40F-BC5FF4F4F2AA","0","183.04","ПРОДУКЦІЯ КОМПАНІЇ ""ULTRA SVET"" / ІНСТРУМЕНТ / MASTER TOOL / Засоби захисту / Маски зварювальні, щитки / Щитки захисні","yes","yes","yes"
"96","29","92-5303-P","MASTERTOOL","Валик малярний Premium 48/180/11 мм d 8 мм з ручкою MASTER TOOL 92-5303-P","BA14D55F-9EEA-11EB-AE88-BC5FF4F4F2AA","0","57.85","ПРОДУКЦІЯ КОМПАНІЇ ""ULTRA SVET"" / ІНСТРУМЕНТ / MASTER TOOL / Будівельно-обробний інструмент / Валики / Валіки Premium","yes","yes","yes"
"97","29","92-5304-P","MASTERTOOL","Валик малярний Premium 48/250/11 мм d 8 мм с ручкой MASTER TOOL 92-5304-P","BA14D565-9EEA-11EB-AE88-BC5FF4F4F2AA","0","70.33","ПРОДУКЦІЯ КОМПАНІЇ ""ULTRA SVET"" / ІНСТРУМЕНТ / MASTER TOOL / Будівельно-обробний інструмент / Валики / Валіки Premium","yes","yes","yes"
"98","29","92-5803-P","MASTERTOOL","Валик малярський Elitacolor 48/180/11 мм d 8 мм з ручкою MASTER TOOL 92-5803-P","BA14D585-9EEA-11EB-AE88-BC5FF4F4F2AA","0","57.3","ПРОДУКЦІЯ КОМПАНІЇ ""ULTRA SVET"" / ІНСТРУМЕНТ / MASTER TOOL / Будівельно-обробний інструмент / Валики / Валіки Elitacolor","yes","yes","yes"
"99","29","92-5804-P","MASTERTOOL","Валик малярський Elitacolor 48/250/11 мм d 8 мм з ручкою MASTER TOOL 92-5804-P","BA14D589-9EEA-11EB-AE88-BC5FF4F4F2AA","0","69.5","ПРОДУКЦІЯ КОМПАНІЇ ""ULTRA SVET"" / ІНСТРУМЕНТ / MASTER TOOL / Будівельно-обробний інструмент / Валики / Валіки Elitacolor","yes","yes","yes"
"100","29","92-5203_P","MASTERTOOL","Валик малярський Girpaint 48/180/11 мм d 8 мм (змінний картридж) MASTER TOOL 92-5203_P","BA14D555-9EEA-11EB-AE88-BC5FF4F4F2AA","0","31.03","ПРОДУКЦІЯ КОМПАНІЇ ""ULTRA SVET"" / ІНСТРУМЕНТ / MASTER TOOL / Будівельно-обробний інструмент / Валики / Валіки Girpaint","yes","yes","yes"
"101","29","92-5203-P","MASTERTOOL","Валик малярський Girpaint 48/180/11 мм d 8 мм з ручкою MASTER TOOL 92-5203-P","BA14D557-9EEA-11EB-AE88-BC5FF4F4F2AA","0","55.09","ПРОДУКЦІЯ КОМПАНІЇ ""ULTRA SVET"" / ІНСТРУМЕНТ / MASTER TOOL / Будівельно-обробний інструмент / Валики / Валіки Girpaint","yes","yes","yes"
"102","29","92-5204-P","MASTERTOOL","Валик малярський Girpaint 48/250/11 мм d 8 мм з ручкою MASTER TOOL 92-5204-P","BA14D55B-9EEA-11EB-AE88-BC5FF4F4F2AA","0","66.74","ПРОДУКЦІЯ КОМПАНІЇ ""ULTRA SVET"" / ІНСТРУМЕНТ / MASTER TOOL / Будівельно-обробний інструмент / Валики / Валіки Girpaint","yes","yes","yes"
"103","29","92-5703-P","MASTERTOOL","Валик малярський Multicolor 48/180/11 мм d 8 мм з ручкою MASTER TOOL 92-5703-P","BA14D57D-9EEA-11EB-AE88-BC5FF4F4F2AA","0","56.47","ПРОДУКЦІЯ КОМПАНІЇ ""ULTRA SVET"" / ІНСТРУМЕНТ / MASTER TOOL / Будівельно-обробний інструмент / Валики / Валіки Multicolor","yes","yes","yes"
"104","29","92-5704-P","MASTERTOOL","Валик малярський Multicolor 48/250/11 мм d 8 мм з ручкою MASTER TOOL 92-5704-P","BA14D581-9EEA-11EB-AE88-BC5FF4F4F2AA","0","68.4","ПРОДУКЦІЯ КОМПАНІЇ ""ULTRA SVET"" / ІНСТРУМЕНТ / MASTER TOOL / Будівельно-обробний інструмент / Валики / Валіки Multicolor","yes","yes","yes"
"105","29","92-5103-P","MASTERTOOL","Валик малярський Sintex 48/180/18 мм 8 мм з ручкою MASTER TOOL 92-5103-P","BA14D545-9EEA-11EB-AE88-BC5FF4F4F2AA","0","57.85","ПРОДУКЦІЯ КОМПАНІЇ ""ULTRA SVET"" / ІНСТРУМЕНТ / MASTER TOOL / Будівельно-обробний інструмент / Валики / Валіки Sintex","yes","yes","yes"
"106","29","92-5104-P","MASTERTOOL","Валик малярський Sintex 48/250/18 мм 8 мм з ручкою MASTER TOOL 92-5104-P","BA14D549-9EEA-11EB-AE88-BC5FF4F4F2AA","0","71.16","ПРОДУКЦІЯ КОМПАНІЇ ""ULTRA SVET"" / ІНСТРУМЕНТ / MASTER TOOL / Будівельно-обробний інструмент / Валики / Валіки Sintex","yes","yes","yes"
"107","29","92-5105-P","MASTERTOOL","Валик малярський Sintex фасадний 58/180/18 мм 8 мм з ручкою MASTER TOOL 92-5105-P","BA14D54D-9EEA-11EB-AE88-BC5FF4F4F2AA","0","72.54","ПРОДУКЦІЯ КОМПАНІЇ ""ULTRA SVET"" / ІНСТРУМЕНТ / MASTER TOOL / Будівельно-обробний інструмент / Валики / Валіки Sintex","yes","yes","yes"
"108","29","92-5106-P","MASTERTOOL","Валик малярський Sintex фасадний 58/250/18 мм 8 мм з ручкою MASTER TOOL 92-5106-P","BA14D551-9EEA-11EB-AE88-BC5FF4F4F2AA","0","94.73","ПРОДУКЦІЯ КОМПАНІЇ ""ULTRA SVET"" / ІНСТРУМЕНТ / MASTER TOOL / Будівельно-обробний інструмент / Валики / Валіки Sintex","yes","yes","yes"
"109","29","92-5805-P","MASTERTOOL","Валик малярський Tetracolor фасадний 58/180/18 мм 8 мм з ручкою MASTER TOOL 92-5805-P","BA14D58D-9EEA-11EB-AE88-BC5FF4F4F2AA","0","75.02","ПРОДУКЦІЯ КОМПАНІЇ ""ULTRA SVET"" / ІНСТРУМЕНТ / MASTER TOOL / Будівельно-обробний інструмент / Валики / Валіки Tetracolor","yes","yes","yes"
"110","29","92-5806-P","MASTERTOOL","Валик малярський Tetracolor фасадний 58/250/18 мм 8 мм з ручкою MASTER TOOL 92-5806-P","BA14D591-9EEA-11EB-AE88-BC5FF4F4F2AA","0","96.11","ПРОДУКЦІЯ КОМПАНІЇ ""ULTRA SVET"" / ІНСТРУМЕНТ / MASTER TOOL / Будівельно-обробний інструмент / Валики / Валіки Tetracolor","yes","yes","yes"
"111","29","92-5603-P","MASTERTOOL","Валик малярський Velour 48/180/4 мм 8 мм з ручкою MASTER TOOL 92-5603-P","BA14D573-9EEA-11EB-AE88-BC5FF4F4F2AA","0","60.67","ПРОДУКЦІЯ КОМПАНІЇ ""ULTRA SVET"" / ІНСТРУМЕНТ / MASTER TOOL / Будівельно-обробний інструмент / Валики / Валіки Velour","yes","yes","yes"
"112","29","92-5604-P","MASTERTOOL","Валик малярський Velour 48/250/4 мм 8 мм з ручкою MASTER TOOL 92-5604-P","BA14D579-9EEA-11EB-AE88-BC5FF4F4F2AA","0","70.33","ПРОДУКЦІЯ КОМПАНІЇ ""ULTRA SVET"" / ІНСТРУМЕНТ / MASTER TOOL / Будівельно-обробний інструмент / Валики / Валіки Velour","yes","yes","yes"
"113","29","PN-2031","MASTERTOOL","Гайковерт пневматичний 1/2"", 160 об/хв, 115 л/хв, 6,3 Bar, 69 Нм, реверс, TPR WERTVOLL PN-2031","C47EFB46-EB59-11EE-AF97-BC5FF4F4F2AA","0","978.04","ПРОДУКЦІЯ КОМПАНІЇ ""ULTRA SVET"" / ІНСТРУМЕНТ / MASTER TOOL / Пневматичний інструмент / Роторний пневматичний інструмент","yes","yes","yes"
"114","29","PN-2032","MASTERTOOL","Гайковерт пневматичний 1/2"", 160 об/хв, 115 л/хв, 6,3 Bar, 69 Нм, реверс, TPR WERTVOLL PN-2032","C47EFB48-EB59-11EE-AF97-BC5FF4F4F2AA","0","1492.78","ПРОДУКЦІЯ КОМПАНІЇ ""ULTRA SVET"" / ІНСТРУМЕНТ / MASTER TOOL / Пневматичний інструмент / Роторний пневматичний інструмент","yes","yes","yes"
"115","29","PN-2011","MASTERTOOL","Гайковерт ударний пневматичний 1/2"", 7000 об/хв, 215 л/хв, 6,3 Bar, 340 Нм, реверс, WERTVOLL PN-2011","C47EFB40-EB59-11EE-AF97-BC5FF4F4F2AA","0","1544","ПРОДУКЦІЯ КОМПАНІЇ ""ULTRA SVET"" / ІНСТРУМЕНТ / MASTER TOOL / Пневматичний інструмент / Роторний пневматичний інструмент","yes","yes","yes"
"116","29","8-07-120PC","MASTERTOOL","Диск абразивний відрізний для алюмінію 125*1,0*22,2 мм GRANITE 8-07-120PC","4478542D-EB59-11EE-AF97-BC5FF4F4F2AA","0","65.64","ПРОДУКЦІЯ КОМПАНІЇ ""ULTRA SVET"" / ІНСТРУМЕНТ / MASTER TOOL / Витратні матеріали / Абразивні матеріали / Диски відрізні абразивні для металу GRANITE","yes","yes","yes"
"117","29","8-07-121PC","MASTERTOOL","Диск абразивний відрізний для алюмінію 125*1,6*22,2 мм 10шт GRANITE 8-07-121PC","4478542F-EB59-11EE-AF97-BC5FF4F4F2AA","0","131.27","ПРОДУКЦІЯ КОМПАНІЇ ""ULTRA SVET"" / ІНСТРУМЕНТ / MASTER TOOL / Витратні матеріали / Абразивні матеріали / Диски відрізні абразивні для металу GRANITE","yes","yes","yes"
"118","29","8-04-120PC","MASTERTOOL","Диск абразивний відрізний для металу 125*1,0*22,2 мм GRANITE 8-04-120PC","44785419-EB59-11EE-AF97-BC5FF4F4F2AA","0","90.53","ПРОДУКЦІЯ КОМПАНІЇ ""ULTRA SVET"" / ІНСТРУМЕНТ / MASTER TOOL / Витратні матеріали / Абразивні матеріали / Диски відрізні абразивні для металу GRANITE","yes","yes","yes"
"119","29","8-04-124PC","MASTERTOOL","Диск абразивний відрізний для металу 125*2,0*22,2 мм GRANITE 8-04-124PC","E89E102B-D442-11F0-B40F-BC5FF4F4F2AA","0","119.35","ПРОДУКЦІЯ КОМПАНІЇ ""ULTRA SVET"" / ІНСТРУМЕНТ / MASTER TOOL / Витратні матеріали / Абразивні матеріали / Диски відрізні абразивні для металу GRANITE","yes","yes","yes"
"120","29","8-04-151PC","MASTERTOOL","Диск абразивний відрізний для металу 150*1,6*22,2 мм GRANITE 8-04-151PC","4478541F-EB59-11EE-AF97-BC5FF4F4F2AA","0","196.35","ПРОДУКЦІЯ КОМПАНІЇ ""ULTRA SVET"" / ІНСТРУМЕНТ / MASTER TOOL / Витратні матеріали / Абразивні матеріали / Диски відрізні абразивні для металу GRANITE","yes","yes","yes"
"121","29","8-04-153PC","MASTERTOOL","Диск абразивний відрізний для металу 150*2,0*22,2 мм GRANITE 8-04-153PC","44785421-EB59-11EE-AF97-BC5FF4F4F2AA","0","199.94","ПРОДУКЦІЯ КОМПАНІЇ ""ULTRA SVET"" / ІНСТРУМЕНТ / MASTER TOOL / Витратні матеріали / Абразивні матеріали / Диски відрізні абразивні для металу GRANITE","yes","yes","yes"
"122","29","8-04-180PC","MASTERTOOL","Диск абразивний відрізний для металу 180*1,6*22,2 мм GRANITE 8-04-180PC","44785423-EB59-11EE-AF97-BC5FF4F4F2AA","0","226.21","ПРОДУКЦІЯ КОМПАНІЇ ""ULTRA SVET"" / ІНСТРУМЕНТ / MASTER TOOL / Витратні матеріали / Абразивні матеріали / Диски відрізні абразивні для металу GRANITE","yes","yes","yes"
"123","29","8-04-181PC","MASTERTOOL","Диск абразивний відрізний для металу 180*2,0*22,2 мм 10шт GRANITE 8-04-181PC","44785425-EB59-11EE-AF97-BC5FF4F4F2AA","0","276.06","ПРОДУКЦІЯ КОМПАНІЇ ""ULTRA SVET"" / ІНСТРУМЕНТ / MASTER TOOL / Витратні матеріали / Абразивні матеріали / Диски відрізні абразивні для металу GRANITE","yes","yes","yes"
"124","29","8-04-230PC","MASTERTOOL","Диск абразивний відрізний для металу 230*1,6*22,2 мм 10 шт GRANITE 8-04-230PC","44785427-EB59-11EE-AF97-BC5FF4F4F2AA","0","367.47","ПРОДУКЦІЯ КОМПАНІЇ ""ULTRA SVET"" / ІНСТРУМЕНТ / MASTER TOOL / Витратні матеріали / Абразивні матеріали / Диски відрізні абразивні для металу GRANITE","yes","yes","yes"
"125","29","8-04-231PC","MASTERTOOL","Диск абразивний відрізний для металу 230*2,0*22,2 мм 10 шт GRANITE 8-04-231PC","44785429-EB59-11EE-AF97-BC5FF4F4F2AA","0","364.71","ПРОДУКЦІЯ КОМПАНІЇ ""ULTRA SVET"" / ІНСТРУМЕНТ / MASTER TOOL / Витратні матеріали / Абразивні матеріали / Диски відрізні абразивні для металу GRANITE","yes","yes","yes"
"126","29","8-04-232PC","MASTERTOOL","Диск абразивний відрізний для металу 230*2,5*22,2 мм 5 шт GRANITE 8-04-232PC","4478542B-EB59-11EE-AF97-BC5FF4F4F2AA","0","196.9","ПРОДУКЦІЯ КОМПАНІЇ ""ULTRA SVET"" / ІНСТРУМЕНТ / MASTER TOOL / Витратні матеріали / Абразивні матеріали / Диски відрізні абразивні для металу GRANITE","yes","yes","yes"
"127","29","8-06-120PC","MASTERTOOL","Диск абразивний відрізний для металу та нержавіючої сталі 125*1,0*22,2 ммPROFI+30 GRANITE 8-06-120PC","44785433-EB59-11EE-AF97-BC5FF4F4F2AA","0","100.8","ПРОДУКЦІЯ КОМПАНІЇ ""ULTRA SVET"" / ІНСТРУМЕНТ / MASTER TOOL / Витратні матеріали / Абразивні матеріали / Диски відрізні абразивні для металу GRANITE +30","yes","yes","yes"
"128","29","8-04-123PC","MASTERTOOL","Диск абразивний відрізний для металу та нержавіючої сталі 125*1,2*22,2 мм GRANITE 8-04-123PC","4478541D-EB59-11EE-AF97-BC5FF4F4F2AA","0","94.73","ПРОДУКЦІЯ КОМПАНІЇ ""ULTRA SVET"" / ІНСТРУМЕНТ / MASTER TOOL / Витратні матеріали / Абразивні матеріали / Диски відрізні абразивні для металу GRANITE","yes","yes","yes"
"129","29","8-04-123-S","MASTERTOOL","Диск абразивний відрізний для металу та нержавіючої сталі 125*1,2*22,2 мм GRANITE ОБРАЗЕЦ 8-04-123-S","BB50E62C-6178-11EC-89C3-BC5FF4F4F2AA","0","48.19","ПРОДУКЦІЯ КОМПАНІЇ ""ULTRA SVET"" / ІНСТРУМЕНТ / MASTER TOOL / Витратні матеріали / Абразивні матеріали / Диски відрізні абразивні для металу GRANITE","yes","yes","yes"
"130","29","8-06-123PC","MASTERTOOL","Диск абразивний відрізний для металу та нержавіючої сталі 125*1,2*22,2 ммPROFI+30 GRANITE 8-06-123PC","44785437-EB59-11EE-AF97-BC5FF4F4F2AA","0","100.8","ПРОДУКЦІЯ КОМПАНІЇ ""ULTRA SVET"" / ІНСТРУМЕНТ / MASTER TOOL / Витратні матеріали / Абразивні матеріали / Диски відрізні абразивні для металу GRANITE +30","yes","yes","yes"
"131","29","8-04-121PC","MASTERTOOL","Диск абразивний відрізний для металу та нержавіючої сталі 125*1,6*22,2 мм GRANITE 8-04-121PC","4478541B-EB59-11EE-AF97-BC5FF4F4F2AA","0","106.87","ПРОДУКЦІЯ КОМПАНІЇ ""ULTRA SVET"" / ІНСТРУМЕНТ / MASTER TOOL / Витратні матеріали / Абразивні матеріали / Диски відрізні абразивні для металу GRANITE","yes","yes","yes"
"132","29","8-06-121PC","MASTERTOOL","Диск абразивний відрізний для металу та нержавіючої сталі 125*1,6*22,2 ммPROFI+30 GRANITE 8-06-121PC","44785435-EB59-11EE-AF97-BC5FF4F4F2AA","0","112.72","ПРОДУКЦІЯ КОМПАНІЇ ""ULTRA SVET"" / ІНСТРУМЕНТ / MASTER TOOL / Витратні матеріали / Абразивні матеріали / Диски відрізні абразивні для металу GRANITE +30","yes","yes","yes"
"133","29","8-06-124PC","MASTERTOOL","Диск абразивний відрізний для металу та нержавіючої сталі 125*2,0*22,2 ммPROFI+30 GRANITE 8-06-124PC","44785439-EB59-11EE-AF97-BC5FF4F4F2AA","0","138.72","ПРОДУКЦІЯ КОМПАНІЇ ""ULTRA SVET"" / ІНСТРУМЕНТ / MASTER TOOL / Витратні матеріали / Абразивні матеріали / Диски відрізні абразивні для металу GRANITE +30","yes","yes","yes"
"134","29","8-06-151PC","MASTERTOOL","Диск абразивний відрізний для металу та нержавіючої сталі 150*1,6*22,2 ммPROFI+30 GRANITE 8-06-151PC","4478543D-EB59-11EE-AF97-BC5FF4F4F2AA","0","199.94","ПРОДУКЦІЯ КОМПАНІЇ ""ULTRA SVET"" / ІНСТРУМЕНТ / MASTER TOOL / Витратні матеріали / Абразивні матеріали / Диски відрізні абразивні для металу GRANITE +30","yes","yes","yes"
"135","29","8-06-153PC","MASTERTOOL","Диск абразивний відрізний для металу та нержавіючої сталі 150*2,0*22,2 ммPROFI+30 GRANITE 8-06-153PC","4478543F-EB59-11EE-AF97-BC5FF4F4F2AA","0","225.94","ПРОДУКЦІЯ КОМПАНІЇ ""ULTRA SVET"" / ІНСТРУМЕНТ / MASTER TOOL / Витратні матеріали / Абразивні матеріали / Диски відрізні абразивні для металу GRANITE +30","yes","yes","yes"
"136","29","8-06-180PC","MASTERTOOL","Диск абразивний відрізний для металу та нержавіючої сталі 180*1,6*22,2 ммPROFI+30 GRANITE 8-06-180PC","44785441-EB59-11EE-AF97-BC5FF4F4F2AA","0","249.51","ПРОДУКЦІЯ КОМПАНІЇ ""ULTRA SVET"" / ІНСТРУМЕНТ / MASTER TOOL / Витратні матеріали / Абразивні матеріали / Диски відрізні абразивні для металу GRANITE +30","yes","yes","yes"
"137","29","8-06-181PC","MASTERTOOL","Диск абразивний відрізний для металу та нержавіючої сталі 180*2,0*22,2 ммPROFI+30 GRANITE 8-06-181PC","44785443-EB59-11EE-AF97-BC5FF4F4F2AA","0","281.36","ПРОДУКЦІЯ КОМПАНІЇ ""ULTRA SVET"" / ІНСТРУМЕНТ / MASTER TOOL / Витратні матеріали / Абразивні матеріали / Диски відрізні абразивні для металу GRANITE +30","yes","yes","yes"
"138","29","8-06-230PC","MASTERTOOL","Диск абразивний відрізний для металу та нержавіючої сталі 230*1,6*22,2 ммPROFI+30 GRANITE 8-06-230PC","44785445-EB59-11EE-AF97-BC5FF4F4F2AA","0","374.37","ПРОДУКЦІЯ КОМПАНІЇ ""ULTRA SVET"" / ІНСТРУМЕНТ / MASTER TOOL / Витратні матеріали / Абразивні матеріали / Диски відрізні абразивні для металу GRANITE +30","yes","yes","yes"
"139","29","8-06-231PC","MASTERTOOL","Диск абразивний відрізний для металу та нержавіючої сталі 230*2,0*22,2 ммPROFI+30 GRANITE 8-06-231PC","44785447-EB59-11EE-AF97-BC5FF4F4F2AA","0","374.37","ПРОДУКЦІЯ КОМПАНІЇ ""ULTRA SVET"" / ІНСТРУМЕНТ / MASTER TOOL / Витратні матеріали / Абразивні матеріали / Диски відрізні абразивні для металу GRANITE +30","yes","yes","yes"
"140","29","8-06-232PC","MASTERTOOL","Диск абразивний відрізний для металу та нержавіючої сталі 230*2,5*22,2 ммPROFI+30 GRANITE 8-06-232PC","44785449-EB59-11EE-AF97-BC5FF4F4F2AA","0","224.01","ПРОДУКЦІЯ КОМПАНІЇ ""ULTRA SVET"" / ІНСТРУМЕНТ / MASTER TOOL / Витратні матеріали / Абразивні матеріали / Диски відрізні абразивні для металу GRANITE +30","yes","yes","yes"
"141","29","8-06-118PC","MASTERTOOL","Диск абразивний відрізний для металу та нержавіючої сталі швидко125*0,8*22,2 ммPROFI+30 8-06-118PC","44785431-EB59-11EE-AF97-BC5FF4F4F2AA","0","100.8","ПРОДУКЦІЯ КОМПАНІЇ ""ULTRA SVET"" / ІНСТРУМЕНТ / MASTER TOOL / Витратні матеріали / Абразивні матеріали / Диски відрізні абразивні для металу GRANITE +30","yes","yes","yes"
"142","29","8-06-130PC","MASTERTOOL","Диск абразивний відрізний/зачистний для металу, нерж сталі 125*2,2*22,2 ммPROFI+30 GRANIT 8-06-130PC","4478543B-EB59-11EE-AF97-BC5FF4F4F2AA","0","84.18","ПРОДУКЦІЯ КОМПАНІЇ ""ULTRA SVET"" / ІНСТРУМЕНТ / MASTER TOOL / Витратні матеріали / Абразивні матеріали / Диски відрізні абразивні для металу GRANITE +30","yes","yes","yes"
"143","29","DM-4230","MASTERTOOL","Диск алмазний для армованого бетону TURBO HEAVY DUTY 230*2,5 мм 24%висота шару 10мм WERTVOLL DM-4230","44785417-EB59-11EE-AF97-BC5FF4F4F2AA","0","768.94","ПРОДУКЦІЯ КОМПАНІЇ ""ULTRA SVET"" / ІНСТРУМЕНТ / MASTER TOOL / Витратні матеріали / Абразивні матеріали / Диски відрізні алмазні WERTVOLL","yes","yes","yes"
"144","29","DM-0125","MASTERTOOL","Диск алмазний для кераміки UNIVERSAL CERAMICS 125*1 мм 24% висота алмаз шару 8 мм WERTVOLL DM-0125","4478540D-EB59-11EE-AF97-BC5FF4F4F2AA","0","285.5","ПРОДУКЦІЯ КОМПАНІЇ ""ULTRA SVET"" / ІНСТРУМЕНТ / MASTER TOOL / Витратні матеріали / Абразивні матеріали / Диски відрізні алмазні WERTVOLL","yes","yes","yes"
"145","29","DM-1125","MASTERTOOL","Диск алмазний для керамограніту UNIVERSAL X-FORCE 125*1,4 мм 24% висота шару 10 мм WERTVOLL DM-1125","4478540F-EB59-11EE-AF97-BC5FF4F4F2AA","0","212.41","ПРОДУКЦІЯ КОМПАНІЇ ""ULTRA SVET"" / ІНСТРУМЕНТ / MASTER TOOL / Витратні матеріали / Абразивні матеріали / Диски відрізні алмазні WERTVOLL","yes","yes","yes"
"146","29","DM-3125","MASTERTOOL","Диск алмазний TURBO CUT&POLISH 125*2,8 мм 24% висота алмаз шару 8/24 мм Ø 22,2 /М14 WERTVOLL DM-3125","44785415-EB59-11EE-AF97-BC5FF4F4F2AA","0","587.33","ПРОДУКЦІЯ КОМПАНІЇ ""ULTRA SVET"" / ІНСТРУМЕНТ / MASTER TOOL / Витратні матеріали / Абразивні матеріали / Диски відрізні алмазні WERTVOLL","yes","yes","yes"
"147","29","DM-2125","MASTERTOOL","Диск алмазний TURBO GRANITE 125*2,4 мм 24% висота алмаз шару 8 мм адаптер22,2-20 мм WERTVOLL DM-2125","44785411-EB59-11EE-AF97-BC5FF4F4F2AA","0","261.93","ПРОДУКЦІЯ КОМПАНІЇ ""ULTRA SVET"" / ІНСТРУМЕНТ / MASTER TOOL / Витратні матеріали / Абразивні матеріали / Диски відрізні алмазні WERTVOLL","yes","yes","yes"
"148","29","DM-2230","MASTERTOOL","Диск алмазний TURBO GRANITE 230*3 мм 24% висота алмаз шару 8 мм адаптер 22,2-20 мм WERTVOLL DM-2230","44785413-EB59-11EE-AF97-BC5FF4F4F2AA","0","628.84","ПРОДУКЦІЯ КОМПАНІЇ ""ULTRA SVET"" / ІНСТРУМЕНТ / MASTER TOOL / Витратні матеріали / Абразивні матеріали / Диски відрізні алмазні WERTVOLL","yes","yes","yes"
"149","29","08-3210PC","MASTERTOOL","Диск шліфувальний пелюстковий конусний Т29 зерно 100 125*22 мм 5 шт MASTER TOOL 08-3210PC","59E0BD35-EB59-11EE-AF97-BC5FF4F4F2AA","0","105.77","ПРОДУКЦІЯ КОМПАНІЇ ""ULTRA SVET"" / ІНСТРУМЕНТ / MASTER TOOL / Витратні матеріали / Абразивні матеріали / Диски шліфувальні пелюсткові / ДИСКИ ШЛИФОВАЛЬНЫЕ ЛЕПЕСТКОВЫЕ ПРОФИЛЬ Т29","yes","yes","yes"
"150","29","08-3212PC","MASTERTOOL","Диск шліфувальний пелюстковий конусний Т29 зерно 120 125*22 мм 5 шт MASTER TOOL 08-3212PC","59E0BD37-EB59-11EE-AF97-BC5FF4F4F2AA","0","105.77","ПРОДУКЦІЯ КОМПАНІЇ ""ULTRA SVET"" / ІНСТРУМЕНТ / MASTER TOOL / Витратні матеріали / Абразивні матеріали / Диски шліфувальні пелюсткові / ДИСКИ ШЛИФОВАЛЬНЫЕ ЛЕПЕСТКОВЫЕ ПРОФИЛЬ Т29","yes","yes","yes"
"151","29","08-3215PC","MASTERTOOL","Диск шліфувальний пелюстковий конусний Т29 зерно 150 125*22 мм 5 шт MASTER TOOL 08-3215PC","59E0BD39-EB59-11EE-AF97-BC5FF4F4F2AA","0","105.77","ПРОДУКЦІЯ КОМПАНІЇ ""ULTRA SVET"" / ІНСТРУМЕНТ / MASTER TOOL / Витратні матеріали / Абразивні матеріали / Диски шліфувальні пелюсткові / ДИСКИ ШЛИФОВАЛЬНЫЕ ЛЕПЕСТКОВЫЕ ПРОФИЛЬ Т29","yes","yes","yes"
"152","29","08-3203PC","MASTERTOOL","Диск шліфувальний пелюстковий конусний Т29 зерно 36 125*22 мм 5 шт MASTER TOOL 08-3203PC","59E0BD2F-EB59-11EE-AF97-BC5FF4F4F2AA","0","105.77","ПРОДУКЦІЯ КОМПАНІЇ ""ULTRA SVET"" / ІНСТРУМЕНТ / MASTER TOOL / Витратні матеріали / Абразивні матеріали / Диски шліфувальні пелюсткові / ДИСКИ ШЛИФОВАЛЬНЫЕ ЛЕПЕСТКОВЫЕ ПРОФИЛЬ Т29","yes","yes","yes"
"153","29","08-3206PC","MASTERTOOL","Диск шліфувальний пелюстковий конусний Т29 зерно 60 125*22 мм 5 шт MASTER TOOL 08-3206PC","59E0BD31-EB59-11EE-AF97-BC5FF4F4F2AA","0","105.77","ПРОДУКЦІЯ КОМПАНІЇ ""ULTRA SVET"" / ІНСТРУМЕНТ / MASTER TOOL / Витратні матеріали / Абразивні матеріали / Диски шліфувальні пелюсткові / ДИСКИ ШЛИФОВАЛЬНЫЕ ЛЕПЕСТКОВЫЕ ПРОФИЛЬ Т29","yes","yes","yes"
"154","29","08-3208PC","MASTERTOOL","Диск шліфувальний пелюстковий конусний Т29 зерно 80 125*22 мм 5 шт MASTER TOOL 08-3208PC","59E0BD33-EB59-11EE-AF97-BC5FF4F4F2AA","0","105.77","ПРОДУКЦІЯ КОМПАНІЇ ""ULTRA SVET"" / ІНСТРУМЕНТ / MASTER TOOL / Витратні матеріали / Абразивні матеріали / Диски шліфувальні пелюсткові / ДИСКИ ШЛИФОВАЛЬНЫЕ ЛЕПЕСТКОВЫЕ ПРОФИЛЬ Т29","yes","yes","yes"
"155","29","8-32-100PC","MASTERTOOL","Диск шліфувальний пелюстковий конусний ZIRCONIA Т29 зерно 100 125*22 мм 5 шт GRANITE 8-32-100PC","59E0BD41-EB59-11EE-AF97-BC5FF4F4F2AA","0","152.85","ПРОДУКЦІЯ КОМПАНІЇ ""ULTRA SVET"" / ІНСТРУМЕНТ / MASTER TOOL / Витратні матеріали / Абразивні матеріали / Диски шліфувальні пелюсткові / ДИСКИ ШЛИФОВАЛЬНЫЕ ЛЕПЕСТКОВЫЕ ZIRCONIA ПРОФИЛЬ Т29","yes","yes","yes"
"156","29","8-32-120PC","MASTERTOOL","Диск шліфувальний пелюстковий конусний ZIRCONIA Т29 зерно 120 125*22 мм 5 шт GRANITE 8-32-120PC","59E0BD43-EB59-11EE-AF97-BC5FF4F4F2AA","0","152.85","ПРОДУКЦІЯ КОМПАНІЇ ""ULTRA SVET"" / ІНСТРУМЕНТ / MASTER TOOL / Витратні матеріали / Абразивні матеріали / Диски шліфувальні пелюсткові / ДИСКИ ШЛИФОВАЛЬНЫЕ ЛЕПЕСТКОВЫЕ ZIRCONIA ПРОФИЛЬ Т29","yes","yes","yes"
"157","29","8-32-150PC","MASTERTOOL","Диск шліфувальний пелюстковий конусний ZIRCONIA Т29 зерно 150 125*22 мм 5 шт GRANITE 8-32-150PC","59E0BD45-EB59-11EE-AF97-BC5FF4F4F2AA","0","152.85","ПРОДУКЦІЯ КОМПАНІЇ ""ULTRA SVET"" / ІНСТРУМЕНТ / MASTER TOOL / Витратні матеріали / Абразивні матеріали / Диски шліфувальні пелюсткові / ДИСКИ ШЛИФОВАЛЬНЫЕ ЛЕПЕСТКОВЫЕ ZIRCONIA ПРОФИЛЬ Т29","yes","yes","yes"
"158","29","8-32-036PC","MASTERTOOL","Диск шліфувальний пелюстковий конусний ZIRCONIA Т29 зерно 36 125*22 мм 5 шт GRANITE 8-32-036PC","59E0BD3B-EB59-11EE-AF97-BC5FF4F4F2AA","0","152.85","ПРОДУКЦІЯ КОМПАНІЇ ""ULTRA SVET"" / ІНСТРУМЕНТ / MASTER TOOL / Витратні матеріали / Абразивні матеріали / Диски шліфувальні пелюсткові / ДИСКИ ШЛИФОВАЛЬНЫЕ ЛЕПЕСТКОВЫЕ ZIRCONIA ПРОФИЛЬ Т29","yes","yes","yes"
"159","29","8-32-060PC","MASTERTOOL","Диск шліфувальний пелюстковий конусний ZIRCONIA Т29 зерно 60 125*22 мм 5 шт GRANITE 8-32-060PC","59E0BD3D-EB59-11EE-AF97-BC5FF4F4F2AA","0","152.85","ПРОДУКЦІЯ КОМПАНІЇ ""ULTRA SVET"" / ІНСТРУМЕНТ / MASTER TOOL / Витратні матеріали / Абразивні матеріали / Диски шліфувальні пелюсткові / ДИСКИ ШЛИФОВАЛЬНЫЕ ЛЕПЕСТКОВЫЕ ZIRCONIA ПРОФИЛЬ Т29","yes","yes","yes"
"160","29","8-32-080PC","MASTERTOOL","Диск шліфувальний пелюстковий конусний ZIRCONIA Т29 зерно 80 125*22 мм 5 шт GRANITE 8-32-080PC","59E0BD3F-EB59-11EE-AF97-BC5FF4F4F2AA","0","152.85","ПРОДУКЦІЯ КОМПАНІЇ ""ULTRA SVET"" / ІНСТРУМЕНТ / MASTER TOOL / Витратні матеріали / Абразивні матеріали / Диски шліфувальні пелюсткові / ДИСКИ ШЛИФОВАЛЬНЫЕ ЛЕПЕСТКОВЫЕ ZIRCONIA ПРОФИЛЬ Т29","yes","yes","yes"
"161","29","08-2210PC","MASTERTOOL","Диск шліфувальний пелюстковий Т27 зерно 100 125*22 мм 5 шт MASTER TOOL 08-2210PC","59E0BD2B-EB59-11EE-AF97-BC5FF4F4F2AA","0","99.97","ПРОДУКЦІЯ КОМПАНІЇ ""ULTRA SVET"" / ІНСТРУМЕНТ / MASTER TOOL / Витратні матеріали / Абразивні матеріали / Диски шліфувальні пелюсткові / ДИСКИ ШЛИФОВАЛЬНЫЕ ЛЕПЕСТКОВЫЕ ПРОФИЛЬ Т27","yes","yes","yes"
"162","29","08-2212PC","MASTERTOOL","Диск шліфувальний пелюстковий Т27 зерно 120 125*22 мм 5 шт MASTER TOOL 08-2212PC","59E0BD2D-EB59-11EE-AF97-BC5FF4F4F2AA","0","99.97","ПРОДУКЦІЯ КОМПАНІЇ ""ULTRA SVET"" / ІНСТРУМЕНТ / MASTER TOOL / Витратні матеріали / Абразивні матеріали / Диски шліфувальні пелюсткові / ДИСКИ ШЛИФОВАЛЬНЫЕ ЛЕПЕСТКОВЫЕ ПРОФИЛЬ Т27","yes","yes","yes"
"163","29","08-2203PC","MASTERTOOL","Диск шліфувальний пелюстковий Т27 зерно 36 125×22 мм 5 шт MASTER TOOL 08-2203PC","C51E1D92-D45A-11F0-B40F-BC5FF4F4F2AA","0","99.97","ПРОДУКЦІЯ КОМПАНІЇ ""ULTRA SVET"" / ІНСТРУМЕНТ / MASTER TOOL / Витратні матеріали / Абразивні матеріали / Диски шліфувальні пелюсткові / ДИСКИ ШЛИФОВАЛЬНЫЕ ЛЕПЕСТКОВЫЕ ПРОФИЛЬ Т27","yes","yes","yes"
"164","29","08-2204PC","MASTERTOOL","Диск шліфувальний пелюстковий Т27 зерно 40 125×22 мм 5 шт MASTER TOOL 08-2204PC","C51E1D94-D45A-11F0-B40F-BC5FF4F4F2AA","0","99.97","ПРОДУКЦІЯ КОМПАНІЇ ""ULTRA SVET"" / ІНСТРУМЕНТ / MASTER TOOL / Витратні матеріали / Абразивні матеріали / Диски шліфувальні пелюсткові / ДИСКИ ШЛИФОВАЛЬНЫЕ ЛЕПЕСТКОВЫЕ ПРОФИЛЬ Т27","yes","yes","yes"
"165","29","08-2206PC","MASTERTOOL","Диск шліфувальний пелюстковий Т27 зерно 60 125*22 мм 5 шт MASTER TOOL 08-2206PC","59E0BD27-EB59-11EE-AF97-BC5FF4F4F2AA","0","99.97","ПРОДУКЦІЯ КОМПАНІЇ ""ULTRA SVET"" / ІНСТРУМЕНТ / MASTER TOOL / Витратні матеріали / Абразивні матеріали / Диски шліфувальні пелюсткові / ДИСКИ ШЛИФОВАЛЬНЫЕ ЛЕПЕСТКОВЫЕ ПРОФИЛЬ Т27","yes","yes","yes"
"166","29","08-2208PC","MASTERTOOL","Диск шліфувальний пелюстковий Т27 зерно 80 125*22 мм 5 шт MASTER TOOL 08-2208PC","59E0BD29-EB59-11EE-AF97-BC5FF4F4F2AA","0","99.97","ПРОДУКЦІЯ КОМПАНІЇ ""ULTRA SVET"" / ІНСТРУМЕНТ / MASTER TOOL / Витратні матеріали / Абразивні матеріали / Диски шліфувальні пелюсткові / ДИСКИ ШЛИФОВАЛЬНЫЕ ЛЕПЕСТКОВЫЕ ПРОФИЛЬ Т27","yes","yes","yes"
"167","29","PN-2051","MASTERTOOL","Зубило пневматичне 4500 уд/хв, 145 л/хв, 6,3 Bar, 4 дж, набір насадок 150 мм WERTVOLL PN-2051","C47EFB4C-EB59-11EE-AF97-BC5FF4F4F2AA","0","617.8","ПРОДУКЦІЯ КОМПАНІЇ ""ULTRA SVET"" / ІНСТРУМЕНТ / MASTER TOOL / Пневматичний інструмент / Роторний пневматичний інструмент","yes","yes","yes"
"168","29","IV-I-440V-53-62","MASTERTOOL","Каска захисна KAF-PEV IV-I-440V-53-62 II-EN 397 помаранчева MASTER TOOL 81-1008","0ACDF23C-EB5A-11EE-AF97-BC5FF4F4F2AA","0","129.06","ПРОДУКЦІЯ КОМПАНІЇ ""ULTRA SVET"" / ІНСТРУМЕНТ / MASTER TOOL / Засоби захисту / Головні убори","yes","yes","yes"
"169","29","IV-I-440V-53-61","MASTERTOOL","Каска захисна VELPE IV-I-440V-53-61 II-EN 397 біла MASTER TOOL 81-1004","0ACDF23A-EB5A-11EE-AF97-BC5FF4F4F2AA","0","108.53","ПРОДУКЦІЯ КОМПАНІЇ ""ULTRA SVET"" / ІНСТРУМЕНТ / MASTER TOOL / Засоби захисту / Головні убори","yes","yes","yes"
"170","29","30-0904-B","MASTERTOOL","Кейс для лазерного рівня 30-0904, 50*29*10 см MASTER TOOL 30-0904-B","BA14D43F-9EEA-11EB-AE88-BC5FF4F4F2AA","0","95.83","ПРОДУКЦІЯ КОМПАНІЇ ""ULTRA SVET"" / ІНСТРУМЕНТ / MASTER TOOL / Вимірювальний інструмент / Рівні спеціальні","yes","yes","yes"
"171","29","30-0906-B","MASTERTOOL","Кейс для лазерного рівня 30-0906, 53*33*11 см MASTER TOOL 30-0906-B","BA14D441-9EEA-11EB-AE88-BC5FF4F4F2AA","0","103.01","ПРОДУКЦІЯ КОМПАНІЇ ""ULTRA SVET"" / ІНСТРУМЕНТ / MASTER TOOL / Вимірювальний інструмент / Рівні спеціальні","yes","yes","yes"
"172","29","30-0907-B","MASTERTOOL","Кейс для лазерного рівня 30-0907, 50*27*14 см MASTER TOOL 30-0907-B","BA14D443-9EEA-11EB-AE88-BC5FF4F4F2AA","0","95.83","ПРОДУКЦІЯ КОМПАНІЇ ""ULTRA SVET"" / ІНСТРУМЕНТ / MASTER TOOL / Вимірювальний інструмент / Рівні спеціальні","yes","yes","yes"
"173","29","L40-170","MASTERTOOL","Ключ шестигранний CrV 10,0мм L40-170мм, 10шт MASTER TOOL 75-0010","B3B06238-9EEA-11EB-AE88-BC5FF4F4F2AA","0","314.59","ПРОДУКЦІЯ КОМПАНІЇ ""ULTRA SVET"" / ІНСТРУМЕНТ / MASTER TOOL / Столярно-слюсарний інструмент / Ключі шестиграні, TORX / Ключі шестигранні штучні","yes","yes","yes"
"174","29","L44-195","MASTERTOOL","Ключ шестигранний CrV 12,0мм L44-195мм, 6шт MASTER TOOL 75-0012","B3B0623A-9EEA-11EB-AE88-BC5FF4F4F2AA","0","297.97","ПРОДУКЦІЯ КОМПАНІЇ ""ULTRA SVET"" / ІНСТРУМЕНТ / MASTER TOOL / Столярно-слюсарний інструмент / Ключі шестиграні, TORX / Ключі шестигранні штучні","yes","yes","yes"
"175","29","L46-223","MASTERTOOL","Ключ шестигранний CrV 13,0мм L46-223мм, 4шт MASTER TOOL 75-0013","B3B0623C-9EEA-11EB-AE88-BC5FF4F4F2AA","0","251.16","ПРОДУКЦІЯ КОМПАНІЇ ""ULTRA SVET"" / ІНСТРУМЕНТ / MASTER TOOL / Столярно-слюсарний інструмент / Ключі шестиграні, TORX / Ключі шестигранні штучні","yes","yes","yes"
"176","29","L75-246","MASTERTOOL","Ключ шестигранний CrV 14,0мм L75-246мм, 4шт MASTER TOOL 75-0014","B3B0623E-9EEA-11EB-AE88-BC5FF4F4F2AA","0","301.01","ПРОДУКЦІЯ КОМПАНІЇ ""ULTRA SVET"" / ІНСТРУМЕНТ / MASTER TOOL / Столярно-слюсарний інструмент / Ключі шестиграні, TORX / Ключі шестигранні штучні","yes","yes","yes"
"177","29","L75-246","MASTERTOOL","Ключ шестигранний CrV 16,0мм L75-246мм, 4шт MASTER TOOL 75-0016","B3B06240-9EEA-11EB-AE88-BC5FF4F4F2AA","0","404.57","ПРОДУКЦІЯ КОМПАНІЇ ""ULTRA SVET"" / ІНСТРУМЕНТ / MASTER TOOL / Столярно-слюсарний інструмент / Ключі шестиграні, TORX / Ключі шестигранні штучні","yes","yes","yes"
"178","29","L75-246","MASTERTOOL","Ключ шестигранний CrV 17,0мм L75-246мм, 4шт MASTER TOOL 75-0017","B3B06242-9EEA-11EB-AE88-BC5FF4F4F2AA","0","504.53","ПРОДУКЦІЯ КОМПАНІЇ ""ULTRA SVET"" / ІНСТРУМЕНТ / MASTER TOOL / Столярно-слюсарний інструмент / Ключі шестиграні, TORX / Ключі шестигранні штучні","yes","yes","yes"
"179","29","L86-300","MASTERTOOL","Ключ шестигранний CrV 19,0мм L86-300мм, 2шт MASTER TOOL 75-0019","B3B06244-9EEA-11EB-AE88-BC5FF4F4F2AA","0","378.51","ПРОДУКЦІЯ КОМПАНІЇ ""ULTRA SVET"" / ІНСТРУМЕНТ / MASTER TOOL / Столярно-слюсарний інструмент / Ключі шестиграні, TORX / Ключі шестигранні штучні","yes","yes","yes"
"180","29","L20-59","MASTERTOOL","Ключ шестигранний CrV 2,5мм L20-59мм, 10шт MASTER TOOL 75-0002","B3B0622A-9EEA-11EB-AE88-BC5FF4F4F2AA","0","35.17","ПРОДУКЦІЯ КОМПАНІЇ ""ULTRA SVET"" / ІНСТРУМЕНТ / MASTER TOOL / Столярно-слюсарний інструмент / Ключі шестиграні, TORX / Ключі шестигранні штучні","yes","yes","yes"
"181","29","L20-98","MASTERTOOL","Ключ шестигранний CrV 3,0мм L20-98мм, 10шт MASTER TOOL 75-0003","B3B0622C-9EEA-11EB-AE88-BC5FF4F4F2AA","0","47.37","ПРОДУКЦІЯ КОМПАНІЇ ""ULTRA SVET"" / ІНСТРУМЕНТ / MASTER TOOL / Столярно-слюсарний інструмент / Ключі шестиграні, TORX / Ключі шестигранні штучні","yes","yes","yes"
"182","29","L25-109","MASTERTOOL","Ключ шестигранний CrV 4,0мм L25-109мм, 10шт MASTER TOOL 75-0004","B3B0622E-9EEA-11EB-AE88-BC5FF4F4F2AA","0","75.3","ПРОДУКЦІЯ КОМПАНІЇ ""ULTRA SVET"" / ІНСТРУМЕНТ / MASTER TOOL / Столярно-слюсарний інструмент / Ключі шестиграні, TORX / Ключі шестигранні штучні","yes","yes","yes"
"183","29","L28-120","MASTERTOOL","Ключ шестигранний CrV 5,0мм L28-120мм, 10шт MASTER TOOL 75-0005","B3B06230-9EEA-11EB-AE88-BC5FF4F4F2AA","0","84.18","ПРОДУКЦІЯ КОМПАНІЇ ""ULTRA SVET"" / ІНСТРУМЕНТ / MASTER TOOL / Столярно-слюсарний інструмент / Ключі шестиграні, TORX / Ключі шестигранні штучні","yes","yes","yes"
"184","29","L32-134","MASTERTOOL","Ключ шестигранний CrV 6,0мм L32-134мм, 10шт MASTER TOOL 75-0006","B3B06232-9EEA-11EB-AE88-BC5FF4F4F2AA","0","124.32","ПРОДУКЦІЯ КОМПАНІЇ ""ULTRA SVET"" / ІНСТРУМЕНТ / MASTER TOOL / Столярно-слюсарний інструмент / Ключі шестиграні, TORX / Ключі шестигранні штучні","yes","yes","yes"
"185","29","L36-142","MASTERTOOL","Ключ шестигранний CrV 7,0мм L36-142мм, 10шт MASTER TOOL 75-0007","B3B06234-9EEA-11EB-AE88-BC5FF4F4F2AA","0","175.54","ПРОДУКЦІЯ КОМПАНІЇ ""ULTRA SVET"" / ІНСТРУМЕНТ / MASTER TOOL / Столярно-слюсарний інструмент / Ключі шестиграні, TORX / Ключі шестигранні штучні","yes","yes","yes"
"186","29","L36-149","MASTERTOOL","Ключ шестигранний CrV 8,0мм L36-149мм, 10шт MASTER TOOL 75-0008","B3B06236-9EEA-11EB-AE88-BC5FF4F4F2AA","0","229.58","ПРОДУКЦІЯ КОМПАНІЇ ""ULTRA SVET"" / ІНСТРУМЕНТ / MASTER TOOL / Столярно-слюсарний інструмент / Ключі шестиграні, TORX / Ключі шестигранні штучні","yes","yes","yes"
"187","29","08-2506-H","MASTERTOOL","Коло шліфувальне на липучці з 8 отворами 125 мм зерно 60, 5шт MASTER TOOL 08-2506-H","CD5D4DCB-3815-11EC-B64C-BC5FF4F4F2AA","0","16.9","ПРОДУКЦІЯ КОМПАНІЇ ""ULTRA SVET"" / ІНСТРУМЕНТ / MASTER TOOL / Витратні матеріали / Абразивні матеріали / Круги шліфувальні абразивні на липучці / Круги шліфувальні абразивні на липучці набори","yes","yes","yes"
"188","29","08-2508-H","MASTERTOOL","Коло шліфувальне на липучці з 8 отворами 125 мм зерно 80, 5шт MASTER TOOL 08-2508-H","CD5D4DCD-3815-11EC-B64C-BC5FF4F4F2AA","0","16.9","ПРОДУКЦІЯ КОМПАНІЇ ""ULTRA SVET"" / ІНСТРУМЕНТ / MASTER TOOL / Витратні матеріали / Абразивні матеріали / Круги шліфувальні абразивні на липучці / Круги шліфувальні абразивні на липучці набори","yes","yes","yes"
"189","29","08-3010PC","MASTERTOOL","Круг шліфувальний на липучці 125 мм зерно 100 SHOWBOX 100 шт MASTER TOOL 08-3010PC","59E0BD13-EB59-11EE-AF97-BC5FF4F4F2AA","0","188.95","ПРОДУКЦІЯ КОМПАНІЇ ""ULTRA SVET"" / ІНСТРУМЕНТ / MASTER TOOL / Витратні матеріали / Абразивні матеріали / Круги шліфувальні абразивні на липучці / Круги шліфувальні абразивні на липучці SHOWBOX","yes","yes","yes"
"190","29","08-3012PC","MASTERTOOL","Круг шліфувальний на липучці 125 мм зерно 120 SHOWBOX 100 шт MASTER TOOL 08-3012PC","59E0BD15-EB59-11EE-AF97-BC5FF4F4F2AA","0","188.95","ПРОДУКЦІЯ КОМПАНІЇ ""ULTRA SVET"" / ІНСТРУМЕНТ / MASTER TOOL / Витратні матеріали / Абразивні матеріали / Круги шліфувальні абразивні на липучці / Круги шліфувальні абразивні на липучці SHOWBOX","yes","yes","yes"
"191","29","08-3015PC","MASTERTOOL","Круг шліфувальний на липучці 125 мм зерно 150 SHOWBOX 100 шт MASTER TOOL 08-3015PC","59E0BD17-EB59-11EE-AF97-BC5FF4F4F2AA","0","188.95","ПРОДУКЦІЯ КОМПАНІЇ ""ULTRA SVET"" / ІНСТРУМЕНТ / MASTER TOOL / Витратні матеріали / Абразивні матеріали / Круги шліфувальні абразивні на липучці / Круги шліфувальні абразивні на липучці SHOWBOX","yes","yes","yes"
"192","29","08-3018PC","MASTERTOOL","Круг шліфувальний на липучці 125 мм зерно 180 SHOWBOX 100 шт MASTER TOOL 08-3018PC","59E0BD19-EB59-11EE-AF97-BC5FF4F4F2AA","0","188.95","ПРОДУКЦІЯ КОМПАНІЇ ""ULTRA SVET"" / ІНСТРУМЕНТ / MASTER TOOL / Витратні матеріали / Абразивні матеріали / Круги шліфувальні абразивні на липучці / Круги шліфувальні абразивні на липучці SHOWBOX","yes","yes","yes"
"193","29","08-3022PC","MASTERTOOL","Круг шліфувальний на липучці 125 мм зерно 220 SHOWBOX 100 шт MASTER TOOL 08-3022PC","59E0BD1B-EB59-11EE-AF97-BC5FF4F4F2AA","0","188.95","ПРОДУКЦІЯ КОМПАНІЇ ""ULTRA SVET"" / ІНСТРУМЕНТ / MASTER TOOL / Витратні матеріали / Абразивні матеріали / Круги шліфувальні абразивні на липучці / Круги шліфувальні абразивні на липучці SHOWBOX","yes","yes","yes"
"194","29","08-3024PC","MASTERTOOL","Круг шліфувальний на липучці 125 мм зерно 240 SHOWBOX 100 шт MASTER TOOL 08-3024PC","59E0BD1D-EB59-11EE-AF97-BC5FF4F4F2AA","0","188.95","ПРОДУКЦІЯ КОМПАНІЇ ""ULTRA SVET"" / ІНСТРУМЕНТ / MASTER TOOL / Витратні матеріали / Абразивні матеріали / Круги шліфувальні абразивні на липучці / Круги шліфувальні абразивні на липучці SHOWBOX","yes","yes","yes"
"195","29","08-3032PC","MASTERTOOL","Круг шліфувальний на липучці 125 мм зерно 320 SHOWBOX 100 шт MASTER TOOL 08-3032PC","59E0BD1F-EB59-11EE-AF97-BC5FF4F4F2AA","0","188.95","ПРОДУКЦІЯ КОМПАНІЇ ""ULTRA SVET"" / ІНСТРУМЕНТ / MASTER TOOL / Витратні матеріали / Абразивні матеріали / Круги шліфувальні абразивні на липучці / Круги шліфувальні абразивні на липучці SHOWBOX","yes","yes","yes"
"196","29","08-3003PC","MASTERTOOL","Круг шліфувальний на липучці 125 мм зерно 36 SHOWBOX 100 шт MASTER TOOL 08-3003PC","4478544B-EB59-11EE-AF97-BC5FF4F4F2AA","0","188.95","ПРОДУКЦІЯ КОМПАНІЇ ""ULTRA SVET"" / ІНСТРУМЕНТ / MASTER TOOL / Витратні матеріали / Абразивні матеріали / Круги шліфувальні абразивні на липучці / Круги шліфувальні абразивні на липучці SHOWBOX","yes","yes","yes"
"197","29","08-3036PC","MASTERTOOL","Круг шліфувальний на липучці 125 мм зерно 360 SHOWBOX 100 шт MASTER TOOL 08-3036PC","59E0BD21-EB59-11EE-AF97-BC5FF4F4F2AA","0","188.95","ПРОДУКЦІЯ КОМПАНІЇ ""ULTRA SVET"" / ІНСТРУМЕНТ / MASTER TOOL / Витратні матеріали / Абразивні матеріали / Круги шліфувальні абразивні на липучці / Круги шліфувальні абразивні на липучці SHOWBOX","yes","yes","yes"
"198","29","08-3004PC","MASTERTOOL","Круг шліфувальний на липучці 125 мм зерно 40 SHOWBOX 100 шт MASTER TOOL 08-3004PC","59E0BD0D-EB59-11EE-AF97-BC5FF4F4F2AA","0","188.95","ПРОДУКЦІЯ КОМПАНІЇ ""ULTRA SVET"" / ІНСТРУМЕНТ / MASTER TOOL / Витратні матеріали / Абразивні матеріали / Круги шліфувальні абразивні на липучці / Круги шліфувальні абразивні на липучці SHOWBOX","yes","yes","yes"
"199","29","08-3040PC","MASTERTOOL","Круг шліфувальний на липучці 125 мм зерно 400 SHOWBOX 100 шт MASTER TOOL 08-3040PC","59E0BD23-EB59-11EE-AF97-BC5FF4F4F2AA","0","188.95","ПРОДУКЦІЯ КОМПАНІЇ ""ULTRA SVET"" / ІНСТРУМЕНТ / MASTER TOOL / Витратні матеріали / Абразивні матеріали / Круги шліфувальні абразивні на липучці / Круги шліфувальні абразивні на липучці SHOWBOX","yes","yes","yes"
"200","29","08-3006PC","MASTERTOOL","Круг шліфувальний на липучці 125 мм зерно 60 SHOWBOX 100 шт MASTER TOOL 08-3006PC","59E0BD0F-EB59-11EE-AF97-BC5FF4F4F2AA","0","188.95","ПРОДУКЦІЯ КОМПАНІЇ ""ULTRA SVET"" / ІНСТРУМЕНТ / MASTER TOOL / Витратні матеріали / Абразивні матеріали / Круги шліфувальні абразивні на липучці / Круги шліфувальні абразивні на липучці SHOWBOX","yes","yes","yes"
"201","29","08-3060PC","MASTERTOOL","Круг шліфувальний на липучці 125 мм зерно 600 SHOWBOX 100 шт MASTER TOOL 08-3060PC","59E0BD25-EB59-11EE-AF97-BC5FF4F4F2AA","0","188.95","ПРОДУКЦІЯ КОМПАНІЇ ""ULTRA SVET"" / ІНСТРУМЕНТ / MASTER TOOL / Витратні матеріали / Абразивні матеріали / Круги шліфувальні абразивні на липучці / Круги шліфувальні абразивні на липучці SHOWBOX","yes","yes","yes"
"202","29","08-3008PC","MASTERTOOL","Круг шліфувальний на липучці 125 мм зерно 80 SHOWBOX 100 шт MASTER TOOL 08-3008PC","59E0BD11-EB59-11EE-AF97-BC5FF4F4F2AA","0","188.95","ПРОДУКЦІЯ КОМПАНІЇ ""ULTRA SVET"" / ІНСТРУМЕНТ / MASTER TOOL / Витратні матеріали / Абразивні матеріали / Круги шліфувальні абразивні на липучці / Круги шліфувальні абразивні на липучці SHOWBOX","yes","yes","yes"
"203","29","08-2518-H","MASTERTOOL","Круг шліфувальний на липучці 125 мм/8 отв P 180, набір 5 шт MASTER TOOL 08-2518-H","E89E1041-D442-11F0-B40F-BC5FF4F4F2AA","0","16.9","ПРОДУКЦІЯ КОМПАНІЇ ""ULTRA SVET"" / ІНСТРУМЕНТ / MASTER TOOL / Витратні матеріали / Абразивні матеріали / Круги шліфувальні абразивні на липучці / Круги шліфувальні абразивні на липучці набори","yes","yes","yes"
"204","29","08-2524-H","MASTERTOOL","Круг шліфувальний на липучці 125 мм/8 отв P 240, набір 5 шт MASTER TOOL 08-2524-H","E89E1043-D442-11F0-B40F-BC5FF4F4F2AA","0","16.9","ПРОДУКЦІЯ КОМПАНІЇ ""ULTRA SVET"" / ІНСТРУМЕНТ / MASTER TOOL / Витратні матеріали / Абразивні матеріали / Круги шліфувальні абразивні на липучці / Круги шліфувальні абразивні на липучці набори","yes","yes","yes"
"205","29","08-2540-H","MASTERTOOL","Круг шліфувальний на липучці 125 мм/8 отв P 400, набір 5 шт MASTER TOOL 08-2540-H","E89E1047-D442-11F0-B40F-BC5FF4F4F2AA","0","16.9","ПРОДУКЦІЯ КОМПАНІЇ ""ULTRA SVET"" / ІНСТРУМЕНТ / MASTER TOOL / Витратні матеріали / Абразивні матеріали / Круги шліфувальні абразивні на липучці / Круги шліфувальні абразивні на липучці набори","yes","yes","yes"
"206","29","08-2560-H","MASTERTOOL","Круг шліфувальний на липучці 125 мм/8 отв P 600, набір 5 шт MASTER TOOL 08-2560-H","E89E1049-D442-11F0-B40F-BC5FF4F4F2AA","0","16.9","ПРОДУКЦІЯ КОМПАНІЇ ""ULTRA SVET"" / ІНСТРУМЕНТ / MASTER TOOL / Витратні матеріали / Абразивні матеріали / Круги шліфувальні абразивні на липучці / Круги шліфувальні абразивні на липучці набори","yes","yes","yes"
"207","29","08-2532-H","MASTERTOOL","Круг шліфувальний на липучці 125 мм/8 отвP 320, набір 5 шт MASTER TOOL 08-2532-H","E89E1045-D442-11F0-B40F-BC5FF4F4F2AA","0","16.9","ПРОДУКЦІЯ КОМПАНІЇ ""ULTRA SVET"" / ІНСТРУМЕНТ / MASTER TOOL / Витратні матеріали / Абразивні матеріали / Круги шліфувальні абразивні на липучці / Круги шліфувальні абразивні на липучці набори","yes","yes","yes"
"208","29","08-2512-C","MASTERTOOL","Круг шліфувальний на липучці CERAMIC 125 мм P 120, набір 5 шт MASTER TOOL 08-2512-C","C51E1D6E-D45A-11F0-B40F-BC5FF4F4F2AA","0","32.41","ПРОДУКЦІЯ КОМПАНІЇ ""ULTRA SVET"" / ІНСТРУМЕНТ / MASTER TOOL / Витратні матеріали / Абразивні матеріали / Круги шліфувальні абразивні на липучці / Круги шліфувальні абразивні на липучці CERAMIC набори 5 шт","yes","yes","yes"
"209","29","08-2518-C","MASTERTOOL","Круг шліфувальний на липучці CERAMIC 125 мм P 180, набір 5 шт MASTER TOOL 08-2518-C","C51E1D70-D45A-11F0-B40F-BC5FF4F4F2AA","0","32.41","ПРОДУКЦІЯ КОМПАНІЇ ""ULTRA SVET"" / ІНСТРУМЕНТ / MASTER TOOL / Витратні матеріали / Абразивні матеріали / Круги шліфувальні абразивні на липучці / Круги шліфувальні абразивні на липучці CERAMIC набори 5 шт","yes","yes","yes"
"210","29","08-2524-G","MASTERTOOL","Круг шліфувальний на липучці STEARATE 125 мм P 240, набір 5 шт MASTER TOOL 08-2524-G","E89E104F-D442-11F0-B40F-BC5FF4F4F2AA","0","27.99","ПРОДУКЦІЯ КОМПАНІЇ ""ULTRA SVET"" / ІНСТРУМЕНТ / MASTER TOOL / Витратні матеріали / Абразивні матеріали / Круги шліфувальні абразивні на липучці / Круги шліфувальні абразивні на липучці STEARATE набори 5 шт","yes","yes","yes"
"211","29","08-2532-G","MASTERTOOL","Круг шліфувальний на липучці STEARATE 125 мм P 320, набір 5 шт MASTER TOOL 08-2532-G","E89E1051-D442-11F0-B40F-BC5FF4F4F2AA","0","27.99","ПРОДУКЦІЯ КОМПАНІЇ ""ULTRA SVET"" / ІНСТРУМЕНТ / MASTER TOOL / Витратні матеріали / Абразивні матеріали / Круги шліфувальні абразивні на липучці / Круги шліфувальні абразивні на липучці STEARATE набори 5 шт","yes","yes","yes"
"212","29","08-2540-G","MASTERTOOL","Круг шліфувальний на липучці STEARATE 125 мм P 400, набір 5 шт MASTER TOOL 08-2540-G","E89E1053-D442-11F0-B40F-BC5FF4F4F2AA","0","27.99","ПРОДУКЦІЯ КОМПАНІЇ ""ULTRA SVET"" / ІНСТРУМЕНТ / MASTER TOOL / Витратні матеріали / Абразивні матеріали / Круги шліфувальні абразивні на липучці / Круги шліфувальні абразивні на липучці STEARATE набори 5 шт","yes","yes","yes"
"213","29","08-2560-G","MASTERTOOL","Круг шліфувальний на липучці STEARATE 125 мм P 600, набір 5 шт MASTER TOOL 08-2560-G","C51E1D5E-D45A-11F0-B40F-BC5FF4F4F2AA","0","27.99","ПРОДУКЦІЯ КОМПАНІЇ ""ULTRA SVET"" / ІНСТРУМЕНТ / MASTER TOOL / Витратні матеріали / Абразивні матеріали / Круги шліфувальні абразивні на липучці / Круги шліфувальні абразивні на липучці STEARATE набори 5 шт","yes","yes","yes"
"214","29","14-6368-B","MASTERTOOL","Мітла вулична плоска Євро ПП ГОСПОДАР 14-6368-B","C656D399-9EEA-11EB-AE88-BC5FF4F4F2AA","0","94.62","ПРОДУКЦІЯ КОМПАНІЇ ""ULTRA SVET"" / ІНСТРУМЕНТ / MASTER TOOL / Господарчий / Мітли / Мітли плоскі","yes","yes","yes"
"215","29","14-6369-B","MASTERTOOL","Мітла вулична плоска Стандарт ПП ПП ГОСПОДАР 14-6369-B","C656D39B-9EEA-11EB-AE88-BC5FF4F4F2AA","0","60.23","ПРОДУКЦІЯ КОМПАНІЇ ""ULTRA SVET"" / ІНСТРУМЕНТ / MASTER TOOL / Господарчий / Мітли / Мітли плоскі","yes","yes","yes"
"216","29","230V/50Hz","MASTERTOOL","Паяльник електричний 25/80 Вт 230V/50Hz регульований пістолетного типу MASTER TOOL 44-0024","D0E60CF5-D45A-11F0-B40F-BC5FF4F4F2AA","0","188.02","ПРОДУКЦІЯ КОМПАНІЇ ""ULTRA SVET"" / ІНСТРУМЕНТ / MASTER TOOL / Кріпильний інструмент / Паяльники / Паяльники електричні","yes","yes","yes"
"217","29","83-0405-M","MASTERTOOL","Рукавички бавовняні трикотаж, неповне нітрилове покриття, в'язаний (жовті) 9""MASTER TOOL 83-0405-M","C0598860-9EEA-11EB-AE88-BC5FF4F4F2AA","0","29.37","ПРОДУКЦІЯ КОМПАНІЇ ""ULTRA SVET"" / ІНСТРУМЕНТ / MASTER TOOL / Засоби захисту / Рукавички / Рукавички з нітриловим покриттям","yes","yes","yes"
"218","29","83-0405-S","MASTERTOOL","Рукавички бавовняні трикотаж, неповне нітрилове покриття, в'язаний (жовті) MASTER TOOL 83-0405-S","C0598862-9EEA-11EB-AE88-BC5FF4F4F2AA","0","22.42","ПРОДУКЦІЯ КОМПАНІЇ ""ULTRA SVET"" / ІНСТРУМЕНТ / MASTER TOOL / Засоби захисту / Рукавички / Рукавички з нітриловим покриттям","yes","yes","yes"
"219","29","83-0501doz","MASTERTOOL","Рукавички кислотостійкі бавовняний трикотаж повне PVC в'язаний червоні 10,5"" MASTER TOOL 83-0501doz","02BB817E-EB5A-11EE-AF97-BC5FF4F4F2AA","0","518.11","ПРОДУКЦІЯ КОМПАНІЇ ""ULTRA SVET"" / ІНСТРУМЕНТ / MASTER TOOL / Засоби захисту / Рукавички / Рукавичка з ПВХ-покриттям","yes","yes","yes"
"220","29","DR-5010","MASTERTOOL","Свердло для металу HSS 1,0*34 мм COBALT DIN338 набір 2 шт WERTVOLL DR-5010","980B366D-EB58-11EE-AF97-BC5FF4F4F2AA","0","16.9","ПРОДУКЦІЯ КОМПАНІЇ ""ULTRA SVET"" / ІНСТРУМЕНТ / MASTER TOOL / Витратні матеріали / Свердла, стамески, фрези / Свердла для металу HSS COBALT WERTVOLL","yes","yes","yes"
"221","29","DR-5015","MASTERTOOL","Свердло для металу HSS 1,5*40 мм COBALT DIN338 набір 2 шт WERTVOLL DR-5015","980B366F-EB58-11EE-AF97-BC5FF4F4F2AA","0","17.72","ПРОДУКЦІЯ КОМПАНІЇ ""ULTRA SVET"" / ІНСТРУМЕНТ / MASTER TOOL / Витратні матеріали / Свердла, стамески, фрези / Свердла для металу HSS COBALT WERTVOLL","yes","yes","yes"
"222","29","DR-5100","MASTERTOOL","Свердло для металу HSS 10,0*133 мм COBALT DIN338 WERTVOLL DR-5100","980B368F-EB58-11EE-AF97-BC5FF4F4F2AA","0","129.34","ПРОДУКЦІЯ КОМПАНІЇ ""ULTRA SVET"" / ІНСТРУМЕНТ / MASTER TOOL / Витратні матеріали / Свердла, стамески, фрези / Свердла для металу HSS COBALT WERTVOLL","yes","yes","yes"
"223","29","DR-5110","MASTERTOOL","Свердло для металу HSS 11,0*142 мм COBALT DIN338 WERTVOLL DR-5110","980B3691-EB58-11EE-AF97-BC5FF4F4F2AA","0","159.48","ПРОДУКЦІЯ КОМПАНІЇ ""ULTRA SVET"" / ІНСТРУМЕНТ / MASTER TOOL / Витратні матеріали / Свердла, стамески, фрези / Свердла для металу HSS COBALT WERTVOLL","yes","yes","yes"
"224","29","DR-5120","MASTERTOOL","Свердло для металу HSS 12,0*151 мм COBALT DIN338 WERTVOLL DR-5120","980B3693-EB58-11EE-AF97-BC5FF4F4F2AA","0","196.35","ПРОДУКЦІЯ КОМПАНІЇ ""ULTRA SVET"" / ІНСТРУМЕНТ / MASTER TOOL / Витратні матеріали / Свердла, стамески, фрези / Свердла для металу HSS COBALT WERTVOLL","yes","yes","yes"
"225","29","DR-5130","MASTERTOOL","Свердло для металу HSS 13,0*151 мм COBALT DIN338 WERTVOLL DR-5130","980B3695-EB58-11EE-AF97-BC5FF4F4F2AA","0","232.89","ПРОДУКЦІЯ КОМПАНІЇ ""ULTRA SVET"" / ІНСТРУМЕНТ / MASTER TOOL / Витратні матеріали / Свердла, стамески, фрези / Свердла для металу HSS COBALT WERTVOLL","yes","yes","yes"
"226","29","DR-5020","MASTERTOOL","Свердло для металу HSS 2,0*49 мм COBALT DIN338 набір 2 шт WERTVOLL DR-5020","980B3671-EB58-11EE-AF97-BC5FF4F4F2AA","0","19.1","ПРОДУКЦІЯ КОМПАНІЇ ""ULTRA SVET"" / ІНСТРУМЕНТ / MASTER TOOL / Витратні матеріали / Свердла, стамески, фрези / Свердла для металу HSS COBALT WERTVOLL","yes","yes","yes"
"227","29","DR-5025","MASTERTOOL","Свердло для металу HSS 2,5*57 мм COBALT DIN338 набір 2 шт WERTVOLL DR-5025","980B3673-EB58-11EE-AF97-BC5FF4F4F2AA","0","19.66","ПРОДУКЦІЯ КОМПАНІЇ ""ULTRA SVET"" / ІНСТРУМЕНТ / MASTER TOOL / Витратні матеріали / Свердла, стамески, фрези / Свердла для металу HSS COBALT WERTVOLL","yes","yes","yes"
"228","29","DR-5030","MASTERTOOL","Свердло для металу HSS 3,0*61 мм COBALT DIN338 набір 2 шт WERTVOLL DR-5030","980B3675-EB58-11EE-AF97-BC5FF4F4F2AA","0","25.51","ПРОДУКЦІЯ КОМПАНІЇ ""ULTRA SVET"" / ІНСТРУМЕНТ / MASTER TOOL / Витратні матеріали / Свердла, стамески, фрези / Свердла для металу HSS COBALT WERTVOLL","yes","yes","yes"
"229","29","DR-5032","MASTERTOOL","Свердло для металу HSS 3,2*65 мм COBALT DIN338 набір 2 шт WERTVOLL DR-5032","980B3677-EB58-11EE-AF97-BC5FF4F4F2AA","0","31.03","ПРОДУКЦІЯ КОМПАНІЇ ""ULTRA SVET"" / ІНСТРУМЕНТ / MASTER TOOL / Витратні матеріали / Свердла, стамески, фрези / Свердла для металу HSS COBALT WERTVOLL","yes","yes","yes"
"230","29","DR-5035","MASTERTOOL","Свердло для металу HSS 3,5*70 мм COBALT DIN338 набір 2 шт WERTVOLL DR-5035","980B3679-EB58-11EE-AF97-BC5FF4F4F2AA","0","32.41","ПРОДУКЦІЯ КОМПАНІЇ ""ULTRA SVET"" / ІНСТРУМЕНТ / MASTER TOOL / Витратні матеріали / Свердла, стамески, фрези / Свердла для металу HSS COBALT WERTVOLL","yes","yes","yes"
"231","29","DR-5040","MASTERTOOL","Свердло для металу HSS 4,0*75 мм COBALT DIN338 набір 2 шт WERTVOLL DR-5040","980B367B-EB58-11EE-AF97-BC5FF4F4F2AA","0","39.03","ПРОДУКЦІЯ КОМПАНІЇ ""ULTRA SVET"" / ІНСТРУМЕНТ / MASTER TOOL / Витратні матеріали / Свердла, стамески, фрези / Свердла для металу HSS COBALT WERTVOLL","yes","yes","yes"
"232","29","DR-5042","MASTERTOOL","Свердло для металу HSS 4,2*75 мм COBALT DIN338 набір 2 шт WERTVOLL DR-5042","980B367D-EB58-11EE-AF97-BC5FF4F4F2AA","0","45.43","ПРОДУКЦІЯ КОМПАНІЇ ""ULTRA SVET"" / ІНСТРУМЕНТ / MASTER TOOL / Витратні матеріали / Свердла, стамески, фрези / Свердла для металу HSS COBALT WERTVOLL","yes","yes","yes"
"233","29","DR-5045","MASTERTOOL","Свердло для металу HSS 4,5*80 мм COBALT DIN338 набір 2 шт WERTVOLL DR-5045","980B367F-EB58-11EE-AF97-BC5FF4F4F2AA","0","47.37","ПРОДУКЦІЯ КОМПАНІЇ ""ULTRA SVET"" / ІНСТРУМЕНТ / MASTER TOOL / Витратні матеріали / Свердла, стамески, фрези / Свердла для металу HSS COBALT WERTVOLL","yes","yes","yes"
"234","29","DR-5050","MASTERTOOL","Свердло для металу HSS 5,0*86 мм COBALT DIN338 набір 2 шт WERTVOLL DR-5050","980B3681-EB58-11EE-AF97-BC5FF4F4F2AA","0","57.03","ПРОДУКЦІЯ КОМПАНІЇ ""ULTRA SVET"" / ІНСТРУМЕНТ / MASTER TOOL / Витратні матеріали / Свердла, стамески, фрези / Свердла для металу HSS COBALT WERTVOLL","yes","yes","yes"
"235","29","DR-5055","MASTERTOOL","Свердло для металу HSS 5,5*93 мм COBALT DIN338 набір 2 шт WERTVOLL DR-5055","980B3683-EB58-11EE-AF97-BC5FF4F4F2AA","0","69.78","ПРОДУКЦІЯ КОМПАНІЇ ""ULTRA SVET"" / ІНСТРУМЕНТ / MASTER TOOL / Витратні матеріали / Свердла, стамески, фрези / Свердла для металу HSS COBALT WERTVOLL","yes","yes","yes"
"236","29","DR-5060","MASTERTOOL","Свердло для металу HSS 6,0*93 мм COBALT DIN338 WERTVOLL DR-5060","980B3685-EB58-11EE-AF97-BC5FF4F4F2AA","0","43.5","ПРОДУКЦІЯ КОМПАНІЇ ""ULTRA SVET"" / ІНСТРУМЕНТ / MASTER TOOL / Витратні матеріали / Свердла, стамески, фрези / Свердла для металу HSS COBALT WERTVOLL","yes","yes","yes"
"237","29","DR-5065","MASTERTOOL","Свердло для металу HSS 6,5*101 мм COBALT DIN338 WERTVOLL DR-5065","980B3687-EB58-11EE-AF97-BC5FF4F4F2AA","0","51.78","ПРОДУКЦІЯ КОМПАНІЇ ""ULTRA SVET"" / ІНСТРУМЕНТ / MASTER TOOL / Витратні матеріали / Свердла, стамески, фрези / Свердла для металу HSS COBALT WERTVOLL","yes","yes","yes"
"238","29","DR-5070","MASTERTOOL","Свердло для металу HSS 7,0*109 мм COBALT DIN338 WERTVOLL DR-5070","980B3689-EB58-11EE-AF97-BC5FF4F4F2AA","0","59.84","ПРОДУКЦІЯ КОМПАНІЇ ""ULTRA SVET"" / ІНСТРУМЕНТ / MASTER TOOL / Витратні матеріали / Свердла, стамески, фрези / Свердла для металу HSS COBALT WERTVOLL","yes","yes","yes"
"239","29","DR-5080","MASTERTOOL","Свердло для металу HSS 8,0*117 мм COBALT DIN338 WERTVOLL DR-5080","980B368B-EB58-11EE-AF97-BC5FF4F4F2AA","0","79.22","ПРОДУКЦІЯ КОМПАНІЇ ""ULTRA SVET"" / ІНСТРУМЕНТ / MASTER TOOL / Витратні матеріали / Свердла, стамески, фрези / Свердла для металу HSS COBALT WERTVOLL","yes","yes","yes"
"240","29","DR-5090","MASTERTOOL","Свердло для металу HSS 9,0*125 мм COBALT DIN338 WERTVOLL DR-5090","980B368D-EB58-11EE-AF97-BC5FF4F4F2AA","0","104.11","ПРОДУКЦІЯ КОМПАНІЇ ""ULTRA SVET"" / ІНСТРУМЕНТ / MASTER TOOL / Витратні матеріали / Свердла, стамески, фрези / Свердла для металу HSS COBALT WERTVOLL","yes","yes","yes"
"241","29","08-0210PC","MASTERTOOL","Сітка абразивна зерно 100 107*280 мм 50 шт MASTER TOOL 08-0210PC","65E4562B-EB59-11EE-AF97-BC5FF4F4F2AA","0","194.09","ПРОДУКЦІЯ КОМПАНІЇ ""ULTRA SVET"" / ІНСТРУМЕНТ / MASTER TOOL / Витратні матеріали / Абразивні матеріали / Сітки абразивні / Сітки абразивні SIC SHOWBOX","yes","yes","yes"
"242","29","08-0212PC","MASTERTOOL","Сітка абразивна зерно 120 107*280 мм 50 шт MASTER TOOL 08-0212PC","65E4562D-EB59-11EE-AF97-BC5FF4F4F2AA","0","194.09","ПРОДУКЦІЯ КОМПАНІЇ ""ULTRA SVET"" / ІНСТРУМЕНТ / MASTER TOOL / Витратні матеріали / Абразивні матеріали / Сітки абразивні / Сітки абразивні SIC SHOWBOX","yes","yes","yes"
"243","29","08-0215PC","MASTERTOOL","Сітка абразивна зерно 150 107*280 мм 50 шт MASTER TOOL 08-0215PC","65E4562F-EB59-11EE-AF97-BC5FF4F4F2AA","0","194.09","ПРОДУКЦІЯ КОМПАНІЇ ""ULTRA SVET"" / ІНСТРУМЕНТ / MASTER TOOL / Витратні матеріали / Абразивні матеріали / Сітки абразивні / Сітки абразивні SIC SHOWBOX","yes","yes","yes"
"244","29","08-0218PC","MASTERTOOL","Сітка абразивна зерно 180 107*280 мм 50 шт MASTER TOOL 08-0218PC","65E45631-EB59-11EE-AF97-BC5FF4F4F2AA","0","194.09","ПРОДУКЦІЯ КОМПАНІЇ ""ULTRA SVET"" / ІНСТРУМЕНТ / MASTER TOOL / Витратні матеріали / Абразивні матеріали / Сітки абразивні / Сітки абразивні SIC SHOWBOX","yes","yes","yes"
"245","29","08-0220PC","MASTERTOOL","Сітка абразивна зерно 200 107*280 мм 50 шт MASTER TOOL 08-0220PC","65E45633-EB59-11EE-AF97-BC5FF4F4F2AA","0","194.09","ПРОДУКЦІЯ КОМПАНІЇ ""ULTRA SVET"" / ІНСТРУМЕНТ / MASTER TOOL / Витратні матеріали / Абразивні матеріали / Сітки абразивні / Сітки абразивні SIC SHOWBOX","yes","yes","yes"
"246","29","08-0222PC","MASTERTOOL","Сітка абразивна зерно 220 107*280 мм 50 шт MASTER TOOL 08-0222PC","65E45635-EB59-11EE-AF97-BC5FF4F4F2AA","0","194.09","ПРОДУКЦІЯ КОМПАНІЇ ""ULTRA SVET"" / ІНСТРУМЕНТ / MASTER TOOL / Витратні матеріали / Абразивні матеріали / Сітки абразивні / Сітки абразивні SIC SHOWBOX","yes","yes","yes"
"247","29","08-0224PC","MASTERTOOL","Сітка абразивна зерно 240 107*280 мм 50 шт MASTER TOOL 08-0224PC","65E45637-EB59-11EE-AF97-BC5FF4F4F2AA","0","194.09","ПРОДУКЦІЯ КОМПАНІЇ ""ULTRA SVET"" / ІНСТРУМЕНТ / MASTER TOOL / Витратні матеріали / Абразивні матеріали / Сітки абразивні / Сітки абразивні SIC SHOWBOX","yes","yes","yes"
"248","29","08-0232PC","MASTERTOOL","Сітка абразивна зерно 320 107*280 мм 50 шт MASTER TOOL 08-0232PC","65E45639-EB59-11EE-AF97-BC5FF4F4F2AA","0","194.09","ПРОДУКЦІЯ КОМПАНІЇ ""ULTRA SVET"" / ІНСТРУМЕНТ / MASTER TOOL / Витратні матеріали / Абразивні матеріали / Сітки абразивні / Сітки абразивні SIC SHOWBOX","yes","yes","yes"
"249","29","08-0204PC","MASTERTOOL","Сітка абразивна зерно 40 107*280 мм 50 шт MASTER TOOL 08-0204PC","59E0BD47-EB59-11EE-AF97-BC5FF4F4F2AA","0","194.09","ПРОДУКЦІЯ КОМПАНІЇ ""ULTRA SVET"" / ІНСТРУМЕНТ / MASTER TOOL / Витратні матеріали / Абразивні матеріали / Сітки абразивні / Сітки абразивні SIC SHOWBOX","yes","yes","yes"
"250","29","08-0240PC","MASTERTOOL","Сітка абразивна зерно 400 107*280 мм 50 шт MASTER TOOL 08-0240PC","65E4563B-EB59-11EE-AF97-BC5FF4F4F2AA","0","194.09","ПРОДУКЦІЯ КОМПАНІЇ ""ULTRA SVET"" / ІНСТРУМЕНТ / MASTER TOOL / Витратні матеріали / Абразивні матеріали / Сітки абразивні / Сітки абразивні SIC SHOWBOX","yes","yes","yes"
"251","29","08-0206PC","MASTERTOOL","Сітка абразивна зерно 60 107*280 мм 50 шт MASTER TOOL 08-0206PC","59E0BD49-EB59-11EE-AF97-BC5FF4F4F2AA","0","194.09","ПРОДУКЦІЯ КОМПАНІЇ ""ULTRA SVET"" / ІНСТРУМЕНТ / MASTER TOOL / Витратні матеріали / Абразивні матеріали / Сітки абразивні / Сітки абразивні SIC SHOWBOX","yes","yes","yes"
"252","29","08-0208PC","MASTERTOOL","Сітка абразивна зерно 80 107*280 мм 50 шт MASTER TOOL 08-0208PC","59E0BD4B-EB59-11EE-AF97-BC5FF4F4F2AA","0","194.09","ПРОДУКЦІЯ КОМПАНІЇ ""ULTRA SVET"" / ІНСТРУМЕНТ / MASTER TOOL / Витратні матеріали / Абразивні матеріали / Сітки абразивні / Сітки абразивні SIC SHOWBOX","yes","yes","yes"
"253","29","FX-2310","MASTERTOOL","Скоби загартовані для пневмостеплера тип 80 10 мм/12,8*0,95 мм 18000 шт WERTVOLL FX-2310","74B5404E-EB59-11EE-AF97-BC5FF4F4F2AA","0","386.57","ПРОДУКЦІЯ КОМПАНІЇ ""ULTRA SVET"" / ІНСТРУМЕНТ / MASTER TOOL / Кріпильний інструмент / Скоби / Скоби та цвяхи для пневмостеплера","yes","yes","yes"
"254","29","FX-2312","MASTERTOOL","Скоби загартовані для пневмостеплера тип 80 12 мм/12,8*0,95 мм 15000 шт WERTVOLL FX-2312","74B54050-EB59-11EE-AF97-BC5FF4F4F2AA","0","350.58","ПРОДУКЦІЯ КОМПАНІЇ ""ULTRA SVET"" / ІНСТРУМЕНТ / MASTER TOOL / Кріпильний інструмент / Скоби / Скоби та цвяхи для пневмостеплера","yes","yes","yes"
"255","29","FX-2314","MASTERTOOL","Скоби загартовані для пневмостеплера тип 80 14 мм/12,8*0,95 мм 12000 шт WERTVOLL FX-2314","74B54052-EB59-11EE-AF97-BC5FF4F4F2AA","0","319.56","ПРОДУКЦІЯ КОМПАНІЇ ""ULTRA SVET"" / ІНСТРУМЕНТ / MASTER TOOL / Кріпильний інструмент / Скоби / Скоби та цвяхи для пневмостеплера","yes","yes","yes"
"256","29","FX-2316","MASTERTOOL","Скоби загартовані для пневмостеплера тип 80 16 мм/12,8*0,95 мм 10000 шт WERTVOLL FX-2316","74B54054-EB59-11EE-AF97-BC5FF4F4F2AA","0","298.8","ПРОДУКЦІЯ КОМПАНІЇ ""ULTRA SVET"" / ІНСТРУМЕНТ / MASTER TOOL / Кріпильний інструмент / Скоби / Скоби та цвяхи для пневмостеплера","yes","yes","yes"
"257","29","FX-2306","MASTERTOOL","Скоби загартовані для пневмостеплера тип 80 6 мм/12,8*0,95 мм 29000 шт WERTVOLL FX-2306","65E45669-EB59-11EE-AF97-BC5FF4F4F2AA","0","448.34","ПРОДУКЦІЯ КОМПАНІЇ ""ULTRA SVET"" / ІНСТРУМЕНТ / MASTER TOOL / Кріпильний інструмент / Скоби / Скоби та цвяхи для пневмостеплера","yes","yes","yes"
"258","29","FX-2308","MASTERTOOL","Скоби загартовані для пневмостеплера тип 80 8 мм/12,8*0,95 мм 21000 шт WERTVOLL FX-2308","74B5404C-EB59-11EE-AF97-BC5FF4F4F2AA","0","386.57","ПРОДУКЦІЯ КОМПАНІЇ ""ULTRA SVET"" / ІНСТРУМЕНТ / MASTER TOOL / Кріпильний інструмент / Скоби / Скоби та цвяхи для пневмостеплера","yes","yes","yes"
"259","29","FX-2416","MASTERTOOL","Скоби загартовані для пневмостеплера тип 90 16 мм/5,8*1,25 мм 17000 шт WERTVOLL FX-2416","74B54056-EB59-11EE-AF97-BC5FF4F4F2AA","0","772.31","ПРОДУКЦІЯ КОМПАНІЇ ""ULTRA SVET"" / ІНСТРУМЕНТ / MASTER TOOL / Кріпильний інструмент / Скоби / Скоби та цвяхи для пневмостеплера","yes","yes","yes"
"260","29","FX-2418","MASTERTOOL","Скоби загартовані для пневмостеплера тип 90 18 мм/5,8*1,25 мм 15000 шт WERTVOLL FX-2418","74B54058-EB59-11EE-AF97-BC5FF4F4F2AA","0","731.29","ПРОДУКЦІЯ КОМПАНІЇ ""ULTRA SVET"" / ІНСТРУМЕНТ / MASTER TOOL / Кріпильний інструмент / Скоби / Скоби та цвяхи для пневмостеплера","yes","yes","yes"
"261","29","FX-2420","MASTERTOOL","Скоби загартовані для пневмостеплера тип 90 20 мм/5,8*1,25 мм 12000 шт WERTVOLL FX-2420","74B5405A-EB59-11EE-AF97-BC5FF4F4F2AA","0","679.52","ПРОДУКЦІЯ КОМПАНІЇ ""ULTRA SVET"" / ІНСТРУМЕНТ / MASTER TOOL / Кріпильний інструмент / Скоби / Скоби та цвяхи для пневмостеплера","yes","yes","yes"
"262","29","FX-2425","MASTERTOOL","Скоби загартовані для пневмостеплера тип 90 25 мм/5,8*1,25 мм 11000 шт WERTVOLL FX-2425","74B5405C-EB59-11EE-AF97-BC5FF4F4F2AA","0","762.04","ПРОДУКЦІЯ КОМПАНІЇ ""ULTRA SVET"" / ІНСТРУМЕНТ / MASTER TOOL / Кріпильний інструмент / Скоби / Скоби та цвяхи для пневмостеплера","yes","yes","yes"
"263","29","FX-2430","MASTERTOOL","Скоби загартовані для пневмостеплера тип 90 30 мм/5,8*1,25 мм 10000 шт WERTVOLL FX-2430","74B5405E-EB59-11EE-AF97-BC5FF4F4F2AA","0","823.53","ПРОДУКЦІЯ КОМПАНІЇ ""ULTRA SVET"" / ІНСТРУМЕНТ / MASTER TOOL / Кріпильний інструмент / Скоби / Скоби та цвяхи для пневмостеплера","yes","yes","yes"
"264","29","FX-2435","MASTERTOOL","Скоби загартовані для пневмостеплера тип 90 35 мм/5,8*1,25 мм 7000 шт WERTVOLL FX-2435","74B54060-EB59-11EE-AF97-BC5FF4F4F2AA","0","695.3","ПРОДУКЦІЯ КОМПАНІЇ ""ULTRA SVET"" / ІНСТРУМЕНТ / MASTER TOOL / Кріпильний інструмент / Скоби / Скоби та цвяхи для пневмостеплера","yes","yes","yes"
"265","29","FX-2440","MASTERTOOL","Скоби загартовані для пневмостеплера тип 90 40 мм/5,8*1,25 мм 6000 шт WERTVOLL FX-2440","74B54062-EB59-11EE-AF97-BC5FF4F4F2AA","0","695.3","ПРОДУКЦІЯ КОМПАНІЇ ""ULTRA SVET"" / ІНСТРУМЕНТ / MASTER TOOL / Кріпильний інструмент / Скоби / Скоби та цвяхи для пневмостеплера","yes","yes","yes"
"266","29","SR408-MB","MASTERTOOL","Тачка садово-будівельна одноколісна 100 л/200 кг, D-3, колесо суцільнолите гумове ТSR408-MB Ø 40 см, підшипник MASTER TOOL 79-9848","E1E45091-D45B-11F0-B40F-BC5FF4F4F2AA","0","2089.16","ПРОДУКЦІЯ КОМПАНІЇ ""ULTRA SVET"" / ІНСТРУМЕНТ / MASTER TOOL / Садовий інструмент / Тачки","yes","yes","yes"
"267","29","RX-7002PK","MASTERTOOL","Термокружка ""YUMMY"" 900 мл, SS, рожева, WERTVOLL RX-7002PK","F2820BA8-D45B-11F0-B40F-BC5FF4F4F2AA","0","278.54","ПРОДУКЦІЯ КОМПАНІЇ ""ULTRA SVET"" / ІНСТРУМЕНТ / MASTER TOOL / Туризм / Термоси","yes","yes","yes"
"268","29","RX-7002BU","MASTERTOOL","Термокружка ""YUMMY"" 900 мл, SS, синя, WERTVOLL RX-7002BU","F2820BA6-D45B-11F0-B40F-BC5FF4F4F2AA","0","278.54","ПРОДУКЦІЯ КОМПАНІЇ ""ULTRA SVET"" / ІНСТРУМЕНТ / MASTER TOOL / Туризм / Термоси","yes","yes","yes"
"269","29","RX-7002RD","MASTERTOOL","Термокружка ""YUMMY"" 900 мл, SS, червона, WERTVOLL RX-7002RD","F2820BAA-D45B-11F0-B40F-BC5FF4F4F2AA","0","278.54","ПРОДУКЦІЯ КОМПАНІЇ ""ULTRA SVET"" / ІНСТРУМЕНТ / MASTER TOOL / Туризм / Термоси","yes","yes","yes"
"270","29","RX-7002BK","MASTERTOOL","Термокружка ""YUMMY"" 900 мл, SS, чорна, WERTVOLL RX-7002BK","F2820BA4-D45B-11F0-B40F-BC5FF4F4F2AA","0","278.54","ПРОДУКЦІЯ КОМПАНІЇ ""ULTRA SVET"" / ІНСТРУМЕНТ / MASTER TOOL / Туризм / Термоси","yes","yes","yes"
"271","29","RX-7001PK","MASTERTOOL","Термос ""DREAM"" 800 мл, SS, Digital Sensor t °C, рожевий, WERTVOLL RX-7001PK","F2820BA2-D45B-11F0-B40F-BC5FF4F4F2AA","0","283.57","ПРОДУКЦІЯ КОМПАНІЇ ""ULTRA SVET"" / ІНСТРУМЕНТ / MASTER TOOL / Туризм / Термоси","yes","yes","yes"
"272","29","RX-7001BU","MASTERTOOL","Термос ""DREAM"" 800 мл, SS, Digital Sensor t °C, синій, WERTVOLL RX-7001BU","F2820B9E-D45B-11F0-B40F-BC5FF4F4F2AA","0","283.57","ПРОДУКЦІЯ КОМПАНІЇ ""ULTRA SVET"" / ІНСТРУМЕНТ / MASTER TOOL / Туризм / Термоси","yes","yes","yes"
"273","29","RX-7001GY","MASTERTOOL","Термос ""DREAM"" 800 мл, SS, Digital Sensor t °C, сірий, WERTVOLL RX-7001GY","F2820BA0-D45B-11F0-B40F-BC5FF4F4F2AA","0","283.57","ПРОДУКЦІЯ КОМПАНІЇ ""ULTRA SVET"" / ІНСТРУМЕНТ / MASTER TOOL / Туризм / Термоси","yes","yes","yes"
"274","29","RX-7001BK","MASTERTOOL","Термос ""DREAM"" 800 мл, SS, Digital Sensor t °C, чорний, WERTVOLL RX-7001BK","F2820B9C-D45B-11F0-B40F-BC5FF4F4F2AA","0","283.57","ПРОДУКЦІЯ КОМПАНІЇ ""ULTRA SVET"" / ІНСТРУМЕНТ / MASTER TOOL / Туризм / Термоси","yes","yes","yes"
"275","29","RX-7000GD","MASTERTOOL","Термос ""ENJOY"" 750 мл, SS, золото, WERTVOLL RX-7000GD","F2820B96-D45B-11F0-B40F-BC5FF4F4F2AA","0","206.01","ПРОДУКЦІЯ КОМПАНІЇ ""ULTRA SVET"" / ІНСТРУМЕНТ / MASTER TOOL / Туризм / Термоси","yes","yes","yes"
"276","29","RX-7000BU","MASTERTOOL","Термос ""ENJOY"" 750 мл, SS, синій, WERTVOLL RX-7000BU","F2820B94-D45B-11F0-B40F-BC5FF4F4F2AA","0","206.01","ПРОДУКЦІЯ КОМПАНІЇ ""ULTRA SVET"" / ІНСТРУМЕНТ / MASTER TOOL / Туризм / Термоси","yes","yes","yes"
"277","29","RX-7000SR","MASTERTOOL","Термос ""ENJOY"" 750 мл, SS, срібло, WERTVOLL RX-7000SR","F2820B9A-D45B-11F0-B40F-BC5FF4F4F2AA","0","206.01","ПРОДУКЦІЯ КОМПАНІЇ ""ULTRA SVET"" / ІНСТРУМЕНТ / MASTER TOOL / Туризм / Термоси","yes","yes","yes"
"278","29","RX-7000RD","MASTERTOOL","Термос ""ENJOY"" 750 мл, SS, червоний, WERTVOLL RX-7000RD","F2820B98-D45B-11F0-B40F-BC5FF4F4F2AA","0","206.01","ПРОДУКЦІЯ КОМПАНІЇ ""ULTRA SVET"" / ІНСТРУМЕНТ / MASTER TOOL / Туризм / Термоси","yes","yes","yes"
"279","29","FX-2515","MASTERTOOL","Цвях загартований для пневмостеплера тип 18GA 15мм/1,0*1,25мм 5000 шт WERTVOLL FX-2515","74B54064-EB59-11EE-AF97-BC5FF4F4F2AA","0","103.01","ПРОДУКЦІЯ КОМПАНІЇ ""ULTRA SVET"" / ІНСТРУМЕНТ / MASTER TOOL / Кріпильний інструмент / Скоби / Скоби та цвяхи для пневмостеплера","yes","yes","yes"
"280","29","FX-2520","MASTERTOOL","Цвях загартований для пневмостеплера тип 18GA 20мм/1,0*1,25мм 5000 шт WERTVOLL FX-2520","74B54066-EB59-11EE-AF97-BC5FF4F4F2AA","0","134.03","ПРОДУКЦІЯ КОМПАНІЇ ""ULTRA SVET"" / ІНСТРУМЕНТ / MASTER TOOL / Кріпильний інструмент / Скоби / Скоби та цвяхи для пневмостеплера","yes","yes","yes"
"281","29","FX-2525","MASTERTOOL","Цвях загартований для пневмостеплера тип 18GA 25мм/1,0*1,25мм 5000 шт WERTVOLL FX-2525","74B54068-EB59-11EE-AF97-BC5FF4F4F2AA","0","162.57","ПРОДУКЦІЯ КОМПАНІЇ ""ULTRA SVET"" / ІНСТРУМЕНТ / MASTER TOOL / Кріпильний інструмент / Скоби / Скоби та цвяхи для пневмостеплера","yes","yes","yes"
"282","29","FX-2530","MASTERTOOL","Цвях загартований для пневмостеплера тип 18GA 30мм/1,0*1,25мм 5000 шт WERTVOLL FX-2530","74B5406A-EB59-11EE-AF97-BC5FF4F4F2AA","0","193.54","ПРОДУКЦІЯ КОМПАНІЇ ""ULTRA SVET"" / ІНСТРУМЕНТ / MASTER TOOL / Кріпильний інструмент / Скоби / Скоби та цвяхи для пневмостеплера","yes","yes","yes"
"283","29","FX-2535","MASTERTOOL","Цвях загартований для пневмостеплера тип 18GA 35мм/1,0*1,25мм 5000 шт WERTVOLL FX-2535","74B5406C-EB59-11EE-AF97-BC5FF4F4F2AA","0","226.77","ПРОДУКЦІЯ КОМПАНІЇ ""ULTRA SVET"" / ІНСТРУМЕНТ / MASTER TOOL / Кріпильний інструмент / Скоби / Скоби та цвяхи для пневмостеплера","yes","yes","yes"
"284","29","FX-2540","MASTERTOOL","Цвях загартований для пневмостеплера тип 18GA 40мм/1,0*1,25мм 5000 шт WERTVOLL FX-2540","74B5406E-EB59-11EE-AF97-BC5FF4F4F2AA","0","260.55","ПРОДУКЦІЯ КОМПАНІЇ ""ULTRA SVET"" / ІНСТРУМЕНТ / MASTER TOOL / Кріпильний інструмент / Скоби / Скоби та цвяхи для пневмостеплера","yes","yes","yes"
"285","29","FX-2545","MASTERTOOL","Цвях загартований для пневмостеплера тип 18GA 45мм/1,0*1,25мм 5000 шт WERTVOLL FX-2545","74B54070-EB59-11EE-AF97-BC5FF4F4F2AA","0","288.54","ПРОДУКЦІЯ КОМПАНІЇ ""ULTRA SVET"" / ІНСТРУМЕНТ / MASTER TOOL / Кріпильний інструмент / Скоби / Скоби та цвяхи для пневмостеплера","yes","yes","yes"
"286","29","FX-2550","MASTERTOOL","Цвях загартований для пневмостеплера тип 18GA 50мм/1,0*1,25мм 5000 шт WERTVOLL FX-2550","74B54072-EB59-11EE-AF97-BC5FF4F4F2AA","0","324.53","ПРОДУКЦІЯ КОМПАНІЇ ""ULTRA SVET"" / ІНСТРУМЕНТ / MASTER TOOL / Кріпильний інструмент / Скоби / Скоби та цвяхи для пневмостеплера","yes","yes","yes"
"287","29","II-6-0","MASTERTOOL","Шланг гумовий для газового зварювання II-6-0,63 МБС, 50 м. (бензин, гас), 0,63 Мпа ГОСПОДАР 81-8412","AD9506CE-9EEA-11EB-AE88-BC5FF4F4F2AA","0","914.93","ПРОДУКЦІЯ КОМПАНІЇ ""ULTRA SVET"" / ІНСТРУМЕНТ / MASTER TOOL / Кріпильний інструмент / Зварювальне обладнання / Шланги високого тиску","yes","yes","yes"
"288","29","II-6-0","MASTERTOOL","Шланг гумовий для газового зварювання II-6-0,63 МБС, 50 м. ГОСПОДАР 81-8412","4FE98E21-2C12-11EC-9962-BC5FF4F4F2AA","0","1819.01","ПРОДУКЦІЯ КОМПАНІЇ ""ULTRA SVET"" / ІНСТРУМЕНТ / MASTER TOOL / Кріпильний інструмент / Зварювальне обладнання / Шланги високого тиску","yes","yes","yes"
"289","29","III-12-2.0","MASTERTOOL","Шланг гумовий для газового зварювання III-12-2.0, 30 м. (кисень), 2,0 МпаГОСПОДАР 81-8416","AD9506D4-9EEA-11EB-AE88-BC5FF4F4F2AA","0","1148.88","ПРОДУКЦІЯ КОМПАНІЇ ""ULTRA SVET"" / ІНСТРУМЕНТ / MASTER TOOL / Кріпильний інструмент / Зварювальне обладнання / Шланги високого тиску","yes","yes","yes"
"290","29","III-6-2.0","MASTERTOOL","Шланг гумовий для газового зварювання III-6-2.0, 50 м. (кисень), 2,0 Мпа ГОСПОДАР 81-8414","AD9506D0-9EEA-11EB-AE88-BC5FF4F4F2AA","0","1244.6","ПРОДУКЦІЯ КОМПАНІЇ ""ULTRA SVET"" / ІНСТРУМЕНТ / MASTER TOOL / Кріпильний інструмент / Зварювальне обладнання / Шланги високого тиску","yes","yes","yes"
"291","29","III-9-2.0","MASTERTOOL","Шланг гумовий для газового зварювання III-9-2.0, 50 м. (кисень), 2,0 Мпа ГОСПОДАР 81-8415","AD9506D2-9EEA-11EB-AE88-BC5FF4F4F2AA","0","1675.44","ПРОДУКЦІЯ КОМПАНІЇ ""ULTRA SVET"" / ІНСТРУМЕНТ / MASTER TOOL / Кріпильний інструмент / Зварювальне обладнання / Шланги високого тиску","yes","yes","yes"
"292","29","PN-2041","MASTERTOOL","Шліфмашина пневматична вібраційна 175*95 мм, 8000 об/хв, 115 л/хв, 6,3 Bar, WERTVOLL PN-2041","C47EFB4A-EB59-11EE-AF97-BC5FF4F4F2AA","0","1235.27","ПРОДУКЦІЯ КОМПАНІЇ ""ULTRA SVET"" / ІНСТРУМЕНТ / MASTER TOOL / Пневматичний інструмент / Роторний пневматичний інструмент","yes","yes","yes"
"293","29","PN-2021","MASTERTOOL","Шліфмашина пневматична орбітальна з пиловідведенням 125 мм, 9000 об/хв, 115 л/хв WERTVOLL PN-2021","C47EFB42-EB59-11EE-AF97-BC5FF4F4F2AA","0","1286.77","ПРОДУКЦІЯ КОМПАНІЇ ""ULTRA SVET"" / ІНСТРУМЕНТ / MASTER TOOL / Пневматичний інструмент / Роторний пневматичний інструмент","yes","yes","yes"
"294","29","PN-2022","MASTERTOOL","Шліфмашина пневматична орбітальна з пиловідведенням 150 мм, 9000 об/хв, 115 л/хв WERTVOLL PN-2022","C47EFB44-EB59-11EE-AF97-BC5FF4F4F2AA","0","1389.78","ПРОДУКЦІЯ КОМПАНІЇ ""ULTRA SVET"" / ІНСТРУМЕНТ / MASTER TOOL / Пневматичний інструмент / Роторний пневматичний інструмент","yes","yes","yes"
"295","29","PN-2001","MASTERTOOL","Шліфмашина пневматична пряма 1/4"", цанговий затискач 6 мм, 25000 об/хв, 100 л/хв WERTVOLL PN-2001","C47EFB3C-EB59-11EE-AF97-BC5FF4F4F2AA","0","450.55","ПРОДУКЦІЯ КОМПАНІЇ ""ULTRA SVET"" / ІНСТРУМЕНТ / MASTER TOOL / Пневматичний інструмент / Роторний пневматичний інструмент","yes","yes","yes"
"296","29","PN-2002","MASTERTOOL","Шліфмашина пневматична пряма 1/4"", цанговий затискач 6 мм, 25000 об/хв, 100 л/хв WERTVOLL PN-2002","C47EFB3E-EB59-11EE-AF97-BC5FF4F4F2AA","0","576.51","ПРОДУКЦІЯ КОМПАНІЇ ""ULTRA SVET"" / ІНСТРУМЕНТ / MASTER TOOL / Пневматичний інструмент / Роторний пневматичний інструмент","yes","yes","yes"
"297","29","L950-1520","MASTERTOOL","Щітка автомобільна телескопічна зі скребком та водозгоном 250 мм L950-1520 мм MASTER TOOL 84-0005","B3B06428-9EEA-11EB-AE88-BC5FF4F4F2AA","0","208.77","ПРОДУКЦІЯ КОМПАНІЇ ""ULTRA SVET"" / ІНСТРУМЕНТ / MASTER TOOL / Автомобільний інструмент / Щітки автомобільні","yes","yes","yes"
"298","27","TOOL194008","MASTERTOOL","Двокомпонентна ручка для валика 8 мм MASTER TOOL 194008","6E1BB598-8E64-11EC-BDD9-BC5FF4F4F2AA","0","11.76","ПРОДУКЦІЯ КОМПАНІЇ ""ULTRA SVET"" / ІНСТРУМЕНТ / MASTER TOOL / Будівельно-обробний інструмент / Ручки для валиков","yes","yes","yes"
"299","27","MLL1207","MASTERTOOL","Рівень лазерний PROFI H360+2*V360, 3 лазерні головки GREEN, 0.3мм/м, 45м, MASTER TOOL MLL 1207","BA14D44F-9EEA-11EB-AE88-BC5FF4F4F2AA","0","3622.38","ПРОДУКЦІЯ КОМПАНІЇ ""ULTRA SVET"" / ІНСТРУМЕНТ / MASTER TOOL / Вимірювальний інструмент / Рівні спеціальні","yes","yes","yes"
"300","27","MLL507","MPT","Рівень лазерний PROFI H360+V, 2 лазерні головки GREEN, 0.3мм/м, 45м, тринога, сумка MPT MLL507","627B8C9F-2C12-11EC-9962-BC5FF4F4F2AA","0","4347.09","ПРОДУКЦІЯ КОМПАНІЇ ""ULTRA SVET"" / ІНСТРУМЕНТ / MASTER TOOL / Вимірювальний інструмент / Рівні спеціальні","yes","yes","yes"
"301","27","TOOL194006","MASTERTOOL","Ручка двокомпонентна для валика 6 мм MASTER TOOL 194006","6E1BB596-8E64-11EC-BDD9-BC5FF4F4F2AA","0","11.76","ПРОДУКЦІЯ КОМПАНІЇ ""ULTRA SVET"" / ІНСТРУМЕНТ / MASTER TOOL / Будівельно-обробний інструмент / Ручки для валиков","yes","yes","yes"
"302","26","92-2330","MASTERTOOL","Ванна для валиків, велика 330*305 MASTER TOOL 92-2330","627B8CA5-2C12-11EC-9962-BC5FF4F4F2AA","85","23.85","ПРОДУКЦІЯ КОМПАНІЇ ""ULTRA SVET"" / ІНСТРУМЕНТ / MASTER TOOL / Будівельно-обробний інструмент / Ванночки малярні","yes","yes","yes"
"303","26","92-2152","MASTERTOOL","Ванна для валиків 150*220 MASTER TOOL 92-2152","BA14D5D5-9EEA-11EB-AE88-BC5FF4F4F2AA","75","9.11","ПРОДУКЦІЯ КОМПАНІЇ ""ULTRA SVET"" / ІНСТРУМЕНТ / MASTER TOOL / Будівельно-обробний інструмент / Ванночки малярні","yes","yes","yes"
"304","26","92-7102","MASTERTOOL","Ручка для валика 100 мм d 6 мм (власне вироб.) MASTER TOOL 92-7102","BA14D5CD-9EEA-11EB-AE88-BC5FF4F4F2AA","51","13.53","ПРОДУКЦІЯ КОМПАНІЇ ""ULTRA SVET"" / ІНСТРУМЕНТ / MASTER TOOL / Будівельно-обробний інструмент / Ручки для валиков","yes","yes","yes"
"305","26","92-4600","MASTERTOOL","Валик малярський Velour 15/70/4 мм d 6 мм MASTER TOOL 92-4600 (10шт)","BA14D50D-9EEA-11EB-AE88-BC5FF4F4F2AA","50","7.46","ПРОДУКЦІЯ КОМПАНІЇ ""ULTRA SVET"" / ІНСТРУМЕНТ / MASTER TOOL / Будівельно-обробний інструмент / Валики / Валіки Velour","yes","yes","yes"
"306","26","92-9080","ГОСПОДАР","З'єднувач для шланга 1/2"" ГОСПОДАР 92-9080","C0598BB0-9EEA-11EB-AE88-BC5FF4F4F2AA","50","1.94","ПРОДУКЦІЯ КОМПАНІЇ ""ULTRA SVET"" / ІНСТРУМЕНТ / MASTER TOOL / Садовий інструмент / Полив / Аксесуари для поливу / Системи поливу УКРАИНА / З'єднання для шлангів","yes","yes","yes"
"307","26","79-9146","MASTERTOOL","Захисна плівка 4*5 м, 7 мкм MASTER TOOL 79-9146","BA14D607-9EEA-11EB-AE88-BC5FF4F4F2AA","37","15.52","ПРОДУКЦІЯ КОМПАНІЇ ""ULTRA SVET"" / ІНСТРУМЕНТ / MASTER TOOL / Будівельно-обробний інструмент / Рулонні матеріали ( Стрічки, скотчі, сітки та інше ) / Плівки","yes","yes","yes"
"308","26","92-9053","ГОСПОДАР","Муфта цангова для шланга 1/2"" ГОСПОДАР 92-9053","8BC7D0F7-8E64-11EC-BDD9-BC5FF4F4F2AA","37","11.49","ПРОДУКЦІЯ КОМПАНІЇ ""ULTRA SVET"" / ІНСТРУМЕНТ / MASTER TOOL / Садовий інструмент / Полив / Аксесуари для поливу / Системи поливу УКРАИНА / Швидкознімні з'єднання","yes","yes","yes"
"309","26","83-0655","MASTERTOOL","Рукавички безшовні трикотажні з поліуретановим покриттям ""Фіалка"" 9"" MASTER TOOL 83-0655","02BB815A-EB5A-11EE-AF97-BC5FF4F4F2AA","36","15.52","ПРОДУКЦІЯ КОМПАНІЇ ""ULTRA SVET"" / ІНСТРУМЕНТ / MASTER TOOL / Засоби захисту / Рукавички / Рукавичка з поліуретановим покриттям","yes","yes","yes"
"310","26","83-0651","MASTERTOOL","Рукавички безшовні трикотажні з поліуретановим покриттям долоні ""Барвінок"" 9"" 17-20 г підвіс 83-0651","EBC784AF-911A-11ED-B929-BC5FF4F4F2AA","34","15.52","ПРОДУКЦІЯ КОМПАНІЇ ""ULTRA SVET"" / ІНСТРУМЕНТ / MASTER TOOL / Засоби захисту / Рукавички / Рукавичка з поліуретановим покриттям","yes","yes","yes"
"311","26","83-0652","MASTERTOOL","Рукавички безшовні трикотажні з поліуретановим покриттям долоні ""Мальва"" 9"" 17-20 г підвіс 83-0652","EBC784B1-911A-11ED-B929-BC5FF4F4F2AA","34","15.52","ПРОДУКЦІЯ КОМПАНІЇ ""ULTRA SVET"" / ІНСТРУМЕНТ / MASTER TOOL / Засоби захисту / Рукавички / Рукавичка з поліуретановим покриттям","yes","yes","yes"
"312","26","92-9042","ГОСПОДАР","Адаптер 3/4""НР ГОСПОДАР 92-9042","C0598B84-9EEA-11EB-AE88-BC5FF4F4F2AA","33","4.81","ПРОДУКЦІЯ КОМПАНІЇ ""ULTRA SVET"" / ІНСТРУМЕНТ / MASTER TOOL / Садовий інструмент / Полив / Аксесуари для поливу / Системи поливу УКРАИНА / Швидкознімні з'єднання","yes","yes","yes"
"313","26","92-7101","MASTERTOOL","Ручка для валика 60 мм d 6 мм (власне вироб.) MASTER TOOL 92-7101","BA14D5CB-9EEA-11EB-AE88-BC5FF4F4F2AA","33","11.76","ПРОДУКЦІЯ КОМПАНІЇ ""ULTRA SVET"" / ІНСТРУМЕНТ / MASTER TOOL / Будівельно-обробний інструмент / Ручки для валиков","yes","yes","yes"
"314","26","92-9085","ГОСПОДАР","З'єднувач для шланга 1/2"", 5/8"" ГОСПОДАР 92-9085","C0598BB8-9EEA-11EB-AE88-BC5FF4F4F2AA","30","3.26","ПРОДУКЦІЯ КОМПАНІЇ ""ULTRA SVET"" / ІНСТРУМЕНТ / MASTER TOOL / Садовий інструмент / Полив / Аксесуари для поливу / Системи поливу УКРАИНА / З'єднання для шлангів","yes","yes","yes"
"315","26","92-9079","ГОСПОДАР","Штуцер 1/2"" НР - шланг 3/4"" ГОСПОДАР 92-9079","C0598BAE-9EEA-11EB-AE88-BC5FF4F4F2AA","30","2.27","ПРОДУКЦІЯ КОМПАНІЇ ""ULTRA SVET"" / ІНСТРУМЕНТ / MASTER TOOL / Садовий інструмент / Полив / Аксесуари для поливу / Системи поливу УКРАИНА / З'єднання для шлангів","yes","yes","yes"
"316","26","91-3004","MASTERTOOL","Пензлик для підфарбовування №2 (4мм) MASTER TOOL 91-3004","BA14D4AB-9EEA-11EB-AE88-BC5FF4F4F2AA","28","7.46","ПРОДУКЦІЯ КОМПАНІЇ ""ULTRA SVET"" / ІНСТРУМЕНТ / MASTER TOOL / Будівельно-обробний інструмент / Пензли / Пензли плоскі","yes","yes","yes"
"317","26","14-6264","MASTERTOOL","Лопата штикова 220х300х390 мм лак 0.8 кг 14-6264 MASTER TOOL 14-6264 - АКЦІЯ!","4C9A6A44-61AD-11EC-89C3-BC5FF4F4F2AA","27","90","ПРОДУКЦІЯ КОМПАНІЇ ""ULTRA SVET"" / ІНСТРУМЕНТ / MASTER TOOL / Садовий інструмент / Лопати / Лопати MASTERTOOL / Лопати з лаковим покриттям","yes","yes","yes"
"318","26","91-3006","MASTERTOOL","Пензлик для підфарбовування №4 (6мм) MASTER TOOL 91-3006","BA14D4AD-9EEA-11EB-AE88-BC5FF4F4F2AA","27","8.01","ПРОДУКЦІЯ КОМПАНІЇ ""ULTRA SVET"" / ІНСТРУМЕНТ / MASTER TOOL / Будівельно-обробний інструмент / Пензли / Пензли плоскі","yes","yes","yes"
"319","26","42-0140","MASTERTOOL","Мастило графітне 30 г, жерсть MASTER TOOL 42-0140","CC5865B5-9EEA-11EB-AE88-BC5FF4F4F2AA","26","22.14","ПРОДУКЦІЯ КОМПАНІЇ ""ULTRA SVET"" / ІНСТРУМЕНТ / MASTER TOOL / Господарчий / Олії, мастила, кислоти","yes","yes","yes"
"320","26","92-9050","ГОСПОДАР","Конектор для шланга 1/2"" ГОСПОДАР 92-9050","C0598B8C-9EEA-11EB-AE88-BC5FF4F4F2AA","25","12.81","ПРОДУКЦІЯ КОМПАНІЇ ""ULTRA SVET"" / ІНСТРУМЕНТ / MASTER TOOL / Садовий інструмент / Полив / Аксесуари для поливу / Системи поливу УКРАИНА / Швидкознімні з'єднання","yes","yes","yes"
"321","26","91-3008","MASTERTOOL","Пензлик для підфарбовування №6 (8мм) MASTER TOOL 91-3008","BA14D4AF-9EEA-11EB-AE88-BC5FF4F4F2AA","25","8.62","ПРОДУКЦІЯ КОМПАНІЇ ""ULTRA SVET"" / ІНСТРУМЕНТ / MASTER TOOL / Будівельно-обробний інструмент / Пензли / Пензли плоскі","yes","yes","yes"
"322","26","92-9110","ГОСПОДАР","Штуцер розбірний 1/2 ""ВР,3/4 ""ВР - шланг ГОСПОДАР 92-9110","B5AC9671-C72E-11EC-991D-BC5FF4F4F2AA","25","9.22","ПРОДУКЦІЯ КОМПАНІЇ ""ULTRA SVET"" / ІНСТРУМЕНТ / MASTER TOOL / Садовий інструмент / Полив / Аксесуари для поливу / Системи поливу УКРАИНА / З'єднання для шлангів","yes","yes","yes"
"323","26","92-9109","ГОСПОДАР","Штуцер розбірний 3/4"" ВР - шланг 1/2"",3/4"",1"" ГОСПОДАР 92-9109","C0598BDA-9EEA-11EB-AE88-BC5FF4F4F2AA","25","8.17","ПРОДУКЦІЯ КОМПАНІЇ ""ULTRA SVET"" / ІНСТРУМЕНТ / MASTER TOOL / Садовий інструмент / Полив / Аксесуари для поливу / Системи поливу УКРАИНА / З'єднання для шлангів","yes","yes","yes"
"324","26","91-3012","MASTERTOOL","Пензлик для підфарбовування №10 (12мм) MASTER TOOL 91-3012","BA14D4B3-9EEA-11EB-AE88-BC5FF4F4F2AA","24","10.27","ПРОДУКЦІЯ КОМПАНІЇ ""ULTRA SVET"" / ІНСТРУМЕНТ / MASTER TOOL / Будівельно-обробний інструмент / Пензли / Пензли плоскі","yes","yes","yes"
"325","26","91-3018","MASTERTOOL","Пензлик для підфарбовування №12 (18мм) MASTER TOOL 91-3018","BA14D4B5-9EEA-11EB-AE88-BC5FF4F4F2AA","24","11.38","ПРОДУКЦІЯ КОМПАНІЇ ""ULTRA SVET"" / ІНСТРУМЕНТ / MASTER TOOL / Будівельно-обробний інструмент / Пензли / Пензли плоскі","yes","yes","yes"
"326","26","91-3010","MASTERTOOL","Пензлик для підфарбовування №8 (10мм) MASTER TOOL 91-3010","BA14D4B1-9EEA-11EB-AE88-BC5FF4F4F2AA","24","8.89","ПРОДУКЦІЯ КОМПАНІЇ ""ULTRA SVET"" / ІНСТРУМЕНТ / MASTER TOOL / Будівельно-обробний інструмент / Пензли / Пензли плоскі","yes","yes","yes"
"327","26","17-0528","MASTERTOOL","Ніж 18 мм пластиковий з металевою направляючою фіксатором MASTER TOOL 17-0528","C05987DC-9EEA-11EB-AE88-BC5FF4F4F2AA","23","18.55","ПРОДУКЦІЯ КОМПАНІЇ ""ULTRA SVET"" / ІНСТРУМЕНТ / MASTER TOOL / Будівельно-обробний інструмент / Ножі будівельні","yes","yes","yes"
"328","26","82-0603","MASTERTOOL","Окуляри захисні КОМФОРТ жовті з регульованими дужками MASTER TOOL 82-0603","C0598894-9EEA-11EB-AE88-BC5FF4F4F2AA","23","36.55","ПРОДУКЦІЯ КОМПАНІЇ ""ULTRA SVET"" / ІНСТРУМЕНТ / MASTER TOOL / Засоби захисту / Окуляри захисні / Окуляри захисні відкриті WORKLINE","yes","yes","yes"
"329","26","92-9040","ГОСПОДАР","Адаптер 1/2""НР ГОСПОДАР 92-9040","C0598B80-9EEA-11EB-AE88-BC5FF4F4F2AA","22","4.2","ПРОДУКЦІЯ КОМПАНІЇ ""ULTRA SVET"" / ІНСТРУМЕНТ / MASTER TOOL / Садовий інструмент / Полив / Аксесуари для поливу / Системи поливу УКРАИНА / Швидкознімні з'єднання","yes","yes","yes"
"330","26","92-9084","ГОСПОДАР","З'єднувач для шланга 3/4"" ГОСПОДАР 92-9084","C0598BB6-9EEA-11EB-AE88-BC5FF4F4F2AA","20","3.26","ПРОДУКЦІЯ КОМПАНІЇ ""ULTRA SVET"" / ІНСТРУМЕНТ / MASTER TOOL / Садовий інструмент / Полив / Аксесуари для поливу / Системи поливу УКРАИНА / З'єднання для шлангів","yes","yes","yes"
"331","26","6-01-025","GRANITE","Свердло для металу HSS 2,5 мм подовжене біле, DIN340 GRANITE 6-01-025","A1729FAC-9EEA-11EB-AE88-BC5FF4F4F2AA","20","7.18","ПРОДУКЦІЯ КОМПАНІЇ ""ULTRA SVET"" / ІНСТРУМЕНТ / MASTER TOOL / Витратні матеріали / Свердла, стамески, фрези / Свердла для металу подовжені Р6М5 (білі) GRANITE","yes","yes","yes"
"332","26","6-01-030","GRANITE","Свердло для металу HSS 3,0 мм подовжене біле, DIN340 GRANITE 6-01-030","A1729FAE-9EEA-11EB-AE88-BC5FF4F4F2AA","20","7.46","ПРОДУКЦІЯ КОМПАНІЇ ""ULTRA SVET"" / ІНСТРУМЕНТ / MASTER TOOL / Витратні матеріали / Свердла, стамески, фрези / Свердла для металу подовжені Р6М5 (білі) GRANITE","yes","yes","yes"
"333","26","6-01-032","GRANITE","Свердло для металу HSS 3,2 мм подовжене біле, DIN340 GRANITE 6-01-032","A1729FB0-9EEA-11EB-AE88-BC5FF4F4F2AA","20","8.89","ПРОДУКЦІЯ КОМПАНІЇ ""ULTRA SVET"" / ІНСТРУМЕНТ / MASTER TOOL / Витратні матеріали / Свердла, стамески, фрези / Свердла для металу подовжені Р6М5 (білі) GRANITE","yes","yes","yes"
"334","26","6-01-040","GRANITE","Свердло для металу HSS 4,0 мм подовжене біле, DIN340 GRANITE 6-01-040","A1729FB8-9EEA-11EB-AE88-BC5FF4F4F2AA","20","11.38","ПРОДУКЦІЯ КОМПАНІЇ ""ULTRA SVET"" / ІНСТРУМЕНТ / MASTER TOOL / Витратні матеріали / Свердла, стамески, фрези / Свердла для металу подовжені Р6М5 (білі) GRANITE","yes","yes","yes"
"335","26","6-01-045","GRANITE","Свердло для металу HSS 4,5 мм подовжене біле, DIN340 GRANITE 6-01-045","A1729FBC-9EEA-11EB-AE88-BC5FF4F4F2AA","20","12.76","ПРОДУКЦІЯ КОМПАНІЇ ""ULTRA SVET"" / ІНСТРУМЕНТ / MASTER TOOL / Витратні матеріали / Свердла, стамески, фрези / Свердла для металу подовжені Р6М5 (білі) GRANITE","yes","yes","yes"
"336","26","6-01-055","GRANITE","Свердло для металу HSS 5,5 мм подовжене біле, DIN340 GRANITE 6-01-055","A1729FC4-9EEA-11EB-AE88-BC5FF4F4F2AA","20","16.34","ПРОДУКЦІЯ КОМПАНІЇ ""ULTRA SVET"" / ІНСТРУМЕНТ / MASTER TOOL / Витратні матеріали / Свердла, стамески, фрези / Свердла для металу подовжені Р6М5 (білі) GRANITE","yes","yes","yes"
"337","26","6-01-060","GRANITE","Свердло для металу HSS 6,0 мм подовжене біле, DIN340 GRANITE 6-01-060","A1729FC6-9EEA-11EB-AE88-BC5FF4F4F2AA","20","18.28","ПРОДУКЦІЯ КОМПАНІЇ ""ULTRA SVET"" / ІНСТРУМЕНТ / MASTER TOOL / Витратні матеріали / Свердла, стамески, фрези / Свердла для металу подовжені Р6М5 (білі) GRANITE","yes","yes","yes"
"338","26","6-01-065","GRANITE","Свердло для металу HSS 6,5 мм подовжене біле, DIN340 GRANITE 6-01-065","A1729FCA-9EEA-11EB-AE88-BC5FF4F4F2AA","20","22.42","ПРОДУКЦІЯ КОМПАНІЇ ""ULTRA SVET"" / ІНСТРУМЕНТ / MASTER TOOL / Витратні матеріали / Свердла, стамески, фрези / Свердла для металу подовжені Р6М5 (білі) GRANITE","yes","yes","yes"
"339","26","6-01-070","GRANITE","Свердло для металу HSS 7,0 мм подовжене біле, DIN340 GRANITE 6-01-070","A1729FCC-9EEA-11EB-AE88-BC5FF4F4F2AA","20","23.8","ПРОДУКЦІЯ КОМПАНІЇ ""ULTRA SVET"" / ІНСТРУМЕНТ / MASTER TOOL / Витратні матеріали / Свердла, стамески, фрези / Свердла для металу подовжені Р6М5 (білі) GRANITE","yes","yes","yes"
"340","26","92-9063","ГОСПОДАР","Трійник для шланга 1/2"",3/4"" ГОСПОДАР 92-9063","C0598BA0-9EEA-11EB-AE88-BC5FF4F4F2AA","20","5.14","ПРОДУКЦІЯ КОМПАНІЇ ""ULTRA SVET"" / ІНСТРУМЕНТ / MASTER TOOL / Садовий інструмент / Полив / Аксесуари для поливу / Системи поливу УКРАИНА / З'єднання для шлангів","yes","yes","yes"
"341","26","92-9066","ГОСПОДАР","Трійник для шланга 3/4"" ГОСПОДАР 92-9066","C0598BA2-9EEA-11EB-AE88-BC5FF4F4F2AA","20","4.81","ПРОДУКЦІЯ КОМПАНІЇ ""ULTRA SVET"" / ІНСТРУМЕНТ / MASTER TOOL / Садовий інструмент / Полив / Аксесуари для поливу / Системи поливу УКРАИНА / З'єднання для шлангів","yes","yes","yes"
"342","26","92-9078","ГОСПОДАР","Штуцер 3/4"" НР - шланг 3/4"" ГОСПОДАР 92-9078","C0598BAC-9EEA-11EB-AE88-BC5FF4F4F2AA","20","2.99","ПРОДУКЦІЯ КОМПАНІЇ ""ULTRA SVET"" / ІНСТРУМЕНТ / MASTER TOOL / Садовий інструмент / Полив / Аксесуари для поливу / Системи поливу УКРАИНА / З'єднання для шлангів","yes","yes","yes"
"343","26","92-9014","MASTERTOOL","Дощувач ""Равлик"" d 9 см, під конектор, на різьбовій ніжці MASTER TOOL 92-9014","C0598B64-9EEA-11EB-AE88-BC5FF4F4F2AA","19","26.34","ПРОДУКЦІЯ КОМПАНІЇ ""ULTRA SVET"" / ІНСТРУМЕНТ / MASTER TOOL / Садовий інструмент / Полив / Аксесуари для поливу / Системи поливу УКРАИНА / Зрошувачі","yes","yes","yes"
"344","26","83-0501","MASTERTOOL","Рукавички кислотостійкі, бавовняний трикотаж, повне ПВХ , в'язаний (червоні) MASTER TOOL 83-0501","C059886A-9EEA-11EB-AE88-BC5FF4F4F2AA","18","49.57","ПРОДУКЦІЯ КОМПАНІЇ ""ULTRA SVET"" / ІНСТРУМЕНТ / MASTER TOOL / Засоби захисту / Рукавички / Руковичка трикотажна в'язана","yes","yes","yes"
"345","26","76-0932","MASTERTOOL","Ключі накидні універсальні 9-32 мм, набір 2 шт. MASTER TOOL 76-0932","B3B060DA-9EEA-11EB-AE88-BC5FF4F4F2AA","17","154.79","ПРОДУКЦІЯ КОМПАНІЇ ""ULTRA SVET"" / ІНСТРУМЕНТ / MASTER TOOL / Столярно-слюсарний інструмент / Ключі трубні","yes","yes","yes"
"346","26","92-7103","MASTERTOOL","Ручка для валика 150 мм d 6 мм (власне вироб.) MASTER TOOL 92-7103","BA14D5CF-9EEA-11EB-AE88-BC5FF4F4F2AA","17","14.85","ПРОДУКЦІЯ КОМПАНІЇ ""ULTRA SVET"" / ІНСТРУМЕНТ / MASTER TOOL / Будівельно-обробний інструмент / Ручки для валиков","yes","yes","yes"
"347","26","71-9008","MASTERTOOL","Ключ комбінований 8 мм CRV standard MASTER TOOL 71-9008","3AF64A68-D45B-11F0-B40F-BC5FF4F4F2AA","16","17.17","ПРОДУКЦІЯ КОМПАНІЇ ""ULTRA SVET"" / ІНСТРУМЕНТ / MASTER TOOL / Автомобільний інструмент / Ключі / Ключі комбіновані ( ріжково-накидні ) / Ключі комбіновані STANDARD","yes","yes","yes"
"348","26","92-9139","ГОСПОДАР","Насадка для поливу ""Булава"" ГОСПОДАР 92-9139","C0598BF4-9EEA-11EB-AE88-BC5FF4F4F2AA","16","27.55","ПРОДУКЦІЯ КОМПАНІЇ ""ULTRA SVET"" / ІНСТРУМЕНТ / MASTER TOOL / Садовий інструмент / Полив / Аксесуари для поливу / Системи поливу УКРАИНА / Пістолети для поливу","yes","yes","yes"
"349","26","92-9041","MASTERTOOL","Адаптер 1/2""ВР MASTER TOOL 92-9041","C0598B82-9EEA-11EB-AE88-BC5FF4F4F2AA","15","5.75","ПРОДУКЦІЯ КОМПАНІЇ ""ULTRA SVET"" / ІНСТРУМЕНТ / MASTER TOOL / Садовий інструмент / Полив / Аксесуари для поливу / Системи поливу УКРАИНА / Швидкознімні з'єднання","yes","yes","yes"
"350","26","92-9059","ГОСПОДАР","Муфта цангова для шланга 1/2"" ребриста ГОСПОДАР 92-9059","C0598B98-9EEA-11EB-AE88-BC5FF4F4F2AA","15","14.36","ПРОДУКЦІЯ КОМПАНІЇ ""ULTRA SVET"" / ІНСТРУМЕНТ / MASTER TOOL / Садовий інструмент / Полив / Аксесуари для поливу / Системи поливу УКРАИНА / Швидкознімні з'єднання","yes","yes","yes"
"351","26","91-2150","MASTERTOOL","Пензлик круглий, пластикова обойма №14 (50мм/51мм) MASTER TOOL 91-2150","BA14D4BD-9EEA-11EB-AE88-BC5FF4F4F2AA","15","41.24","ПРОДУКЦІЯ КОМПАНІЇ ""ULTRA SVET"" / ІНСТРУМЕНТ / MASTER TOOL / Будівельно-обробний інструмент / Пензли / Пензли круглі","yes","yes","yes"
"352","26","83-0407","MASTERTOOL","Рукавички масло-бензостійкі утеплені, нітрилове покриття (сині) MASTER TOOL 83-0407","C0598868-9EEA-11EB-AE88-BC5FF4F4F2AA","15","57.03","ПРОДУКЦІЯ КОМПАНІЇ ""ULTRA SVET"" / ІНСТРУМЕНТ / MASTER TOOL / Засоби захисту / Рукавички / Рукавички з нітриловим покриттям","yes","yes","yes"
"353","26","92-9311","MASTERTOOL","Адаптер з'єднувальний для конектора 1/2"" MASTER TOOL 92-9311","C0598B40-9EEA-11EB-AE88-BC5FF4F4F2AA","14","12.2","ПРОДУКЦІЯ КОМПАНІЇ ""ULTRA SVET"" / ІНСТРУМЕНТ / MASTER TOOL / Садовий інструмент / Полив / Аксесуари для поливу / Системи поливу MASTER TOOL","yes","yes","yes"
"354","26","06-0001","MASTERTOOL","Напильник для заточування ланцюгів ""Штиль"" 4.8мм MASTER TOOL 06-0001","AD950864-9EEA-11EB-AE88-BC5FF4F4F2AA","14","33.51","ПРОДУКЦІЯ КОМПАНІЇ ""ULTRA SVET"" / ІНСТРУМЕНТ / MASTER TOOL / Столярно-слюсарний інструмент / Надфілі, напильники, рашпилі","yes","yes","yes"
"355","26","92-9328","MASTERTOOL","Адаптер для конектора без різьблення, під кран 1/2""-3/4"" MASTER TOOL 92-9328","7025FB4F-2C12-11EC-9962-BC5FF4F4F2AA","13","44.05","ПРОДУКЦІЯ КОМПАНІЇ ""ULTRA SVET"" / ІНСТРУМЕНТ / MASTER TOOL / Садовий інструмент / Полив / Аксесуари для поливу / Системи поливу MASTER TOOL","yes","yes","yes"
"356","26","14-6196","MASTERTOOL","Граблі садові із подовженою дерев'яною ручкою 5 зубів 375*95 мм MASTER TOOL 14-6196","C0598A84-9EEA-11EB-AE88-BC5FF4F4F2AA","13","71.16","ПРОДУКЦІЯ КОМПАНІЇ ""ULTRA SVET"" / ІНСТРУМЕНТ / MASTER TOOL / Садовий інструмент / Садовий інвентар / Серія з дерев'яною подовженою ручкою","yes","yes","yes"
"357","26","71-9013","MASTERTOOL","Ключ комбінований 13 мм CRV standard MASTER TOOL 71-9013","419EA376-D45B-11F0-B40F-BC5FF4F4F2AA","13","23.8","ПРОДУКЦІЯ КОМПАНІЇ ""ULTRA SVET"" / ІНСТРУМЕНТ / MASTER TOOL / Автомобільний інструмент / Ключі / Ключі комбіновані ( ріжково-накидні ) / Ключі комбіновані STANDARD","yes","yes","yes"
"358","26","06-0000","MASTERTOOL","Напильник для заточування ланцюгів ""Штиль"" 4.0мм MASTER TOOL 06-0000","AD950862-9EEA-11EB-AE88-BC5FF4F4F2AA","13","33.51","ПРОДУКЦІЯ КОМПАНІЇ ""ULTRA SVET"" / ІНСТРУМЕНТ / MASTER TOOL / Столярно-слюсарний інструмент / Надфілі, напильники, рашпилі","yes","yes","yes"
"359","26","48-5210","MASTERTOOL","Викрутка хрестова РН2*100 MASTER TOOL 48-5210","B3B0610A-9EEA-11EB-AE88-BC5FF4F4F2AA","12","37.93","ПРОДУКЦІЯ КОМПАНІЇ ""ULTRA SVET"" / ІНСТРУМЕНТ / MASTER TOOL / Столярно-слюсарний інструмент / Викрутки, біти-насадки / Викрутки СТАНДАРТ","yes","yes","yes"
"360","26","71-1010","MASTERTOOL","Ключ ріжково-накидний 10 мм SS MASTER TOOL 71-1010","B3B06388-9EEA-11EB-AE88-BC5FF4F4F2AA","12","21.86","ПРОДУКЦІЯ КОМПАНІЇ ""ULTRA SVET"" / ІНСТРУМЕНТ / MASTER TOOL / Автомобільний інструмент / Ключі / Ключі комбіновані ( ріжково-накидні ) / Ключі комбіновані ELLIPTICAL","yes","yes","yes"
"361","26","92-9052","ГОСПОДАР","Муфта цангова перехідна для шланга 1/2""-3/4"" ГОСПОДАР 92-9052","7025FB71-2C12-11EC-9962-BC5FF4F4F2AA","12","14.96","ПРОДУКЦІЯ КОМПАНІЇ ""ULTRA SVET"" / ІНСТРУМЕНТ / MASTER TOOL / Садовий інструмент / Полив / Аксесуари для поливу / Системи поливу УКРАИНА / Швидкознімні з'єднання","yes","yes","yes"
"362","26","92-9142","ГОСПОДАР","Насадка для поливу ""Булава"" економ ГОСПОДАР 92-9142","C0598BFA-9EEA-11EB-AE88-BC5FF4F4F2AA","12","21.53","ПРОДУКЦІЯ КОМПАНІЇ ""ULTRA SVET"" / ІНСТРУМЕНТ / MASTER TOOL / Садовий інструмент / Полив / Аксесуари для поливу / Системи поливу УКРАИНА / Пістолети для поливу","yes","yes","yes"
"363","26","17-0198","MASTERTOOL","Ніж 18 мм металевий з напрямною гвинтовою замок MASTER TOOL 17-0198","69BC0AD2-2C12-11EC-9962-BC5FF4F4F2AA","12","50.13","ПРОДУКЦІЯ КОМПАНІЇ ""ULTRA SVET"" / ІНСТРУМЕНТ / MASTER TOOL / Будівельно-обробний інструмент / Ножі будівельні","yes","yes","yes"
"364","26","91-2130","MASTERTOOL","Пензлик круглий, пластикова обойма № 6 (30мм/40мм) MASTER TOOL 91-2130","BA14D4B9-9EEA-11EB-AE88-BC5FF4F4F2AA","12","13.03","ПРОДУКЦІЯ КОМПАНІЇ ""ULTRA SVET"" / ІНСТРУМЕНТ / MASTER TOOL / Будівельно-обробний інструмент / Пензли / Пензли круглі","yes","yes","yes"
"365","26","14-2906","MASTERTOOL","Полотно по металу 2-стороннє, C60, 300 * 25 * 0,6 мм, 24 / 24 * 1 "", Ram B, 6 шт MASTER TOOL 14-2906","A7773E53-9EEA-11EB-AE88-BC5FF4F4F2AA","12","59.29","ПРОДУКЦІЯ КОМПАНІЇ ""ULTRA SVET"" / ІНСТРУМЕНТ / MASTER TOOL / Витратні матеріали / Пилочки для лобзика, ножівочні полотна / Полотно ножівочне","yes","yes","yes"
"366","26","91-9075","MASTERTOOL","Щітка побілкова ПП 75н MASTER TOOL 91-9075","BA14D4F5-9EEA-11EB-AE88-BC5FF4F4F2AA","12","18.66","ПРОДУКЦІЯ КОМПАНІЇ ""ULTRA SVET"" / ІНСТРУМЕНТ / MASTER TOOL / Будівельно-обробний інструмент / Щітки побілочні","yes","yes","yes"
"367","26","79-9148","MASTERTOOL","Захисна плівка 4*5 м, 20 мкм MASTER TOOL 79-9148","BA14D60B-9EEA-11EB-AE88-BC5FF4F4F2AA","11","60.12","ПРОДУКЦІЯ КОМПАНІЇ ""ULTRA SVET"" / ІНСТРУМЕНТ / MASTER TOOL / Будівельно-обробний інструмент / Рулонні матеріали ( Стрічки, скотчі, сітки та інше ) / Плівки","yes","yes","yes"
"368","26","14-2905","MASTERTOOL","Полотно по металу 1-стороннє, С60, 300*12,5*0,6 мм, 24*1"", Ram A, 6 шт MASTER TOOL 14-2905","A7773E51-9EEA-11EB-AE88-BC5FF4F4F2AA","11","42.07","ПРОДУКЦІЯ КОМПАНІЇ ""ULTRA SVET"" / ІНСТРУМЕНТ / MASTER TOOL / Витратні матеріали / Пилочки для лобзика, ножівочні полотна / Полотно ножівочне","yes","yes","yes"
"369","26","14-2907","MASTERTOOL","Полотно по металу 2-стороннє, C60, 300*12,5*0,6 мм, 24/24*1"", Ram C, 6 шт MASTER TOOL 14-2907","A7773E55-9EEA-11EB-AE88-BC5FF4F4F2AA","11","42.07","ПРОДУКЦІЯ КОМПАНІЇ ""ULTRA SVET"" / ІНСТРУМЕНТ / MASTER TOOL / Витратні матеріали / Пилочки для лобзика, ножівочні полотна / Полотно ножівочне","yes","yes","yes"
"370","26","20-1902","MASTERTOOL","Хомут черв'ячний оцинкований American type 8,0 мм Ø 12-20 мм, 50 шт MASTER TOOL 20-1902","AD95075C-9EEA-11EB-AE88-BC5FF4F4F2AA","11","135.41","ПРОДУКЦІЯ КОМПАНІЇ ""ULTRA SVET"" / ІНСТРУМЕНТ / MASTER TOOL / Кріпильний інструмент / Хомути черв'ячні / Хомути черв'ячні AMERICAN TYPE","yes","yes","yes"
"371","26","92-9307","MASTERTOOL","Адаптер для конектора 1/2"" ВР MASTER TOOL 92-9307","C0598B38-9EEA-11EB-AE88-BC5FF4F4F2AA","10","12.2","ПРОДУКЦІЯ КОМПАНІЇ ""ULTRA SVET"" / ІНСТРУМЕНТ / MASTER TOOL / Садовий інструмент / Полив / Аксесуари для поливу / Системи поливу MASTER TOOL","yes","yes","yes"
"372","26","92-9306","MASTERTOOL","Адаптер для конектора 1/2"" НР MASTER TOOL 92-9306","C0598B36-9EEA-11EB-AE88-BC5FF4F4F2AA","10","12.2","ПРОДУКЦІЯ КОМПАНІЇ ""ULTRA SVET"" / ІНСТРУМЕНТ / MASTER TOOL / Садовий інструмент / Полив / Аксесуари для поливу / Системи поливу MASTER TOOL","yes","yes","yes"
"373","26","92-9308","MASTERTOOL","Адаптер для конектора 3/4"" НР MASTER TOOL 92-9308","C0598B3A-9EEA-11EB-AE88-BC5FF4F4F2AA","10","12.2","ПРОДУКЦІЯ КОМПАНІЇ ""ULTRA SVET"" / ІНСТРУМЕНТ / MASTER TOOL / Садовий інструмент / Полив / Аксесуари для поливу / Системи поливу MASTER TOOL","yes","yes","yes"
"374","26","92-9031","ГОСПОДАР","Дощувач ""Вертоліт"" 3-ход. ГОСПОДАР 92-9031","C0598B76-9EEA-11EB-AE88-BC5FF4F4F2AA","10","29.81","ПРОДУКЦІЯ КОМПАНІЇ ""ULTRA SVET"" / ІНСТРУМЕНТ / MASTER TOOL / Садовий інструмент / Полив / Аксесуари для поливу / Системи поливу УКРАИНА / Зрошувачі","yes","yes","yes"
"375","26","92-9019","ГОСПОДАР","Дощувач ""Равлик"" d 9 см, шланг 3/4"" ГОСПОДАР 92-9019","C0598B66-9EEA-11EB-AE88-BC5FF4F4F2AA","10","14.96","ПРОДУКЦІЯ КОМПАНІЇ ""ULTRA SVET"" / ІНСТРУМЕНТ / MASTER TOOL / Садовий інструмент / Полив / Аксесуари для поливу / Системи поливу УКРАИНА / Зрошувачі","yes","yes","yes"
"376","26","79-9147","MASTERTOOL","Захисна плівка 4*12,5 м, 7 мкм MASTER TOOL 79-9147","BA14D609-9EEA-11EB-AE88-BC5FF4F4F2AA","10","44.05","ПРОДУКЦІЯ КОМПАНІЇ ""ULTRA SVET"" / ІНСТРУМЕНТ / MASTER TOOL / Будівельно-обробний інструмент / Рулонні матеріали ( Стрічки, скотчі, сітки та інше ) / Плівки","yes","yes","yes"
"377","26","71-9006","MASTERTOOL","Ключ комбінований 6 мм CRV standard MASTER TOOL 71-9006","3AF64A64-D45B-11F0-B40F-BC5FF4F4F2AA","10","14.96","ПРОДУКЦІЯ КОМПАНІЇ ""ULTRA SVET"" / ІНСТРУМЕНТ / MASTER TOOL / Автомобільний інструмент / Ключі / Ключі комбіновані ( ріжково-накидні ) / Ключі комбіновані STANDARD","yes","yes","yes"
"378","26","71-9009","MASTERTOOL","Ключ комбінований 9 мм CRV standard MASTER TOOL 71-9009","3AF64A6A-D45B-11F0-B40F-BC5FF4F4F2AA","10","18.55","ПРОДУКЦІЯ КОМПАНІЇ ""ULTRA SVET"" / ІНСТРУМЕНТ / MASTER TOOL / Автомобільний інструмент / Ключі / Ключі комбіновані ( ріжково-накидні ) / Ключі комбіновані STANDARD","yes","yes","yes"
"379","26","92-0306","ГОСПОДАР","Мишоловка - хлопавка 45*90 мм пластикова ГОСПОДАР 92-0306","C656D675-9EEA-11EB-AE88-BC5FF4F4F2AA","10","11.98","ПРОДУКЦІЯ КОМПАНІЇ ""ULTRA SVET"" / ІНСТРУМЕНТ / MASTER TOOL / Господарчий / Знищувачі для гризунів і комах","yes","yes","yes"
"380","26","92-9317","MASTERTOOL","Муфта з'єднувальна для шланга 1/2"" MASTER TOOL 92-9317","7025FB45-2C12-11EC-9962-BC5FF4F4F2AA","10","15.52","ПРОДУКЦІЯ КОМПАНІЇ ""ULTRA SVET"" / ІНСТРУМЕНТ / MASTER TOOL / Садовий інструмент / Полив / Аксесуари для поливу / Системи поливу MASTER TOOL","yes","yes","yes"
"381","26","14-2201","MASTERTOOL","Пилочка для лобзика ручного 50 шт MASTER TOOL 14-2201","A7773E47-9EEA-11EB-AE88-BC5FF4F4F2AA","10","29.92","ПРОДУКЦІЯ КОМПАНІЇ ""ULTRA SVET"" / ІНСТРУМЕНТ / MASTER TOOL / Витратні матеріали / Пилочки для лобзика, ножівочні полотна / Полотно ножівочне","yes","yes","yes"
"382","26","92-9327","MASTERTOOL","Подвійний розподільник для конектора 1/2"" з регулюванням MASTER TOOL 92-9327","B5AC966F-C72E-11EC-991D-BC5FF4F4F2AA","10","51.78","ПРОДУКЦІЯ КОМПАНІЇ ""ULTRA SVET"" / ІНСТРУМЕНТ / MASTER TOOL / Садовий інструмент / Полив / Аксесуари для поливу / Системи поливу MASTER TOOL","yes","yes","yes"
"383","26","6-01-020","GRANITE","Свердло для металу HSS 2,0 мм подовжене біле, DIN340 GRANITE 6-01-020","A1729FAA-9EEA-11EB-AE88-BC5FF4F4F2AA","10","6.63","ПРОДУКЦІЯ КОМПАНІЇ ""ULTRA SVET"" / ІНСТРУМЕНТ / MASTER TOOL / Витратні матеріали / Свердла, стамески, фрези / Свердла для металу подовжені Р6М5 (білі) GRANITE","yes","yes","yes"
"384","26","6-00-025","GRANITE","Свердло для металу HSS 2,5 мм біле, DIN338 GRANITE 6-00-025","A1729F64-9EEA-11EB-AE88-BC5FF4F4F2AA","10","3.32","ПРОДУКЦІЯ КОМПАНІЇ ""ULTRA SVET"" / ІНСТРУМЕНТ / MASTER TOOL / Витратні матеріали / Свердла, стамески, фрези / Свердла для металу Р6М5 (білі) GRANITE","yes","yes","yes"
"385","26","6-01-035","GRANITE","Свердло для металу HSS 3,5 мм подовжене біле, DIN340 GRANITE 6-01-035","A1729FB4-9EEA-11EB-AE88-BC5FF4F4F2AA","10","9.44","ПРОДУКЦІЯ КОМПАНІЇ ""ULTRA SVET"" / ІНСТРУМЕНТ / MASTER TOOL / Витратні матеріали / Свердла, стамески, фрези / Свердла для металу подовжені Р6М5 (білі) GRANITE","yes","yes","yes"
"386","26","17-0512","MASTERTOOL","Скребок для фарби з лезом трапеція MASTER TOOL 17-0512","BA14D767-9EEA-11EB-AE88-BC5FF4F4F2AA","10","11.65","ПРОДУКЦІЯ КОМПАНІЇ ""ULTRA SVET"" / ІНСТРУМЕНТ / MASTER TOOL / Будівельно-обробний інструмент / Циклі, скребки","yes","yes","yes"
"387","26","92-9312","MASTERTOOL","Трійник з'єднувальний для конектора 1/2"" MASTER TOOL 92-9312","C0598B42-9EEA-11EB-AE88-BC5FF4F4F2AA","10","16.9","ПРОДУКЦІЯ КОМПАНІЇ ""ULTRA SVET"" / ІНСТРУМЕНТ / MASTER TOOL / Садовий інструмент / Полив / Аксесуари для поливу / Системи поливу MASTER TOOL","yes","yes","yes"
"388","26","48-5610","MASTERTOOL","Викрутка плоска SL6*100 MASTER TOOL 48-5610","B3B06138-9EEA-11EB-AE88-BC5FF4F4F2AA","9","37.93","ПРОДУКЦІЯ КОМПАНІЇ ""ULTRA SVET"" / ІНСТРУМЕНТ / MASTER TOOL / Столярно-слюсарний інструмент / Викрутки, біти-насадки / Викрутки СТАНДАРТ","yes","yes","yes"
"389","26","48-5015","MASTERTOOL","Викрутка хрестова РН0*150 MASTER TOOL 48-5015","571DD6C2-2C12-11EC-9962-BC5FF4F4F2AA","9","28.27","ПРОДУКЦІЯ КОМПАНІЇ ""ULTRA SVET"" / ІНСТРУМЕНТ / MASTER TOOL / Столярно-слюсарний інструмент / Викрутки, біти-насадки / Викрутки СТАНДАРТ","yes","yes","yes"
"390","26","42-0201","MASTERTOOL","Каніфоль 10 г MASTER TOOL 42-0201","A7773F73-9EEA-11EB-AE88-BC5FF4F4F2AA","9","12.92","ПРОДУКЦІЯ КОМПАНІЇ ""ULTRA SVET"" / ІНСТРУМЕНТ / MASTER TOOL / Кріпильний інструмент / Припій, клею / Припії, флюси для паяння, каніфоль","yes","yes","yes"
"391","26","71-1016","MASTERTOOL","Ключ ріжково-накидний 16 мм SS MASTER TOOL 71-1016","B3B06394-9EEA-11EB-AE88-BC5FF4F4F2AA","9","41.79","ПРОДУКЦІЯ КОМПАНІЇ ""ULTRA SVET"" / ІНСТРУМЕНТ / MASTER TOOL / Автомобільний інструмент / Ключі / Ключі комбіновані ( ріжково-накидні ) / Ключі комбіновані ELLIPTICAL","yes","yes","yes"
"392","26","71-1008","MASTERTOOL","Ключ ріжково-накидний 8 мм SS MASTER TOOL 71-1008","B3B06384-9EEA-11EB-AE88-BC5FF4F4F2AA","9","19.93","ПРОДУКЦІЯ КОМПАНІЇ ""ULTRA SVET"" / ІНСТРУМЕНТ / MASTER TOOL / Автомобільний інструмент / Ключі / Ключі комбіновані ( ріжково-накидні ) / Ключі комбіновані ELLIPTICAL","yes","yes","yes"
"393","26","91-1650","MASTERTOOL","Пензель плоский ""Стандарт"" 2,0"" (50мм/12мм/38мм) MASTER TOOL 91-1650","BA14D499-9EEA-11EB-AE88-BC5FF4F4F2AA","9","12.76","ПРОДУКЦІЯ КОМПАНІЇ ""ULTRA SVET"" / ІНСТРУМЕНТ / MASTER TOOL / Будівельно-обробний інструмент / Пензли / Пензли плоскі","yes","yes","yes"
"394","26","0-10-210","GRANITE","Свердло для бетону SDS-PLUS S4 10* 210 мм GRANITE 0-10-210","F860BF5E-9EE8-11EB-AE88-BC5FF4F4F2AA","9","44.05","ПРОДУКЦІЯ КОМПАНІЇ ""ULTRA SVET"" / ІНСТРУМЕНТ / MASTER TOOL / Витратні матеріали / Свердла, стамески, фрези / Свердла для бетону SDS-PLUS","yes","yes","yes"
"395","26","45-8575","MASTERTOOL","Викрутка плоска SL5* 75 посилена MASTER TOOL 45-8575","B3B0615C-9EEA-11EB-AE88-BC5FF4F4F2AA","8","38.48","ПРОДУКЦІЯ КОМПАНІЇ ""ULTRA SVET"" / ІНСТРУМЕНТ / MASTER TOOL / Столярно-слюсарний інструмент / Викрутки, біти-насадки / Викрутки посилені","yes","yes","yes"
"396","26","92-9010","ГОСПОДАР","Дощувач ""Равлик"" d13 см, шланг 1/2"", 3/4"", прозорий ГОСПОДАР 92-9010","C0598B5E-9EEA-11EB-AE88-BC5FF4F4F2AA","8","44.28","ПРОДУКЦІЯ КОМПАНІЇ ""ULTRA SVET"" / ІНСТРУМЕНТ / MASTER TOOL / Садовий інструмент / Полив / Аксесуари для поливу / Системи поливу УКРАИНА / Зрошувачі","yes","yes","yes"
"397","26","08-2500","MASTERTOOL","Круги шліфувальні на липучці ""Скотч Брайт"" 100 мм (240, 320, 600, 1000) 4шт MASTER TOOL 08-2500","A7773BE9-9EEA-11EB-AE88-BC5FF4F4F2AA","8","113.72","ПРОДУКЦІЯ КОМПАНІЇ ""ULTRA SVET"" / ІНСТРУМЕНТ / MASTER TOOL / Витратні матеріали / Абразивні матеріали / Круги шліфувальні ""Скотч Брайт""","yes","yes","yes"
"398","26","10-05-500","GRANITE","Насадки викрутки з обмежувачем РН2х50 мм S2 2 шт GRANITE 10-05-500","6E1BB564-8E64-11EC-BDD9-BC5FF4F4F2AA","8","39.03","ПРОДУКЦІЯ КОМПАНІЇ ""ULTRA SVET"" / ІНСТРУМЕНТ / MASTER TOOL / Столярно-слюсарний інструмент / Викрутки, біти-насадки / Насадки відвертувальніі штучні","yes","yes","yes"
"399","26","10-01-501","GRANITE","Насадки викруткові РН1*50 мм, S2, 10 шт GRANITE 10-01-501","B3B061F6-9EEA-11EB-AE88-BC5FF4F4F2AA","8","136.79","ПРОДУКЦІЯ КОМПАНІЇ ""ULTRA SVET"" / ІНСТРУМЕНТ / MASTER TOOL / Столярно-слюсарний інструмент / Викрутки, біти-насадки / Насадки відвертувальніі штучні","yes","yes","yes"
"400","26","10-01-500","GRANITE","Насадки викруткові РН1*50 мм, S2, 2 шт GRANITE 10-01-500","B3B061F4-9EEA-11EB-AE88-BC5FF4F4F2AA","8","30.2","ПРОДУКЦІЯ КОМПАНІЇ ""ULTRA SVET"" / ІНСТРУМЕНТ / MASTER TOOL / Столярно-слюсарний інструмент / Викрутки, біти-насадки / Насадки відвертувальніі штучні","yes","yes","yes"
"401","26","10-02-252","GRANITE","Насадки викруткові РН2*25 мм, S2, 20 шт GRANITE 10-02-252","B3B061FE-9EEA-11EB-AE88-BC5FF4F4F2AA","8","144.57","ПРОДУКЦІЯ КОМПАНІЇ ""ULTRA SVET"" / ІНСТРУМЕНТ / MASTER TOOL / Столярно-слюсарний інструмент / Викрутки, біти-насадки / Насадки відвертувальніі штучні","yes","yes","yes"
"402","26","83-0502","MASTERTOOL","Рукавички кислотостійкі, бавовняний трикотаж, повне ПВХ , манжет (червоні) MASTER TOOL 83-0502","C059886C-9EEA-11EB-AE88-BC5FF4F4F2AA","8","81.42","ПРОДУКЦІЯ КОМПАНІЇ ""ULTRA SVET"" / ІНСТРУМЕНТ / MASTER TOOL / Засоби захисту / Рукавички / Руковичка трикотажна в'язана","yes","yes","yes"
"403","26","0-12-210","GRANITE","Свердло для бетону SDS-PLUS S4 12* 210 мм GRANITE 0-12-210","F860BF6E-9EE8-11EB-AE88-BC5FF4F4F2AA","8","48.08","ПРОДУКЦІЯ КОМПАНІЇ ""ULTRA SVET"" / ІНСТРУМЕНТ / MASTER TOOL / Витратні матеріали / Свердла, стамески, фрези / Свердла для бетону SDS-PLUS","yes","yes","yes"
"404","26","15-0259","MASTERTOOL","Тримач для плашок 25*9 MASTER TOOL 15-0259","AD95098E-9EEA-11EB-AE88-BC5FF4F4F2AA","8","68.4","ПРОДУКЦІЯ КОМПАНІЇ ""ULTRA SVET"" / ІНСТРУМЕНТ / MASTER TOOL / Столярно-слюсарний інструмент / Інструмент для нарізання різьби / Плашки","yes","yes","yes"
"405","26","48-5115","MASTERTOOL","Викрутка хрестова РН1*150 MASTER TOOL 48-5115","B3B06100-9EEA-11EB-AE88-BC5FF4F4F2AA","7","33.79","ПРОДУКЦІЯ КОМПАНІЇ ""ULTRA SVET"" / ІНСТРУМЕНТ / MASTER TOOL / Столярно-слюсарний інструмент / Викрутки, біти-насадки / Викрутки СТАНДАРТ","yes","yes","yes"
"406","26","45-8315","MASTERTOOL","Викрутка хрестова РН3*150 посилена MASTER TOOL 45-8315","B3B06152-9EEA-11EB-AE88-BC5FF4F4F2AA","7","65.64","ПРОДУКЦІЯ КОМПАНІЇ ""ULTRA SVET"" / ІНСТРУМЕНТ / MASTER TOOL / Столярно-слюсарний інструмент / Викрутки, біти-насадки / Викрутки посилені","yes","yes","yes"
"407","26","81-0110","MASTERTOOL","Затискач маси зварювальний Holland type 300А MASTER TOOL 81-0110","4FE98E1F-2C12-11EC-9962-BC5FF4F4F2AA","7","76.51","ПРОДУКЦІЯ КОМПАНІЇ ""ULTRA SVET"" / ІНСТРУМЕНТ / MASTER TOOL / Кріпильний інструмент / Зварювальне обладнання / Утримувачі, затискачі","yes","yes","yes"
"408","26","42-0131","MASTERTOOL","Кислота ортофосфорна 30 г, скло MASTER TOOL 42-0131","CC5865A3-9EEA-11EB-AE88-BC5FF4F4F2AA","7","25.51","ПРОДУКЦІЯ КОМПАНІЇ ""ULTRA SVET"" / ІНСТРУМЕНТ / MASTER TOOL / Господарчий / Олії, мастила, кислоти","yes","yes","yes"
"409","26","42-0113","MASTERTOOL","Клей ""Холодне зварювання авто"" 20 г MASTER TOOL 42-0113","A7773F6D-9EEA-11EB-AE88-BC5FF4F4F2AA","7","15.9","ПРОДУКЦІЯ КОМПАНІЇ ""ULTRA SVET"" / ІНСТРУМЕНТ / MASTER TOOL / Кріпильний інструмент / Припій, клею / Холодна сварка","yes","yes","yes"
"410","26","71-1011","MASTERTOOL","Ключ ріжково-накидний 11 мм SS MASTER TOOL 71-1011","B3B0638A-9EEA-11EB-AE88-BC5FF4F4F2AA","7","23.8","ПРОДУКЦІЯ КОМПАНІЇ ""ULTRA SVET"" / ІНСТРУМЕНТ / MASTER TOOL / Автомобільний інструмент / Ключі / Ключі комбіновані ( ріжково-накидні ) / Ключі комбіновані ELLIPTICAL","yes","yes","yes"
"411","26","71-1015","MASTERTOOL","Ключ ріжково-накидний 15 мм SS MASTER TOOL 71-1015","B3B06392-9EEA-11EB-AE88-BC5FF4F4F2AA","7","37.93","ПРОДУКЦІЯ КОМПАНІЇ ""ULTRA SVET"" / ІНСТРУМЕНТ / MASTER TOOL / Автомобільний інструмент / Ключі / Ключі комбіновані ( ріжково-накидні ) / Ключі комбіновані ELLIPTICAL","yes","yes","yes"
"412","26","08-2581","MASTERTOOL","Коло шліфувальне на липучці 125 мм зерно 1000, 10шт MASTER TOOL 08-2581","CD5D4DD9-3815-11EC-B64C-BC5FF4F4F2AA","7","25.23","ПРОДУКЦІЯ КОМПАНІЇ ""ULTRA SVET"" / ІНСТРУМЕНТ / MASTER TOOL / Витратні матеріали / Абразивні матеріали / Круги шліфувальні абразивні на липучці / Круги шліфувальні абразивні на липучці НАБОРЕ 10 шт","yes","yes","yes"
"413","26","19-1907","MASTERTOOL","Котушка тримірна напівавтомат MASTER TOOL 19-1907","49E06C71-3817-11EC-B64C-BC5FF4F4F2AA","7","167.81","ПРОДУКЦІЯ КОМПАНІЇ ""ULTRA SVET"" / ІНСТРУМЕНТ / MASTER TOOL / Садовий інструмент / Ліска, котушки, диски для тримера / Катушки для тримера","yes","yes","yes"
"414","26","14-2803","MASTERTOOL","Пильне полотно для лобзика по дереву 5 шт, 6TPI, L 100 мм T144D MASTER TOOL 14-2803","A7773E19-9EEA-11EB-AE88-BC5FF4F4F2AA","7","50.4","ПРОДУКЦІЯ КОМПАНІЇ ""ULTRA SVET"" / ІНСТРУМЕНТ / MASTER TOOL / Витратні матеріали / Пилочки для лобзика, ножівочні полотна / Пилочки для електролобзика","yes","yes","yes"
"415","26","78-0415","MASTERTOOL","Подовжувач 1/4"" 150 мм CRV MASTER TOOL 78-0415","B3B06338-9EEA-11EB-AE88-BC5FF4F4F2AA","7","29.37","ПРОДУКЦІЯ КОМПАНІЇ ""ULTRA SVET"" / ІНСТРУМЕНТ / MASTER TOOL / Автомобільний інструмент / Насадки торцеві, тріскачки, перехідники / Воротки, перехідники, подовжувачі для торцевих насадок","yes","yes","yes"
"416","26","48-5375","MASTERTOOL","Викрутка плоска SL3* 75 MASTER TOOL 48-5375","B3B06124-9EEA-11EB-AE88-BC5FF4F4F2AA","6","25.18","ПРОДУКЦІЯ КОМПАНІЇ ""ULTRA SVET"" / ІНСТРУМЕНТ / MASTER TOOL / Столярно-слюсарний інструмент / Викрутки, біти-насадки / Викрутки СТАНДАРТ","yes","yes","yes"
"417","26","48-5415","MASTERTOOL","Викрутка плоска SL4*150 MASTER TOOL 48-5415","B3B0612A-9EEA-11EB-AE88-BC5FF4F4F2AA","6","28.82","ПРОДУКЦІЯ КОМПАНІЇ ""ULTRA SVET"" / ІНСТРУМЕНТ / MASTER TOOL / Столярно-слюсарний інструмент / Викрутки, біти-насадки / Викрутки СТАНДАРТ","yes","yes","yes"
"418","26","45-8815","MASTERTOOL","Викрутка плоска SL8*150 посилена MASTER TOOL 45-8815","B3B06162-9EEA-11EB-AE88-BC5FF4F4F2AA","6","65.64","ПРОДУКЦІЯ КОМПАНІЇ ""ULTRA SVET"" / ІНСТРУМЕНТ / MASTER TOOL / Столярно-слюсарний інструмент / Викрутки, біти-насадки / Викрутки посилені","yes","yes","yes"
"419","26","48-5110","MASTERTOOL","Викрутка хрестова РН1*100 MASTER TOOL 48-5110","B3B060FC-9EEA-11EB-AE88-BC5FF4F4F2AA","6","32.13","ПРОДУКЦІЯ КОМПАНІЇ ""ULTRA SVET"" / ІНСТРУМЕНТ / MASTER TOOL / Столярно-слюсарний інструмент / Викрутки, біти-насадки / Викрутки СТАНДАРТ","yes","yes","yes"
"420","26","48-5112","MASTERTOOL","Викрутка хрестова РН1*125 MASTER TOOL 48-5112","B3B060FE-9EEA-11EB-AE88-BC5FF4F4F2AA","6","32.96","ПРОДУКЦІЯ КОМПАНІЇ ""ULTRA SVET"" / ІНСТРУМЕНТ / MASTER TOOL / Столярно-слюсарний інструмент / Викрутки, біти-насадки / Викрутки СТАНДАРТ","yes","yes","yes"
"421","26","45-8320","MASTERTOOL","Викрутка хрестова РН3*200 посилена MASTER TOOL 45-8320","B3B06154-9EEA-11EB-AE88-BC5FF4F4F2AA","6","72.54","ПРОДУКЦІЯ КОМПАНІЇ ""ULTRA SVET"" / ІНСТРУМЕНТ / MASTER TOOL / Столярно-слюсарний інструмент / Викрутки, біти-насадки / Викрутки посилені","yes","yes","yes"
"422","26","08-0708","MASTERTOOL","Губка для шліфування СОФТ Р 80 125*100*12 мм MASTER TOOL 08-0708","6557A120-8E39-11EC-BDD9-BC5FF4F4F2AA","6","18.55","ПРОДУКЦІЯ КОМПАНІЇ ""ULTRA SVET"" / ІНСТРУМЕНТ / MASTER TOOL / Витратні матеріали / Абразивні матеріали / Губки шліфувальні / Губки шліфувальні ""Софт""","yes","yes","yes"
"423","26","71-9011","MASTERTOOL","Ключ комбінований 11 мм CRV standard MASTER TOOL 71-9011","3AF64A6E-D45B-11F0-B40F-BC5FF4F4F2AA","6","20.48","ПРОДУКЦІЯ КОМПАНІЇ ""ULTRA SVET"" / ІНСТРУМЕНТ / MASTER TOOL / Автомобільний інструмент / Ключі / Ключі комбіновані ( ріжково-накидні ) / Ключі комбіновані STANDARD","yes","yes","yes"
"424","26","71-9012","MASTERTOOL","Ключ комбінований 12 мм CRV standard MASTER TOOL 71-9012","419EA374-D45B-11F0-B40F-BC5FF4F4F2AA","6","22.42","ПРОДУКЦІЯ КОМПАНІЇ ""ULTRA SVET"" / ІНСТРУМЕНТ / MASTER TOOL / Автомобільний інструмент / Ключі / Ключі комбіновані ( ріжково-накидні ) / Ключі комбіновані STANDARD","yes","yes","yes"
"425","26","71-9014","MASTERTOOL","Ключ комбінований 14 мм CRV standard MASTER TOOL 71-9014","419EA378-D45B-11F0-B40F-BC5FF4F4F2AA","6","27.99","ПРОДУКЦІЯ КОМПАНІЇ ""ULTRA SVET"" / ІНСТРУМЕНТ / MASTER TOOL / Автомобільний інструмент / Ключі / Ключі комбіновані ( ріжково-накидні ) / Ключі комбіновані STANDARD","yes","yes","yes"
"426","26","71-1014","MASTERTOOL","Ключ ріжково-накидний 14 мм SS MASTER TOOL 71-1014","B3B06390-9EEA-11EB-AE88-BC5FF4F4F2AA","6","32.13","ПРОДУКЦІЯ КОМПАНІЇ ""ULTRA SVET"" / ІНСТРУМЕНТ / MASTER TOOL / Автомобільний інструмент / Ключі / Ключі комбіновані ( ріжково-накидні ) / Ключі комбіновані ELLIPTICAL","yes","yes","yes"
"427","26","71-1018","MASTERTOOL","Ключ ріжково-накидний 18 мм SS MASTER TOOL 71-1018","B3B06398-9EEA-11EB-AE88-BC5FF4F4F2AA","6","49.02","ПРОДУКЦІЯ КОМПАНІЇ ""ULTRA SVET"" / ІНСТРУМЕНТ / MASTER TOOL / Автомобільний інструмент / Ключі / Ключі комбіновані ( ріжково-накидні ) / Ключі комбіновані ELLIPTICAL","yes","yes","yes"
"428","26","71-1019","MASTERTOOL","Ключ ріжково-накидний 19 мм SS MASTER TOOL 71-1019","B3B0639A-9EEA-11EB-AE88-BC5FF4F4F2AA","6","53.16","ПРОДУКЦІЯ КОМПАНІЇ ""ULTRA SVET"" / ІНСТРУМЕНТ / MASTER TOOL / Автомобільний інструмент / Ключі / Ключі комбіновані ( ріжково-накидні ) / Ключі комбіновані ELLIPTICAL","yes","yes","yes"
"429","26","39-1000","MASTERTOOL","Лінійка будівельна 100 см НЕРЖ MASTER TOOL 39-1000","BA14D3BF-9EEA-11EB-AE88-BC5FF4F4F2AA","6","82.86","ПРОДУКЦІЯ КОМПАНІЇ ""ULTRA SVET"" / ІНСТРУМЕНТ / MASTER TOOL / Вимірювальний інструмент / Лінійки","yes","yes","yes"
"430","26","02-0123","MASTERTOOL","Молоток муляра 600 г суцільнометалевий MASTER TOOL 02-0123","571DD69A-2C12-11EC-9962-BC5FF4F4F2AA","6","340.86","ПРОДУКЦІЯ КОМПАНІЇ ""ULTRA SVET"" / ІНСТРУМЕНТ / MASTER TOOL / Столярно-слюсарний інструмент / Молотки / Молотки з металевою ручкою","yes","yes","yes"
"431","26","10-02-501","GRANITE","Насадки викруткові РН2х50 мм S2 10 шт GRANITE 10-02-501","6557A142-8E39-11EC-BDD9-BC5FF4F4F2AA","6","136.79","ПРОДУКЦІЯ КОМПАНІЇ ""ULTRA SVET"" / ІНСТРУМЕНТ / MASTER TOOL / Столярно-слюсарний інструмент / Викрутки, біти-насадки / Насадки відвертувальніі штучні","yes","yes","yes"
"432","26","91-2120","MASTERTOOL","Пензлик круглий, пластикова обойма № 2 (20мм/40мм) MASTER TOOL 91-2120","BA14D4B7-9EEA-11EB-AE88-BC5FF4F4F2AA","6","8.62","ПРОДУКЦІЯ КОМПАНІЇ ""ULTRA SVET"" / ІНСТРУМЕНТ / MASTER TOOL / Будівельно-обробний інструмент / Пензли / Пензли круглі","yes","yes","yes"
"433","26","91-2160","MASTERTOOL","Пензлик круглий, пластикова обойма №18 (60мм/51мм) MASTER TOOL 91-2160","BA14D4BF-9EEA-11EB-AE88-BC5FF4F4F2AA","6","46.81","ПРОДУКЦІЯ КОМПАНІЇ ""ULTRA SVET"" / ІНСТРУМЕНТ / MASTER TOOL / Будівельно-обробний інструмент / Пензли / Пензли круглі","yes","yes","yes"
"434","26","14-2908","MASTERTOOL","Полотно по металу та дереву 2-стороннє, C60, 300*25*0,6 мм, 24/8*1"", Ram D, 6 шт MASTER TOOL 14-2908","A7773E57-9EEA-11EB-AE88-BC5FF4F4F2AA","6","59.29","ПРОДУКЦІЯ КОМПАНІЇ ""ULTRA SVET"" / ІНСТРУМЕНТ / MASTER TOOL / Витратні матеріали / Пилочки для лобзика, ножівочні полотна / Полотно ножівочне","yes","yes","yes"
"435","26","92-9100","ГОСПОДАР","Розбірне з'єднання для шланга 3/4""-1"" на гайці ГОСПОДАР 92-9100","C0598BD4-9EEA-11EB-AE88-BC5FF4F4F2AA","6","16.18","ПРОДУКЦІЯ КОМПАНІЇ ""ULTRA SVET"" / ІНСТРУМЕНТ / MASTER TOOL / Садовий інструмент / Полив / Аксесуари для поливу / Системи поливу УКРАИНА / З'єднання для шлангів","yes","yes","yes"
"436","26","83-0607","MASTERTOOL","Рукавички акрилові ""Пінка"" з латексним покриттям 11"" 90-95 г оранжево-чорні MASTER TOOL 83-0607","81DE495B-8E64-11EC-BDD9-BC5FF4F4F2AA","6","41.79","ПРОДУКЦІЯ КОМПАНІЇ ""ULTRA SVET"" / ІНСТРУМЕНТ / MASTER TOOL / Засоби захисту / Рукавички / Рукавички з латексним покриттям","yes","yes","yes"
"437","26","62-3016","MASTERTOOL","Рулетка 3 м*16 мм тип Shiftlock, нейлонове покриття MASTER TOOL 62-3016","BA14D371-9EEA-11EB-AE88-BC5FF4F4F2AA","6","62.6","ПРОДУКЦІЯ КОМПАНІЇ ""ULTRA SVET"" / ІНСТРУМЕНТ / MASTER TOOL / Вимірювальний інструмент / Рулетки вимірювальні / Рулетки звичайні","yes","yes","yes"
"438","26","92-9061","ГОСПОДАР","Трійник цанговий для шланга 1/2"" ГОСПОДАР 92-9061","C0598B9C-9EEA-11EB-AE88-BC5FF4F4F2AA","6","25.12","ПРОДУКЦІЯ КОМПАНІЇ ""ULTRA SVET"" / ІНСТРУМЕНТ / MASTER TOOL / Садовий інструмент / Полив / Аксесуари для поливу / Системи поливу УКРАИНА / Швидкознімні з'єднання","yes","yes","yes"
"439","26","08-2002","MASTERTOOL","Брусок абразивний двосторонній 150*50*25 мм, зерно 120/240 MASTER TOOL 08-2002","A7773D5B-9EEA-11EB-AE88-BC5FF4F4F2AA","5","31.03","ПРОДУКЦІЯ КОМПАНІЇ ""ULTRA SVET"" / ІНСТРУМЕНТ / MASTER TOOL / Витратні матеріали / Абразивні матеріали / Каміння, бруски шліфувальні","yes","yes","yes"
"440","26","48-5510","MASTERTOOL","Викрутка плоска SL5*100 MASTER TOOL 48-5510","B3B0612C-9EEA-11EB-AE88-BC5FF4F4F2AA","5","32.96","ПРОДУКЦІЯ КОМПАНІЇ ""ULTRA SVET"" / ІНСТРУМЕНТ / MASTER TOOL / Столярно-слюсарний інструмент / Викрутки, біти-насадки / Викрутки СТАНДАРТ","yes","yes","yes"
"441","26","48-5515","MASTERTOOL","Викрутка плоска SL5*150 MASTER TOOL 48-5515","B3B06130-9EEA-11EB-AE88-BC5FF4F4F2AA","5","33.79","ПРОДУКЦІЯ КОМПАНІЇ ""ULTRA SVET"" / ІНСТРУМЕНТ / MASTER TOOL / Столярно-слюсарний інструмент / Викрутки, біти-насадки / Викрутки СТАНДАРТ","yes","yes","yes"
"442","26","48-5220","MASTERTOOL","Викрутка хрестова РН2*200 MASTER TOOL 48-5220","B3B06110-9EEA-11EB-AE88-BC5FF4F4F2AA","5","44.61","ПРОДУКЦІЯ КОМПАНІЇ ""ULTRA SVET"" / ІНСТРУМЕНТ / MASTER TOOL / Столярно-слюсарний інструмент / Викрутки, біти-насадки / Викрутки СТАНДАРТ","yes","yes","yes"
"443","26","08-0306","MASTERTOOL","Губка для шліфування Р 60 100*70*25 мм MASTER TOOL 08-0306","A7773CF7-9EEA-11EB-AE88-BC5FF4F4F2AA","5","13.64","ПРОДУКЦІЯ КОМПАНІЇ ""ULTRA SVET"" / ІНСТРУМЕНТ / MASTER TOOL / Витратні матеріали / Абразивні матеріали / Губки шліфувальні / Губки шліфувальні ""Прямі""","yes","yes","yes"
"444","26","08-0308","MASTERTOOL","Губка для шліфування Р 80 100*70*25 мм MASTER TOOL 08-0308","A7773CF9-9EEA-11EB-AE88-BC5FF4F4F2AA","5","13.64","ПРОДУКЦІЯ КОМПАНІЇ ""ULTRA SVET"" / ІНСТРУМЕНТ / MASTER TOOL / Витратні матеріали / Абразивні матеріали / Губки шліфувальні / Губки шліфувальні ""Прямі""","yes","yes","yes"
"445","26","08-0312","MASTERTOOL","Губка для шліфування Р120 100*70*25 мм MASTER TOOL 08-0312","A7773CFB-9EEA-11EB-AE88-BC5FF4F4F2AA","5","13.64","ПРОДУКЦІЯ КОМПАНІЇ ""ULTRA SVET"" / ІНСТРУМЕНТ / MASTER TOOL / Витратні матеріали / Абразивні матеріали / Губки шліфувальні / Губки шліфувальні ""Прямі""","yes","yes","yes"
"446","26","08-0318","MASTERTOOL","Губка для шліфування Р180 100*70*25 мм MASTER TOOL 08-0318","A7773CFD-9EEA-11EB-AE88-BC5FF4F4F2AA","5","13.64","ПРОДУКЦІЯ КОМПАНІЇ ""ULTRA SVET"" / ІНСТРУМЕНТ / MASTER TOOL / Витратні матеріали / Абразивні матеріали / Губки шліфувальні / Губки шліфувальні ""Прямі""","yes","yes","yes"
"447","26","08-0324","MASTERTOOL","Губка для шліфування Р240 100*70*25 мм MASTER TOOL 08-0324","A7773CFF-9EEA-11EB-AE88-BC5FF4F4F2AA","5","13.64","ПРОДУКЦІЯ КОМПАНІЇ ""ULTRA SVET"" / ІНСТРУМЕНТ / MASTER TOOL / Витратні матеріали / Абразивні матеріали / Губки шліфувальні / Губки шліфувальні ""Прямі""","yes","yes","yes"
"448","26","08-0518","MASTERTOOL","Губка для шліфування РОМБ Р180 110*75*25 мм MASTER TOOL 08-0518","A7773D09-9EEA-11EB-AE88-BC5FF4F4F2AA","5","30.2","ПРОДУКЦІЯ КОМПАНІЇ ""ULTRA SVET"" / ІНСТРУМЕНТ / MASTER TOOL / Витратні матеріали / Абразивні матеріали / Губки шліфувальні / Губки шліфувальні ""Ромб""","yes","yes","yes"
"449","26","08-0524","MASTERTOOL","Губка для шліфування РОМБ Р240 110*75*25 мм MASTER TOOL 08-0524","A7773D0B-9EEA-11EB-AE88-BC5FF4F4F2AA","5","30.2","ПРОДУКЦІЯ КОМПАНІЇ ""ULTRA SVET"" / ІНСТРУМЕНТ / MASTER TOOL / Витратні матеріали / Абразивні матеріали / Губки шліфувальні / Губки шліфувальні ""Ромб""","yes","yes","yes"
"450","26","08-0532","MASTERTOOL","Губка для шліфування РОМБ Р320 110*75*25 мм MASTER TOOL 08-0532","A7773D0D-9EEA-11EB-AE88-BC5FF4F4F2AA","5","30.2","ПРОДУКЦІЯ КОМПАНІЇ ""ULTRA SVET"" / ІНСТРУМЕНТ / MASTER TOOL / Витратні матеріали / Абразивні матеріали / Губки шліфувальні / Губки шліфувальні ""Ромб""","yes","yes","yes"
"451","26","08-0712","MASTERTOOL","Губка для шліфування СОФТ Р120 125*100*12 мм MASTER TOOL 08-0712","A7773D19-9EEA-11EB-AE88-BC5FF4F4F2AA","5","18.55","ПРОДУКЦІЯ КОМПАНІЇ ""ULTRA SVET"" / ІНСТРУМЕНТ / MASTER TOOL / Витратні матеріали / Абразивні матеріали / Губки шліфувальні / Губки шліфувальні ""Софт""","yes","yes","yes"
"452","26","08-0724","MASTERTOOL","Губка для шліфування СОФТ Р240 125*100*12 мм MASTER TOOL 08-0724","A7773D1B-9EEA-11EB-AE88-BC5FF4F4F2AA","5","18.55","ПРОДУКЦІЯ КОМПАНІЇ ""ULTRA SVET"" / ІНСТРУМЕНТ / MASTER TOOL / Витратні матеріали / Абразивні матеріали / Губки шліфувальні / Губки шліфувальні ""Софт""","yes","yes","yes"
"453","26","92-9013","ГОСПОДАР","Дощувач ""Равлик"" d 9 см, шланг 3/4"", на різьбовій ніжці ГОСПОДАР 92-9013","C0598B62-9EEA-11EB-AE88-BC5FF4F4F2AA","5","26.34","ПРОДУКЦІЯ КОМПАНІЇ ""ULTRA SVET"" / ІНСТРУМЕНТ / MASTER TOOL / Садовий інструмент / Полив / Аксесуари для поливу / Системи поливу УКРАИНА / Зрошувачі","yes","yes","yes"
"454","26","42-0130","MASTERTOOL","Кислота ортофосфорна 30 г, поліетилен MASTER TOOL 42-0130","CC5865A1-9EEA-11EB-AE88-BC5FF4F4F2AA","5","19.05","ПРОДУКЦІЯ КОМПАНІЇ ""ULTRA SVET"" / ІНСТРУМЕНТ / MASTER TOOL / Господарчий / Олії, мастила, кислоти","yes","yes","yes"
"455","26","71-9007","MASTERTOOL","Ключ комбінований 7 мм CRV standard MASTER TOOL 71-9007","3AF64A66-D45B-11F0-B40F-BC5FF4F4F2AA","5","16.34","ПРОДУКЦІЯ КОМПАНІЇ ""ULTRA SVET"" / ІНСТРУМЕНТ / MASTER TOOL / Автомобільний інструмент / Ключі / Ключі комбіновані ( ріжково-накидні ) / Ключі комбіновані STANDARD","yes","yes","yes"
"456","26","71-1012","MASTERTOOL","Ключ ріжково-накидний 12 мм SS MASTER TOOL 71-1012","B3B0638C-9EEA-11EB-AE88-BC5FF4F4F2AA","5","26.06","ПРОДУКЦІЯ КОМПАНІЇ ""ULTRA SVET"" / ІНСТРУМЕНТ / MASTER TOOL / Автомобільний інструмент / Ключі / Ключі комбіновані ( ріжково-накидні ) / Ключі комбіновані ELLIPTICAL","yes","yes","yes"
"457","26","71-1013","MASTERTOOL","Ключ ріжково-накидний 13 мм SS MASTER TOOL 71-1013","B3B0638E-9EEA-11EB-AE88-BC5FF4F4F2AA","5","28.82","ПРОДУКЦІЯ КОМПАНІЇ ""ULTRA SVET"" / ІНСТРУМЕНТ / MASTER TOOL / Автомобільний інструмент / Ключі / Ключі комбіновані ( ріжково-накидні ) / Ключі комбіновані ELLIPTICAL","yes","yes","yes"
"458","26","71-1022","MASTERTOOL","Ключ ріжково-накидний 22 мм SS MASTER TOOL 71-1022","B3B0639E-9EEA-11EB-AE88-BC5FF4F4F2AA","5","68.95","ПРОДУКЦІЯ КОМПАНІЇ ""ULTRA SVET"" / ІНСТРУМЕНТ / MASTER TOOL / Автомобільний інструмент / Ключі / Ключі комбіновані ( ріжково-накидні ) / Ключі комбіновані ELLIPTICAL","yes","yes","yes"
"459","26","71-1006","MASTERTOOL","Ключ ріжково-накидний 6 мм SS MASTER TOOL 71-1006","B3B06380-9EEA-11EB-AE88-BC5FF4F4F2AA","5","17.17","ПРОДУКЦІЯ КОМПАНІЇ ""ULTRA SVET"" / ІНСТРУМЕНТ / MASTER TOOL / Автомобільний інструмент / Ключі / Ключі комбіновані ( ріжково-накидні ) / Ключі комбіновані ELLIPTICAL","yes","yes","yes"
"460","26","08-2582","MASTERTOOL","Коло шліфувальне на липучці 125 мм зерно 1200, 10шт MASTER TOOL 08-2582","CD5D4DDB-3815-11EC-B64C-BC5FF4F4F2AA","5","25.23","ПРОДУКЦІЯ КОМПАНІЇ ""ULTRA SVET"" / ІНСТРУМЕНТ / MASTER TOOL / Витратні матеріали / Абразивні матеріали / Круги шліфувальні абразивні на липучці / Круги шліфувальні абразивні на липучці НАБОРЕ 10 шт","yes","yes","yes"
"461","26","30-3530","MASTERTOOL","Кутомір-квадрант 500*230 мм MASTER TOOL 30-3530","BA14D3B9-9EEA-11EB-AE88-BC5FF4F4F2AA","5","139.38","ПРОДУКЦІЯ КОМПАНІЇ ""ULTRA SVET"" / ІНСТРУМЕНТ / MASTER TOOL / Вимірювальний інструмент / Кутники / Кутники спеціальні","yes","yes","yes"
"462","26","14-6269","MASTERTOOL","Лопата совкова з живцем та ручкою 225*275*490мм L-1200мм молоткова MASTER TOOL 14-6269","C05989FC-9EEA-11EB-AE88-BC5FF4F4F2AA","5","291.02","ПРОДУКЦІЯ КОМПАНІЇ ""ULTRA SVET"" / ІНСТРУМЕНТ / MASTER TOOL / Садовий інструмент / Лопати / Лопати MASTERTOOL / Лопати з ручками","yes","yes","yes"
"463","26","81-0211","MASTERTOOL","Магніт для зварювання 11 кг, 45°/90°/135° MASTER TOOL 81-0211","AD9506E8-9EEA-11EB-AE88-BC5FF4F4F2AA","5","64.92","ПРОДУКЦІЯ КОМПАНІЇ ""ULTRA SVET"" / ІНСТРУМЕНТ / MASTER TOOL / Кріпильний інструмент / Зварювальне обладнання / Магніти зварювальні","yes","yes","yes"
"464","26","81-0223","MASTERTOOL","Магніт для зварювання 23 кг, 45°/90°/135° MASTER TOOL 81-0223","AD9506EA-9EEA-11EB-AE88-BC5FF4F4F2AA","5","107.81","ПРОДУКЦІЯ КОМПАНІЇ ""ULTRA SVET"" / ІНСТРУМЕНТ / MASTER TOOL / Кріпильний інструмент / Зварювальне обладнання / Магніти зварювальні","yes","yes","yes"
"465","26","81-0234","MASTERTOOL","Магніт для зварювання 35 кг, 45°/90°/135° MASTER TOOL 81-0234","AD9506EC-9EEA-11EB-AE88-BC5FF4F4F2AA","5","167.21","ПРОДУКЦІЯ КОМПАНІЇ ""ULTRA SVET"" / ІНСТРУМЕНТ / MASTER TOOL / Кріпильний інструмент / Зварювальне обладнання / Магніти зварювальні","yes","yes","yes"
"466","26","42-0171","MASTERTOOL","Мастило силіконове 50 г, спрей MASTER TOOL 42-0171","CC5865C9-9EEA-11EB-AE88-BC5FF4F4F2AA","5","46.1","ПРОДУКЦІЯ КОМПАНІЇ ""ULTRA SVET"" / ІНСТРУМЕНТ / MASTER TOOL / Господарчий / Олії, мастила, кислоти","yes","yes","yes"
"467","26","15-1124","MASTERTOOL","Мітчик для нарізування різьблення M12*1,25 мм MASTER TOOL 15-1124","AD950996-9EEA-11EB-AE88-BC5FF4F4F2AA","5","35.72","ПРОДУКЦІЯ КОМПАНІЇ ""ULTRA SVET"" / ІНСТРУМЕНТ / MASTER TOOL / Столярно-слюсарний інструмент / Інструмент для нарізання різьби / Мітчики","yes","yes","yes"
"468","26","15-1084","MASTERTOOL","Мітчик для нарізування різьблення M8*1,25 мм MASTER TOOL 15-1084","CD5D4DEF-3815-11EC-B64C-BC5FF4F4F2AA","5","25.23","ПРОДУКЦІЯ КОМПАНІЇ ""ULTRA SVET"" / ІНСТРУМЕНТ / MASTER TOOL / Столярно-слюсарний інструмент / Інструмент для нарізання різьби / Мітчики","yes","yes","yes"
"469","26","92-9319","MASTERTOOL","Муфта з'єднувальна для шланга 1/2""-3/4"" MASTER TOOL 92-9319","7025FB49-2C12-11EC-9962-BC5FF4F4F2AA","5","23.24","ПРОДУКЦІЯ КОМПАНІЇ ""ULTRA SVET"" / ІНСТРУМЕНТ / MASTER TOOL / Садовий інструмент / Полив / Аксесуари для поливу / Системи поливу MASTER TOOL","yes","yes","yes"
"470","26","40-0163","MASTERTOOL","Набір викруток 15 ел точні MASTER TOOL 40-0163","B3B061D4-9EEA-11EB-AE88-BC5FF4F4F2AA","5","226.21","ПРОДУКЦІЯ КОМПАНІЇ ""ULTRA SVET"" / ІНСТРУМЕНТ / MASTER TOOL / Столярно-слюсарний інструмент / Викрутки, біти-насадки / Викрутки з насадками","yes","yes","yes"
"471","26","78-0330","MASTERTOOL","Набір інструментів ""Професіонал"" 149 елементів MASTER TOOL 78-0330","B3B062A8-9EEA-11EB-AE88-BC5FF4F4F2AA","5","736.32","ПРОДУКЦІЯ КОМПАНІЇ ""ULTRA SVET"" / ІНСТРУМЕНТ / MASTER TOOL / Автомобільний інструмент / Набори інструментів","yes","yes","yes"
"472","26","10-01-251","GRANITE","Насадки викруткові РН1*25 мм, S2, 10 шт GRANITE 10-01-251","B3B061F2-9EEA-11EB-AE88-BC5FF4F4F2AA","5","80.04","ПРОДУКЦІЯ КОМПАНІЇ ""ULTRA SVET"" / ІНСТРУМЕНТ / MASTER TOOL / Столярно-слюсарний інструмент / Викрутки, біти-насадки / Насадки відвертувальніі штучні","yes","yes","yes"
"473","26","80-0230","MASTERTOOL","Носик змінний для пістолета 80-0236/80-0237, 10шт. MASTER TOOL 80-0230","BA14D75B-9EEA-11EB-AE88-BC5FF4F4F2AA","5","38.81","ПРОДУКЦІЯ КОМПАНІЇ ""ULTRA SVET"" / ІНСТРУМЕНТ / MASTER TOOL / Будівельно-обробний інструмент / Пістолети для силікона","yes","yes","yes"
"474","26","91-2140","MASTERTOOL","Пензлик круглий, пластикова обойма №10 (40мм/45мм) MASTER TOOL 91-2140","BA14D4BB-9EEA-11EB-AE88-BC5FF4F4F2AA","5","21.86","ПРОДУКЦІЯ КОМПАНІЇ ""ULTRA SVET"" / ІНСТРУМЕНТ / MASTER TOOL / Будівельно-обробний інструмент / Пензли / Пензли круглі","yes","yes","yes"
"475","26","81-8668","MASTERTOOL","Пістолет для аерозольного балона MASTER TOOL 81-8668","BA14D747-9EEA-11EB-AE88-BC5FF4F4F2AA","5","103.01","ПРОДУКЦІЯ КОМПАНІЇ ""ULTRA SVET"" / ІНСТРУМЕНТ / MASTER TOOL / Будівельно-обробний інструмент / Пістолети для піни","yes","yes","yes"
"476","26","06-0002","MASTERTOOL","Планка для заточування ланцюгів 4.0мм MASTER TOOL 06-0002","AD950866-9EEA-11EB-AE88-BC5FF4F4F2AA","5","33.51","ПРОДУКЦІЯ КОМПАНІЇ ""ULTRA SVET"" / ІНСТРУМЕНТ / MASTER TOOL / Столярно-слюсарний інструмент / Надфілі, напильники, рашпилі","yes","yes","yes"
"477","26","15-0105","MASTERTOOL","Плашка для нарізування різьблення M10*1,5 мм MASTER TOOL 15-0105","AD950988-9EEA-11EB-AE88-BC5FF4F4F2AA","5","30.75","ПРОДУКЦІЯ КОМПАНІЇ ""ULTRA SVET"" / ІНСТРУМЕНТ / MASTER TOOL / Столярно-слюсарний інструмент / Інструмент для нарізання різьби / Плашки","yes","yes","yes"
"478","26","78-0416","MASTERTOOL","Подовжувач гнучкий 1/4"" 150 мм CRV MASTER TOOL 78-0416","B3B0633A-9EEA-11EB-AE88-BC5FF4F4F2AA","5","40.41","ПРОДУКЦІЯ КОМПАНІЇ ""ULTRA SVET"" / ІНСТРУМЕНТ / MASTER TOOL / Автомобільний інструмент / Насадки торцеві, тріскачки, перехідники / Воротки, перехідники, подовжувачі для торцевих насадок","yes","yes","yes"
"479","26","92-9060","ГОСПОДАР","Трійник цанговий для шланга 3/4"" ГОСПОДАР 92-9060","C0598B9A-9EEA-11EB-AE88-BC5FF4F4F2AA","5","26.94","ПРОДУКЦІЯ КОМПАНІЇ ""ULTRA SVET"" / ІНСТРУМЕНТ / MASTER TOOL / Садовий інструмент / Полив / Аксесуари для поливу / Системи поливу УКРАИНА / Швидкознімні з'єднання","yes","yes","yes"
"480","26","14-6181","MASTERTOOL","Тяпка ""Нептун"" із пластиковою ручкою 300*190*70 мм MASTER TOOL 14-6181","C0598A6C-9EEA-11EB-AE88-BC5FF4F4F2AA","5","43.5","ПРОДУКЦІЯ КОМПАНІЇ ""ULTRA SVET"" / ІНСТРУМЕНТ / MASTER TOOL / Садовий інструмент / Садовий інвентар / Серія з пластиковою ручкою","yes","yes","yes"
"481","26","20-1901","MASTERTOOL","Хомут черв'ячний оцинкований American type 8,0 мм Ø 9-16 мм, 50 шт MASTER TOOL 20-1901","AD95075A-9EEA-11EB-AE88-BC5FF4F4F2AA","5","132.1","ПРОДУКЦІЯ КОМПАНІЇ ""ULTRA SVET"" / ІНСТРУМЕНТ / MASTER TOOL / Кріпильний інструмент / Хомути черв'ячні / Хомути черв'ячні AMERICAN TYPE","yes","yes","yes"
"482","26","22-1200","MASTERTOOL","Бокорізи 200 мм American type, C45, HRC 44~48 MASTER TOOL 22-1200","AD9509C4-9EEA-11EB-AE88-BC5FF4F4F2AA","4","102.18","ПРОДУКЦІЯ КОМПАНІЇ ""ULTRA SVET"" / ІНСТРУМЕНТ / MASTER TOOL / Столярно-слюсарний інструмент / Плоскогубці, Бокорізи, ЩипціІ, Кліщі / Бокорізи","yes","yes","yes"
"483","26","48-5575","MASTERTOOL","Викрутка плоска SL5* 75 MASTER TOOL 48-5575","B3B06136-9EEA-11EB-AE88-BC5FF4F4F2AA","4","32.41","ПРОДУКЦІЯ КОМПАНІЇ ""ULTRA SVET"" / ІНСТРУМЕНТ / MASTER TOOL / Столярно-слюсарний інструмент / Викрутки, біти-насадки / Викрутки СТАНДАРТ","yes","yes","yes"
"484","26","45-8515","MASTERTOOL","Викрутка плоска SL5*150 посилена MASTER TOOL 45-8515","B3B0615A-9EEA-11EB-AE88-BC5FF4F4F2AA","4","41.79","ПРОДУКЦІЯ КОМПАНІЇ ""ULTRA SVET"" / ІНСТРУМЕНТ / MASTER TOOL / Столярно-слюсарний інструмент / Викрутки, біти-насадки / Викрутки посилені","yes","yes","yes"
"485","26","48-5638","MASTERTOOL","Викрутка плоска SL6* 38 MASTER TOOL 48-5638","B3B06140-9EEA-11EB-AE88-BC5FF4F4F2AA","4","28.82","ПРОДУКЦІЯ КОМПАНІЇ ""ULTRA SVET"" / ІНСТРУМЕНТ / MASTER TOOL / Столярно-слюсарний інструмент / Викрутки, біти-насадки / Викрутки СТАНДАРТ","yes","yes","yes"
"486","26","45-8615","MASTERTOOL","Викрутка плоска SL6*150 посилена MASTER TOOL 45-8615","B3B06160-9EEA-11EB-AE88-BC5FF4F4F2AA","4","51.78","ПРОДУКЦІЯ КОМПАНІЇ ""ULTRA SVET"" / ІНСТРУМЕНТ / MASTER TOOL / Столярно-слюсарний інструмент / Викрутки, біти-насадки / Викрутки посилені","yes","yes","yes"
"487","26","48-5620","MASTERTOOL","Викрутка плоска SL6*200 MASTER TOOL 48-5620","B3B0613E-9EEA-11EB-AE88-BC5FF4F4F2AA","4","43.5","ПРОДУКЦІЯ КОМПАНІЇ ""ULTRA SVET"" / ІНСТРУМЕНТ / MASTER TOOL / Столярно-слюсарний інструмент / Викрутки, біти-насадки / Викрутки СТАНДАРТ","yes","yes","yes"
"488","26","48-5120","MASTERTOOL","Викрутка хрестова РН1*200 MASTER TOOL 48-5120","B3B06102-9EEA-11EB-AE88-BC5FF4F4F2AA","4","41.79","ПРОДУКЦІЯ КОМПАНІЇ ""ULTRA SVET"" / ІНСТРУМЕНТ / MASTER TOOL / Столярно-слюсарний інструмент / Викрутки, біти-насадки / Викрутки СТАНДАРТ","yes","yes","yes"
"489","26","45-8215","MASTERTOOL","Викрутка хрестова РН2*150 посилена MASTER TOOL 45-8215","B3B06150-9EEA-11EB-AE88-BC5FF4F4F2AA","4","51.78","ПРОДУКЦІЯ КОМПАНІЇ ""ULTRA SVET"" / ІНСТРУМЕНТ / MASTER TOOL / Столярно-слюсарний інструмент / Викрутки, біти-насадки / Викрутки посилені","yes","yes","yes"
"490","26","14-6179","MASTERTOOL","Граблі віялові 9 зубів із телескопічною металевою ручкою 750-1040х160 мм MASTERTOOL 14-6179","8BC7D0D1-8E64-11EC-BDD9-BC5FF4F4F2AA","4","138.72","ПРОДУКЦІЯ КОМПАНІЇ ""ULTRA SVET"" / ІНСТРУМЕНТ / MASTER TOOL / Садовий інструмент / Садовий інвентар / Серія з металевою телескопічною ручкою з TRP покриттям","yes","yes","yes"
"491","26","08-0332","MASTERTOOL","Губка для шліфування Р320 100*70*25 мм MASTER TOOL 08-0332","A7773D01-9EEA-11EB-AE88-BC5FF4F4F2AA","4","13.64","ПРОДУКЦІЯ КОМПАНІЇ ""ULTRA SVET"" / ІНСТРУМЕНТ / MASTER TOOL / Витратні матеріали / Абразивні матеріали / Губки шліфувальні / Губки шліфувальні ""Прямі""","yes","yes","yes"
"492","26","08-0506","MASTERTOOL","Губка для шліфування РОМБ Р 60 110*75*25 мм MASTER TOOL 08-0506","A7773D03-9EEA-11EB-AE88-BC5FF4F4F2AA","4","30.2","ПРОДУКЦІЯ КОМПАНІЇ ""ULTRA SVET"" / ІНСТРУМЕНТ / MASTER TOOL / Витратні матеріали / Абразивні матеріали / Губки шліфувальні / Губки шліфувальні ""Ромб""","yes","yes","yes"
"493","26","08-0512","MASTERTOOL","Губка для шліфування РОМБ Р120 110*75*25 мм MASTER TOOL 08-0512","A7773D07-9EEA-11EB-AE88-BC5FF4F4F2AA","4","28.1","ПРОДУКЦІЯ КОМПАНІЇ ""ULTRA SVET"" / ІНСТРУМЕНТ / MASTER TOOL / Витратні матеріали / Абразивні матеріали / Губки шліфувальні / Губки шліфувальні ""Ромб""","yes","yes","yes"
"494","26","08-0706","MASTERTOOL","Губка для шліфування СОФТ Р60 125х100х12 мм MASTER TOOL 08-0706","BB50E62E-6178-11EC-89C3-BC5FF4F4F2AA","4","18.55","ПРОДУКЦІЯ КОМПАНІЇ ""ULTRA SVET"" / ІНСТРУМЕНТ / MASTER TOOL / Витратні матеріали / Абразивні матеріали / Губки шліфувальні / Губки шліфувальні ""Софт""","yes","yes","yes"
"495","26","71-1024","MASTERTOOL","Ключ ріжково-накидний 24 мм SS MASTER TOOL 71-1024","B3B063A0-9EEA-11EB-AE88-BC5FF4F4F2AA","4","91.91","ПРОДУКЦІЯ КОМПАНІЇ ""ULTRA SVET"" / ІНСТРУМЕНТ / MASTER TOOL / Автомобільний інструмент / Ключі / Ключі комбіновані ( ріжково-накидні ) / Ключі комбіновані ELLIPTICAL","yes","yes","yes"
"496","26","71-1007","MASTERTOOL","Ключ ріжково-накидний 7 мм SS MASTER TOOL 71-1007","B3B06382-9EEA-11EB-AE88-BC5FF4F4F2AA","4","19.1","ПРОДУКЦІЯ КОМПАНІЇ ""ULTRA SVET"" / ІНСТРУМЕНТ / MASTER TOOL / Автомобільний інструмент / Ключі / Ключі комбіновані ( ріжково-накидні ) / Ключі комбіновані ELLIPTICAL","yes","yes","yes"
"497","26","76-0763","MASTERTOOL","Ключ трубний 45° 2,0"", кований MASTER TOOL 76-0763","B3B060D8-9EEA-11EB-AE88-BC5FF4F4F2AA","4","563.76","ПРОДУКЦІЯ КОМПАНІЇ ""ULTRA SVET"" / ІНСТРУМЕНТ / MASTER TOOL / Столярно-слюсарний інструмент / Ключі трубні","yes","yes","yes"
"498","26","92-9316","MASTERTOOL","Конектор для шланга 3/4"" із клапаном STOP MASTER TOOL 92-9316","C0598B48-9EEA-11EB-AE88-BC5FF4F4F2AA","4","22.42","ПРОДУКЦІЯ КОМПАНІЇ ""ULTRA SVET"" / ІНСТРУМЕНТ / MASTER TOOL / Садовий інструмент / Полив / Аксесуари для поливу / Системи поливу MASTER TOOL","yes","yes","yes"
"499","26","02-0129","MASTERTOOL","Молоток зварювальника 300 г MASTER TOOL 02-0129","571DD69C-2C12-11EC-9962-BC5FF4F4F2AA","4","100.25","ПРОДУКЦІЯ КОМПАНІЇ ""ULTRA SVET"" / ІНСТРУМЕНТ / MASTER TOOL / Столярно-слюсарний інструмент / Молотки / Молотки з металевою ручкою","yes","yes","yes"
"500","26","02-0703","MASTERTOOL","Молоток столярний 600 г суцільнометалевий MASTER TOOL 02-0703","AD9508E0-9EEA-11EB-AE88-BC5FF4F4F2AA","4","310.67","ПРОДУКЦІЯ КОМПАНІЇ ""ULTRA SVET"" / ІНСТРУМЕНТ / MASTER TOOL / Столярно-слюсарний інструмент / Молотки / Молотки з металевою ручкою","yes","yes","yes"
