"status","article","brand","name","agentGuid","stock","imageUrl","imageSource","score","reason"
"skipped","92-9041","MASTER TOOL","Адаптер 1/2""ВР MASTER TOOL 92-9041","C0598B82-9EEA-11EB-AE88-BC5FF4F4F2AA","15","","","","already_has_photo"
"skipped","92-9040","ГОСПОДАР","Адаптер 1/2""НР ГОСПОДАР 92-9040","C0598B80-9EEA-11EB-AE88-BC5FF4F4F2AA","22","","","","already_has_photo"
"skipped","92-9042","ГОСПОДАР","Адаптер 3/4""НР ГОСПОДАР 92-9042","C0598B84-9EEA-11EB-AE88-BC5FF4F4F2AA","33","","","","already_has_photo"
"skipped","92-9050","ГОСПОДАР","Конектор для шланга 1/2"" ГОСПОДАР 92-9050","C0598B8C-9EEA-11EB-AE88-BC5FF4F4F2AA","25","","","","already_has_photo"
"skipped","92-9053","ГОСПОДАР","Муфта цангова для шланга 1/2"" ГОСПОДАР 92-9053","8BC7D0F7-8E64-11EC-BDD9-BC5FF4F4F2AA","37","","","","already_has_photo"
"skipped","92-9059","ГОСПОДАР","Муфта цангова для шланга 1/2"" ребриста ГОСПОДАР 92-9059","C0598B98-9EEA-11EB-AE88-BC5FF4F4F2AA","15","","","","already_has_photo"
"skipped","92-9052","ГОСПОДАР","Муфта цангова перехідна для шланга 1/2""-3/4"" ГОСПОДАР 92-9052","7025FB71-2C12-11EC-9962-BC5FF4F4F2AA","12","","","","already_has_photo"
"skipped","92-9307","MASTER TOOL","Адаптер для конектора 1/2"" ВР MASTER TOOL 92-9307","C0598B38-9EEA-11EB-AE88-BC5FF4F4F2AA","10","","","","already_has_photo"
"skipped","92-9306","MASTER TOOL","Адаптер для конектора 1/2"" НР MASTER TOOL 92-9306","C0598B36-9EEA-11EB-AE88-BC5FF4F4F2AA","10","","","","already_has_photo"
"skipped","92-9308","MASTER TOOL","Адаптер для конектора 3/4"" НР MASTER TOOL 92-9308","C0598B3A-9EEA-11EB-AE88-BC5FF4F4F2AA","10","","","","already_has_photo"
"skipped","92-9328","MASTER TOOL","Адаптер для конектора без різьблення, під кран 1/2""-3/4"" MASTER TOOL 92-9328","7025FB4F-2C12-11EC-9962-BC5FF4F4F2AA","13","","","","already_has_photo"
"skipped","92-9311","MASTER TOOL","Адаптер з'єднувальний для конектора 1/2"" MASTER TOOL 92-9311","C0598B40-9EEA-11EB-AE88-BC5FF4F4F2AA","14","","","","already_has_photo"
"found","92-9060","ГОСПОДАР","Трійник цанговий для шланга 3/4"" ГОСПОДАР 92-9060","C0598B9A-9EEA-11EB-AE88-BC5FF4F4F2AA","5","https://tdp.com.ua/images/catalog/70bbttkwE0/1558598461_f3ccd.jpg","https://tdp.com.ua/product/trojnik-cangovyj-master-tool-dlja-shlanga-34-92-9060.html","98","tdp"
"found","92-9061","ГОСПОДАР","Трійник цанговий для шланга 1/2"" ГОСПОДАР 92-9061","C0598B9C-9EEA-11EB-AE88-BC5FF4F4F2AA","6","https://cdn.27.ua/sc--media--prod/default/2e/17/5b/2e175b01-4b80-45d3-8d21-301e00c30642.jpg","https://epicentrk.ua/shop/mplc-trijnik-cangovij-dla-slanga-gospodar-sld-1-2-92-9061-1ee37590-4227-6a66-bef9-196691f8fc48.html","97","epicentr"
"found","92-9332","MASTER TOOL","Дощувач з голівкою, що обертається ""Вертоліт"" 1/2"",основа Y-типу на коліщатках MASTER TOOL 92-9332","7025FB55-2C12-11EC-9962-BC5FF4F4F2AA","2","https://cdn.27.ua/799/5e/5a/5922394_6.jpeg","https://epicentrk.ua/shop/dozhdevatel-raspylyayuschiy-mastertool-vertolet-92-9332.html","97","epicentr"
"found","92-9326","MASTER TOOL","Дощувач з головкою, що обертається ""Метелик"" 1/2"", 11 метрів MASTER TOOL 92-9326","C0598B52-9EEA-11EB-AE88-BC5FF4F4F2AA","1","https://cdn.27.ua/sc--media--prod/default/4f/ec/4d/4fec4d6b-d526-4d6f-81d8-d968141d53c9.jpg","https://epicentrk.ua/shop/mplc-zrosuvac-obertovij-mastertool-babocka-1-2-11-m-na-n-p-edestali-92-9326-1f122d04-9337-67d0-8a91-9d437599e454.html","97","epicentr"
"found","92-9334","MASTER TOOL","Дощувач статичний 1/2"", основа О-типу, 8 режимів, 11 метрів MASTER TOOL 92-9334","7025FB59-2C12-11EC-9962-BC5FF4F4F2AA","1","https://cdn.27.ua/799/5e/60/5922400_5.jpeg","https://epicentrk.ua/shop/dozhdevatel-raspylyayuschiy-mastertool-8-rezhimov-92-9334.html","97","epicentr"
"found","92-9316","MASTER TOOL","Конектор для шланга 3/4"" із клапаном STOP MASTER TOOL 92-9316","C0598B48-9EEA-11EB-AE88-BC5FF4F4F2AA","4","https://cdn.27.ua/799/38/0e/2701326_1.jpeg","https://epicentrk.ua/shop/konektor-mastertool-92-9316.html","97","epicentr"
"found","92-9317","MASTER TOOL","Муфта з'єднувальна для шланга 1/2"" MASTER TOOL 92-9317","7025FB45-2C12-11EC-9962-BC5FF4F4F2AA","10","https://cdn.27.ua/799/38/10/2701328_1.jpeg","https://epicentrk.ua/shop/mufta-mastertool-92-9317.html","97","epicentr"
"skipped","92-9302","MASTER TOOL","Пістолет для поливу 1/2"", TPR покриття, регулювання потоку води MASTER TOOL 92-9302","7025FB3D-2C12-11EC-9962-BC5FF4F4F2AA","5","","","","already_has_photo"
"skipped","92-9327","MASTER TOOL","Подвійний розподільник для конектора 1/2"" з регулюванням MASTER TOOL 92-9327","B5AC966F-C72E-11EC-991D-BC5FF4F4F2AA","10","","","","already_has_photo"
"skipped","92-9312","MASTER TOOL","Трійник з'єднувальний для конектора 1/2"" MASTER TOOL 92-9312","C0598B42-9EEA-11EB-AE88-BC5FF4F4F2AA","10","","","","already_has_photo"
"found","92-9338","MASTER TOOL","Набір для поливу 3 шт - Адаптер 1/2"" ВР-3/4"" ВР, Конектор 3/4"", Конектор 3/4"" MASTER TOOL 92-9338","7025FB61-2C12-11EC-9962-BC5FF4F4F2AA","4","https://cdn.27.ua/799/5e/64/5922404_1.jpeg","https://epicentrk.ua/shop/nabor-dlya-poliva-mastertool-3-sht-92-9338.html","97","epicentr"
"found","92-9319","MASTER TOOL","Муфта з'єднувальна для шланга 1/2""-3/4"" MASTER TOOL 92-9319","7025FB49-2C12-11EC-9962-BC5FF4F4F2AA","5","https://cdn.27.ua/799/38/12/2701330_1.jpeg","https://epicentrk.ua/shop/mufta-mastertool-92-9319.html","97","epicentr"
"found","30-1913","MASTER TOOL","Рівень лазерний H360+2*V360, 3 лазерні головки GREEN, 0.2мм/м, 10м, Li-ion, MASTER TOOL 30-1913","BA14D44D-9EEA-11EB-AE88-BC5FF4F4F2AA","1","https://cdn.27.ua/sc--media--prod/default/68/2b/88/682b8814-6e07-40af-8f31-72179cf94880.jpg","https://epicentrk.ua/shop/mplc-riven-lazernij-mastertool-na-3-lazerni-golovki-0-2-mm-m-10-m-li-ion-u-sumci-green-30-1913-1ede9aba-cb20-67f6-87ef-69d9dac28d5c.html","97","epicentr"
"found","42-0130","MASTER TOOL","Кислота ортофосфорна 30 г, поліетилен MASTER TOOL 42-0130","CC5865A1-9EEA-11EB-AE88-BC5FF4F4F2AA","5","https://cdn.27.ua/sc--media--prod/default/21/25/e7/2125e7e7-62dc-44a6-b19a-c7615f4ca852.jpg","https://epicentrk.ua/shop/mplc-flus-dla-pajki-mastertool-kislota-ortofosforna-pet-30-ml-42-0130-1f0cebe4-109d-61be-86cc-5d8a402fcfb3.html","97","epicentr"
"found","92-9431","MASTER TOOL","Тригер для гідравлічного обприскувача MASTER TOOL 92-9431","C0598AD0-9EEA-11EB-AE88-BC5FF4F4F2AA","3","https://cdn.27.ua/sc--media--prod/default/81/2d/ae/812dae37-a298-494e-bbf2-473bc52d9225.jpg","https://epicentrk.ua/shop/mplc-triger-mastertool-gm-dlya-gidravlichnogo-obpriskuvacha-92-9431-1ec2aa20-c196-67b8-8b03-6fd436350579.html","97","epicentr"
"skipped","42-0140","MASTER TOOL","Мастило графітне 30 г, жерсть MASTER TOOL 42-0140","CC5865B5-9EEA-11EB-AE88-BC5FF4F4F2AA","26","","","","already_has_photo"
"found","42-0131","MASTER TOOL","Кислота ортофосфорна 30 г, скло MASTER TOOL 42-0131","CC5865A3-9EEA-11EB-AE88-BC5FF4F4F2AA","7","https://cdn.27.ua/sc--media--prod/default/6c/bd/98/6cbd9878-fc25-47b2-8885-2ba8d627c101.jpg","https://epicentrk.ua/shop/mplc-tul-vr-textil-644t-premium-zakard-300h270-sm-bilij-42-0131-1ef1dc9b-45d0-6746-b932-d996aa4ca0bd.html","97","epicentr"
"found","42-0171","MASTER TOOL","Мастило силіконове 50 г, спрей MASTER TOOL 42-0171","CC5865C9-9EEA-11EB-AE88-BC5FF4F4F2AA","5","https://cdn.27.ua/sc--media--prod/default/90/6f/1a/906f1ac1-fc83-41e5-abe0-47b272a3497d.jpg","https://epicentrk.ua/shop/mplc-mastilo-silikonove-mastertool-gm-50-g-42-0171-1ef2490c-165b-6b36-93ce-d5c00d3f92dc.html","97","epicentr"
"found","42-0170","MASTER TOOL","Мастило силіконове 35 г, спрей MASTER TOOL 42-0170","CC5865C7-9EEA-11EB-AE88-BC5FF4F4F2AA","2","https://cdn.27.ua/sc--media--prod/default/db/83/3e/db833ecb-20d5-46c6-a66f-dd8df5e0355c.jpg","https://epicentrk.ua/shop/mplc-mastilo-silikonove-mastertool-sprej-35-g-42-0170-1ef28ba4-2a81-60f4-9571-fd5286a0afdc.html","97","epicentr"
"found","41-0920","MASTER TOOL","Антистеплер, 180 мм, металева головка, ергономічна TPR ручка MASTER TOOL 41-0920","A7773E63-9EEA-11EB-AE88-BC5FF4F4F2AA","2","https://cdn.27.ua/sc--media--prod/default/ea/3e/e0/ea3ee059-f5f2-47bb-b8c6-1121a7e47baa.jpg","https://epicentrk.ua/shop/mplc-antistepler-mastertool-gm-180-mm-41-0920-1ec42332-3875-6be6-b934-17cdd9975b3c.html","97","epicentr"
"found","81-8622","MASTER TOOL","Комплект форсунок Ø 1,2 мм к 81-8715, 81-8716, 81-8717, 81-8718, 81-8719 MASTER TOOL 81-8622","B3B06486-9EEA-11EB-AE88-BC5FF4F4F2AA","1","https://tdp.com.ua/images/catalog/E19xN8TNwJ/1464606577_a890c276ff0bb6f2e95d9b4519ebf881.jpg","https://tdp.com.ua/product/komplekt-forsunok-master-tool-81-8622-dlja-kraskopultov-12-mm.html","98","tdp"
"found","81-8680","MASTER TOOL","Бачок пластиковий 600 мл ВР 16*1,5 мм MASTER TOOL 81-8680","B3B06490-9EEA-11EB-AE88-BC5FF4F4F2AA","2","https://cdn.27.ua/799/04/02/852994_2.jpeg","https://epicentrk.ua/shop/bachok-k-kraskopultu-mastertool-600-ml-81-8680.html","97","epicentr"
"found","ППТ2450","MASTER TOOL","Паяльник для пластикових труб 20-63 мм 2450Вт/220V/50Hz 0-300°С IP44, LED MASTER TOOL ППТ2450","F35C5F46-2F56-11ED-8E97-BC5FF4F4F2AA","1","https://cdn.27.ua/sc--media--prod/default/3f/a9/b1/3fa9b171-4b01-4c71-b600-1f2ba1fd41cb.jpg","https://epicentrk.ua/shop/mplc-paal-nik-dla-plastikovih-trub-mastertool-gm-20-63-mm-2450-vt-220-v-50-hz-0-300-s-ip44-led-ppt2450-1ee1a541-d06d-67a6-af7e-e5bfe7943c31.html","85","epicentr"
"found","23-1160","MASTER TOOL","Бокорізи 160 мм, C55, HRC 45~50 MASTER TOOL 23-1160","AD9509C8-9EEA-11EB-AE88-BC5FF4F4F2AA","2","https://tdp.com.ua/images/catalog/HJIhqFwgC4/1727856703_163e0.jpg","https://tdp.com.ua/product/bokorezy-master-tool-23-1160-german-type.html","98","tdp"
"found","23-1180","MASTER TOOL","Бокорізи 180 мм, C55, HRC 45~50 MASTER TOOL 23-1180","AD9509CA-9EEA-11EB-AE88-BC5FF4F4F2AA","2","https://tdp.com.ua/images/catalog/oZufmwd2Jk/1727856766_ed8e3.jpg","https://tdp.com.ua/product/bokorezy-master-tool-23-1180-german-type.html","98","tdp"
"found","22-1180","MASTER TOOL","Бокорізи 180 мм American type, C45, HRC 44~48 MASTER TOOL 22-1180","AD9509C2-9EEA-11EB-AE88-BC5FF4F4F2AA","2","https://cdn.27.ua/sc--media--prod/default/92/0d/3e/920d3ec6-6b58-4a79-aa28-20f5e2ce5442.jpg","https://epicentrk.ua/shop/mplc-bokorizi-mastertool-type-c45-hrc-44-48-180-mm-22-1180-1ee77297-4c4a-6388-9662-9f168567f26b.html","97","epicentr"
"found","22-1160","MASTER TOOL","Бокорізи 160 мм American type, C45, HRC 44~48 MASTER TOOL 22-1160","AD9509C0-9EEA-11EB-AE88-BC5FF4F4F2AA","1","https://cdn.27.ua/sc--media--prod/default/71/84/10/71841093-36f5-48bc-b380-8b739c2b8f4a.jpg","https://epicentrk.ua/shop/mplc-bokorizi-mastertool-gm-160-mm-american-type-22-1160-1ec301b7-1672-600a-8c7f-c9805133bae5.html","97","epicentr"
"found","23-1200","MASTER TOOL","Бокорізи 200 мм, C55, HRC 45~50 MASTER TOOL 23-1200","AD9509CC-9EEA-11EB-AE88-BC5FF4F4F2AA","2","https://tdp.com.ua/images/catalog/28g2XkoREC/1727856657_163e0.jpg","https://tdp.com.ua/product/bokorezy-master-tool-23-1200-german-type.html","98","tdp"
"found","08-2002","MASTER TOOL","Брусок абразивний двосторонній 150*50*25 мм, зерно 120/240 MASTER TOOL 08-2002","A7773D5B-9EEA-11EB-AE88-BC5FF4F4F2AA","5","https://tdp.com.ua/images/catalog//1557229668_66513.jpg","https://tdp.com.ua/product/brusok-master-tool-abrazivnyj-dvustoronnij-1505025-mm-zerno-120240-08-2002.html","98","tdp"
"found","08-2003","MASTER TOOL","Брусок абразивний двосторонній 200*50*25 мм, зерно 120/240 MASTER TOOL 08-2003","A7773D5D-9EEA-11EB-AE88-BC5FF4F4F2AA","1","https://tdp.com.ua/images/catalog/f211551fd8/1557229824_66513.jpg","https://tdp.com.ua/product/brusok-master-tool-abrazivnyj-dvustoronnij-2005025-mm-zerno-120240-08-2003.html","98","tdp"
"found","12-2020","MASTER TOOL","Камені шліфувальні 3 мм, набір 10 шт MASTER TOOL 12-2020","A7773D61-9EEA-11EB-AE88-BC5FF4F4F2AA","3","https://tdp.com.ua/images/catalog/dapHOfGUIB/dapHOfGUIB75897d77fff4a302ffcd7aabe1b68a90_1427718677.jpg","https://tdp.com.ua/product/kamni-shlifovalnye-master-tool-3mm-10sht-12-2020.html","98","tdp"
"skipped","14-6222","ГОСПОДАР","Лопата штикова ""Американка"" 250*210 мм молоткове фарбування 2,0 мм ГОСПОДАР 14-6222","C0598A16-9EEA-11EB-AE88-BC5FF4F4F2AA","1","","","","already_has_photo"
"skipped","14-6220","ГОСПОДАР","Лопата штикова ""Американка"" 250*210 мм чорне фарбування 2,0 мм ГОСПОДАР 14-6220","C0598A12-9EEA-11EB-AE88-BC5FF4F4F2AA","3","","","","already_has_photo"
"skipped","92-4600","MASTER TOOL","Валик малярський Velour 15/70/4 мм d 6 мм MASTER TOOL 92-4600 (10шт)","BA14D50D-9EEA-11EB-AE88-BC5FF4F4F2AA","50","","","","already_has_photo"
"skipped","92-2152","MASTER TOOL","Ванна для валиків 150*220 MASTER TOOL 92-2152","BA14D5D5-9EEA-11EB-AE88-BC5FF4F4F2AA","75","","","","already_has_photo"
"skipped","92-2330","MASTER TOOL","Ванна для валиків, велика 330*305 MASTER TOOL 92-2330","627B8CA5-2C12-11EC-9962-BC5FF4F4F2AA","85","","","","already_has_photo"
"skipped","44-5104","MASTER TOOL","Туристична газова плита з п'єзопідпалом із захистом від вітру MASTER TOOL 44-5104 - АКЦІЯ!","E21A2F37-C326-11EC-A49C-BC5FF4F4F2AA","37","","","","already_has_photo"
"found","22-1200","MASTER TOOL","Бокорізи 200 мм American type, C45, HRC 44~48 MASTER TOOL 22-1200","AD9509C4-9EEA-11EB-AE88-BC5FF4F4F2AA","4","https://cdn.27.ua/799/ef/0e/519950_1.jpeg","https://epicentrk.ua/shop/radiator-stalnoy-hi-therm-22-0500x1200.html","85","epicentr"
"found","12-2015","MASTER TOOL","Камені шліфувальні 6 мм, набір 5 шт MASTER TOOL 12-2015","A7773D5F-9EEA-11EB-AE88-BC5FF4F4F2AA","3","https://tdp.com.ua/images/catalog/MXKogNWAIz/1559718953_f3ccd.jpg","https://tdp.com.ua/product/kamni-shlifovalnye-master-tool-6mm-5sht-12-2015.html","98","tdp"
"found","14-6181","MASTER TOOL","Тяпка ""Нептун"" із пластиковою ручкою 300*190*70 мм MASTER TOOL 14-6181","C0598A6C-9EEA-11EB-AE88-BC5FF4F4F2AA","5","https://tdp.com.ua/images/catalog//1557305812_46dda.jpg","https://tdp.com.ua/product/tjapka-master-tool-neptun-s-plastikovoj-ruchkoj-310-mm-14-6181.html","98","tdp"
"found","40-0141","MASTER TOOL","Викрутка 2-В-1 насадка 150 мм РН2/SL6 MASTER TOOL 40-0141","B3B061C8-9EEA-11EB-AE88-BC5FF4F4F2AA","2","https://tdp.com.ua/images/catalog/U0XQVWQj0E/U0XQVWQj0Ed5fad32762636ccfbfb5edfc07e9de72_1413789785.jpg","https://tdp.com.ua/product/otvjortka-master-tool-2-v-1.html","86","tdp"
"found","07-0500","MASTER TOOL","Струбцина кутова 90 градусів, ширина захвату 75 мм, сила затискання 500 Н MASTER TOOL 07-0500","72C0968C-C727-11EC-991D-BC5FF4F4F2AA","3","https://cdn.27.ua/sc--media--prod/default/41/fc/16/41fc160a-5b86-4529-a746-b28b60c2721a.jpg","https://epicentrk.ua/shop/mplc-strubcina-stolarna-kutova-mastertool-90-zahvat-75-mm-500-n-07-0500-1f0cf857-d64c-6a3e-8db1-257dd60903cb.html","97","epicentr"
"found","40-0150","MASTER TOOL","Викрутка ударно-поворотна+6 насадок гум. ручка в кейсі MASTER TOOL 40-0150","B3B061CC-9EEA-11EB-AE88-BC5FF4F4F2AA","2","https://tdp.com.ua/images/catalog/aIaoTVKMIc/aIaoTVKMIca20390a36730d2a92f7867567e057626_1425376798.jpg","https://tdp.com.ua/product/otvertka-udarnaja-master-tool-40-0150-.html","98","tdp"
"found","40-0151","MASTER TOOL","Викрутка ударно-поворотна+6 насадок у кейсі MASTER TOOL 40-0151","B3B061CE-9EEA-11EB-AE88-BC5FF4F4F2AA","2","https://tdp.com.ua/images/catalog/9VaFnEpH3R/9VaFnEpH3Rfbe46014733a378c42917e57f24ecec6_1425375810.jpg","https://tdp.com.ua/product/otvertka-udarnaja-master-tool-40-0151.html","98","tdp"
"found","48-5375","MASTER TOOL","Викрутка плоска SL3* 75 MASTER TOOL 48-5375","B3B06124-9EEA-11EB-AE88-BC5FF4F4F2AA","6","https://tdp.com.ua/images/catalog/XFx3Cq6Dms/XFx3Cq6Dmsfdbf395ed050dfbdc3249b165e292403_1425370410.jpg","https://tdp.com.ua/product/ploskaja-otvjortka-master-tool-48-5375-sl.html","98","tdp"
"found","40-0163","MASTER TOOL","Набір викруток 15 ел точні MASTER TOOL 40-0163","B3B061D4-9EEA-11EB-AE88-BC5FF4F4F2AA","5","https://cdn.27.ua/sc--media--prod/default/52/c8/ec/52c8ec1d-ed1d-41aa-b868-ef468cd575c2.jpg","https://epicentrk.ua/shop/mplc-nabir-vikrutok-mastertool-15-elemanta-tocni-40-0163-1ee52e84-7afa-6114-8c72-b121bf5061d4.html","97","epicentr"
"found","40-0166","MASTER TOOL","Набір викруток та інструментів MASTER TOOL 40-0166","B3B061DA-9EEA-11EB-AE88-BC5FF4F4F2AA","1","https://cdn.27.ua/799/91/26/2724134_3.jpeg","https://epicentrk.ua/shop/nabor-otvertok-mastertool-23-el-tochnykh-40-0166.html","97","epicentr"
"found","48-5412","MASTER TOOL","Викрутка плоска SL4*125 MASTER TOOL 48-5412","B3B06128-9EEA-11EB-AE88-BC5FF4F4F2AA","2","https://tdp.com.ua/images/catalog//1508423304_eb935669c45405844c35aafbd5fe43d7.jpg","https://tdp.com.ua/product/otvjortka-ploskaja-master-tool-48-5412.html","98","tdp"
"found","48-5415","MASTER TOOL","Викрутка плоска SL4*150 MASTER TOOL 48-5415","B3B0612A-9EEA-11EB-AE88-BC5FF4F4F2AA","6","https://tdp.com.ua/images/catalog//1512477949_36bec2b148637723165ed9d633a7d980.jpg","https://tdp.com.ua/product/otvjortka-ploskaja-master-tool-sl-4h150-48-5415.html","98","tdp"
"found","48-5575","MASTER TOOL","Викрутка плоска SL5* 75 MASTER TOOL 48-5575","B3B06136-9EEA-11EB-AE88-BC5FF4F4F2AA","4","https://tdp.com.ua/images/catalog/Qe2ISoVAZK/Qe2ISoVAZKfdbf395ed050dfbdc3249b165e292403_1425370588.jpg","https://tdp.com.ua/product/ploskaja-otvjortka-master-tool-48-5575-sl.html","98","tdp"
"found","48-5510","MASTER TOOL","Викрутка плоска SL5*100 MASTER TOOL 48-5510","B3B0612C-9EEA-11EB-AE88-BC5FF4F4F2AA","5","https://tdp.com.ua/images/catalog/AZs5TWkVhd/AZs5TWkVhdfdbf395ed050dfbdc3249b165e292403_1425370504.jpg","https://tdp.com.ua/product/ploskaja-otvjortka-master-tool-48-5510-sl.html","98","tdp"
"found","48-5512","MASTER TOOL","Викрутка плоска SL5*125 MASTER TOOL 48-5512","B3B0612E-9EEA-11EB-AE88-BC5FF4F4F2AA","2","https://tdp.com.ua/images/catalog//1512477721_36bec2b148637723165ed9d633a7d980.jpg","https://tdp.com.ua/product/otvjortka-ploskaja-master-tool-sl-5x125-mm-48-5512.html","98","tdp"
"found","48-5515","MASTER TOOL","Викрутка плоска SL5*150 MASTER TOOL 48-5515","B3B06130-9EEA-11EB-AE88-BC5FF4F4F2AA","5","https://tdp.com.ua/images/catalog//1512475599_36bec2b148637723165ed9d633a7d980.jpg","https://tdp.com.ua/product/otvjortka-ploskaja-master-tool-sl-5h150mm-48-5515.html","98","tdp"
"skipped","48-5610","MASTER TOOL","Викрутка плоска SL6*100 MASTER TOOL 48-5610","B3B06138-9EEA-11EB-AE88-BC5FF4F4F2AA","9","","","","already_has_photo"
"found","48-5638","MASTER TOOL","Викрутка плоска SL6* 38 MASTER TOOL 48-5638","B3B06140-9EEA-11EB-AE88-BC5FF4F4F2AA","4","https://tdp.com.ua/images/catalog/C4Dz8KBqLZ/C4Dz8KBqLZfdbf395ed050dfbdc3249b165e292403_1425370896.jpg","https://tdp.com.ua/product/ploskaja-otvjortka-master-tool-48-5638-sl.html","98","tdp"
"found","48-5620","MASTER TOOL","Викрутка плоска SL6*200 MASTER TOOL 48-5620","B3B0613E-9EEA-11EB-AE88-BC5FF4F4F2AA","4","https://tdp.com.ua/images/catalog//1512468932_32477b9e4abfddc67181f46bb401285a.jpg","https://tdp.com.ua/product/otvjortka-ploskaja-master-tool-48-5620.html","98","tdp"
"found","48-5520","MASTER TOOL","Викрутка плоска SL5*200 MASTER TOOL 48-5520","B3B06132-9EEA-11EB-AE88-BC5FF4F4F2AA","3","https://cdn.27.ua/799/56/0c/6313484_3.jpeg","https://epicentrk.ua/shop/vykrutka-mastertool-ploska-sl5x200-mm-48-5520.html","97","epicentr"
"skipped","48-5015","MASTER TOOL","Викрутка хрестова РН0*150 MASTER TOOL 48-5015","571DD6C2-2C12-11EC-9962-BC5FF4F4F2AA","9","","","","already_has_photo"
"found","48-5820","MASTER TOOL","Викрутка плоска SL8*200 MASTER TOOL 48-5820","B3B06144-9EEA-11EB-AE88-BC5FF4F4F2AA","2","https://tdp.com.ua/images/catalog/9eJIAyGkKB/9eJIAyGkKBfdbf395ed050dfbdc3249b165e292403_1425370175.jpg","https://tdp.com.ua/product/ploskaja-otvjortka-master-tool-48-5820-sl.html","98","tdp"
"found","48-5138","MASTER TOOL","Викрутка хрестова РН1* 38 MASTER TOOL 48-5138","B3B06106-9EEA-11EB-AE88-BC5FF4F4F2AA","1","https://tdp.com.ua/images/catalog/Vui2uxET4l/Vui2uxET4lac4a49ac09bd7eb49d951659929b75ed_1425368949.jpg","https://tdp.com.ua/product/krestovaja-otvjortka-master-tool-48-5138-rn.html","98","tdp"
"found","48-5110","MASTER TOOL","Викрутка хрестова РН1*100 MASTER TOOL 48-5110","B3B060FC-9EEA-11EB-AE88-BC5FF4F4F2AA","6","https://tdp.com.ua/images/catalog//1509439942_f47454d1d3644127f42070181a8b9afc.jpg","https://tdp.com.ua/product/otvjortka-krestovaja-master-tool-rn1h100-48-5110.html","98","tdp"
"found","48-5112","MASTER TOOL","Викрутка хрестова РН1*125 MASTER TOOL 48-5112","B3B060FE-9EEA-11EB-AE88-BC5FF4F4F2AA","6","https://tdp.com.ua/images/catalog//1509460215_b0564898f62329659683b234665a3755.jpg","https://tdp.com.ua/product/otvertka-krestovaya-rn1125.html","86","tdp"
"skipped","48-5210","MASTER TOOL","Викрутка хрестова РН2*100 MASTER TOOL 48-5210","B3B0610A-9EEA-11EB-AE88-BC5FF4F4F2AA","12","","","","already_has_photo"
"found","48-5115","MASTER TOOL","Викрутка хрестова РН1*150 MASTER TOOL 48-5115","B3B06100-9EEA-11EB-AE88-BC5FF4F4F2AA","7","https://tdp.com.ua/images/catalog//1509442596_f47454d1d3644127f42070181a8b9afc.jpg","https://tdp.com.ua/product/otvjortka-krestovaja-master-tool-rn1x150-48-5115.html","98","tdp"
"found","48-5220","MASTER TOOL","Викрутка хрестова РН2*200 MASTER TOOL 48-5220","B3B06110-9EEA-11EB-AE88-BC5FF4F4F2AA","5","https://tdp.com.ua/images/catalog//1508228322_8e1d9b7c546278946c8221ae4f3cf7a1.jpg","https://tdp.com.ua/product/otvjortka-krestovaja-rn2h200-master-tool-48-5220.html","98","tdp"
"found","48-5120","MASTER TOOL","Викрутка хрестова РН1*200 MASTER TOOL 48-5120","B3B06102-9EEA-11EB-AE88-BC5FF4F4F2AA","4","https://cdn.27.ua/799/55/fa/6313466_3.jpeg","https://epicentrk.ua/shop/vykrutka-mastertool-khrestova-rn1x200-mm-48-5120.html","97","epicentr"
"found","48-5230","MASTER TOOL","Викрутка хрестова РН2*300 MASTER TOOL 48-5230","B3B06114-9EEA-11EB-AE88-BC5FF4F4F2AA","2","https://tdp.com.ua/images/catalog/FTfZdlwWfK_48-5230/1671455467_339ae.jpg","https://tdp.com.ua/product/otvjortka-krestovaja-master-tool-rn2x300mm-48-5230.html","98","tdp"
"found","48-5225","MASTER TOOL","Викрутка хрестова РН2*250 MASTER TOOL 48-5225","B3B06112-9EEA-11EB-AE88-BC5FF4F4F2AA","3","https://cdn.27.ua/sc--media--prod/default/55/a1/eb/55a1eb21-82a4-4a2c-8d4f-a968fc070bc0.jpg","https://epicentrk.ua/shop/mplc-vikrutka-khrestova-mastertool-rn2-250-mm-48-5225-1ed2dd91-c854-66d6-b4b1-259de72d9821.html","97","epicentr"
"found","48-5240","MASTER TOOL","Викрутка хрестова РН2*400 MASTER TOOL 48-5240","B3B06118-9EEA-11EB-AE88-BC5FF4F4F2AA","3","https://tdp.com.ua/images/catalog/n1eAxOkG3y_48-5240/1671455628_8e951.jpg","https://tdp.com.ua/product/otvjortka-krestovaja-master-tool-rn2x400mm-48-5240.html","98","tdp"
"skipped","45-8575","MASTER TOOL","Викрутка плоска SL5* 75 посилена MASTER TOOL 45-8575","B3B0615C-9EEA-11EB-AE88-BC5FF4F4F2AA","8","","","","already_has_photo"
"found","48-5075","MASTER TOOL","Викрутка хрестова магнітна PH0х75 мм ручка з TPR покриттям MASTER TOOL 48-5075","B3B060FA-9EEA-11EB-AE88-BC5FF4F4F2AA","3","https://tdp.com.ua/images/catalog/GpC2asua92/GpC2asua92ac4a49ac09bd7eb49d951659929b75ed_1425368659.jpg","https://tdp.com.ua/product/krestovaja-otvjortaka-master-tool-48-5075-rn.html","98","tdp"
"found","45-8375","MASTER TOOL","Викрутка плоска SL3* 75 посилена MASTER TOOL 45-8375","B3B06156-9EEA-11EB-AE88-BC5FF4F4F2AA","3","https://tdp.com.ua/images/catalog/hR9eu6P5JB/hR9eu6P5JBf9a6de88b562db85f8ccc28b39cf450f_1425309184.jpg","https://tdp.com.ua/product/ploskaja-otvjortka-master-tool-45-8375.html","98","tdp"
"found","45-8510","MASTER TOOL","Викрутка плоска SL5*100 посилена MASTER TOOL 45-8510","B3B06158-9EEA-11EB-AE88-BC5FF4F4F2AA","2","https://tdp.com.ua/images/catalog/Pr1QkzoYpG/Pr1QkzoYpG3aa3fd0a0a77d317d133b12932ed8494_1425309732.jpg","https://tdp.com.ua/product/ploskaja-otvjortka-master-tool-45-8510.html","98","tdp"
"found","45-8610","MASTER TOOL","Викрутка плоска SL6*100 посилена MASTER TOOL 45-8610","B3B0615E-9EEA-11EB-AE88-BC5FF4F4F2AA","2","https://tdp.com.ua/images/catalog/KMTfYPFbWz/KMTfYPFbWz3aa3fd0a0a77d317d133b12932ed8494_1425310377.jpg","https://tdp.com.ua/product/ploskaja-otvjortka-master-tool-45-8610.html","98","tdp"
"found","45-8515","MASTER TOOL","Викрутка плоска SL5*150 посилена MASTER TOOL 45-8515","B3B0615A-9EEA-11EB-AE88-BC5FF4F4F2AA","4","https://tdp.com.ua/images/catalog//1508853449_59a41ab8382a1a9d74bf993e8135cb46.jpg","https://tdp.com.ua/product/otvjortka-ploskaja-master-tool-5-x-150-45-8515.html","98","tdp"
"found","45-8615","MASTER TOOL","Викрутка плоска SL6*150 посилена MASTER TOOL 45-8615","B3B06160-9EEA-11EB-AE88-BC5FF4F4F2AA","4","https://tdp.com.ua/images/catalog/Gyd4Arft8N/Gyd4Arft8N3aa3fd0a0a77d317d133b12932ed8494_1425310490.jpg","https://tdp.com.ua/product/ploskaja-otvjortka-master-tool-45-8615.html","98","tdp"
"found","45-8815","MASTER TOOL","Викрутка плоска SL8*150 посилена MASTER TOOL 45-8815","B3B06162-9EEA-11EB-AE88-BC5FF4F4F2AA","6","https://tdp.com.ua/images/catalog/xS3vwZUgAk/xS3vwZUgAk3aa3fd0a0a77d317d133b12932ed8494_1425310645.jpg","https://tdp.com.ua/product/ploskaja-otvjortka-master-tool-45-8815-.html","98","tdp"
"found","45-8820","MASTER TOOL","Викрутка плоска SL8*200 посилена MASTER TOOL 45-8820","B3B06164-9EEA-11EB-AE88-BC5FF4F4F2AA","3","https://tdp.com.ua/images/catalog/7iqrBIFBoE/7iqrBIFBoE3aa3fd0a0a77d317d133b12932ed8494_1425310744.jpg","https://tdp.com.ua/product/ploskaja-otvjortka-master-tool-45-8820.html","98","tdp"
"found","45-8075","MASTER TOOL","Викрутка хрестова РН0* 75 посилена MASTER TOOL 45-8075","B3B06146-9EEA-11EB-AE88-BC5FF4F4F2AA","3","https://tdp.com.ua/images/catalog/oLqjKmhVZu/oLqjKmhVZu663d85a934b56be2c8c9af923661f768_1425306977.jpg","https://tdp.com.ua/product/krestovaja-otvjortka-master-tool-ph0x75-l150-45-8075.html","98","tdp"
"found","45-8110","MASTER TOOL","Викрутка хрестова РН1*100 посилена MASTER TOOL 45-8110","B3B06148-9EEA-11EB-AE88-BC5FF4F4F2AA","3","https://tdp.com.ua/images/catalog//1517298004_67fed36add2541888cf5b6d14206ca4b.jpg","https://tdp.com.ua/product/krestovaja-otvjortka-master-tool-ph1x100-l190-45-8110.html","98","tdp"
"found","45-8175","MASTER TOOL","Викрутка хрестова РН1* 75 посилена MASTER TOOL 45-8175","B3B0614C-9EEA-11EB-AE88-BC5FF4F4F2AA","3","https://tdp.com.ua/images/catalog/VleBugyJ2m/VleBugyJ2m663d85a934b56be2c8c9af923661f768_1425307825.jpg","https://tdp.com.ua/product/krestovaja-otvjortka-master-tool-ph1x75-l165-45-8175.html","98","tdp"
"found","45-8115","MASTER TOOL","Викрутка хрестова РН1*150 посилена MASTER TOOL 45-8115","B3B0614A-9EEA-11EB-AE88-BC5FF4F4F2AA","2","https://tdp.com.ua/images/catalog//1508243562_5ce04521b6bc2250db6fed6bb027eb30.jpg","https://tdp.com.ua/product/krestovaja-otvjortka-master-tool-ph1x150-l240-45-8115.html","98","tdp"
"found","45-8210","MASTER TOOL","Викрутка хрестова РН2*100 посилена MASTER TOOL 45-8210","B3B0614E-9EEA-11EB-AE88-BC5FF4F4F2AA","3","https://tdp.com.ua/images/catalog/Naox75Wg2k/Naox75Wg2k3795c33fbb7a60435170d13aef440f2c_1425308366.jpg","https://tdp.com.ua/product/krestovaja-otvjortka-master-tool-ph2x100-l200-45-8210.html","98","tdp"
"found","45-8215","MASTER TOOL","Викрутка хрестова РН2*150 посилена MASTER TOOL 45-8215","B3B06150-9EEA-11EB-AE88-BC5FF4F4F2AA","4","https://tdp.com.ua/images/catalog/Bo6Fxpr6jK/Bo6Fxpr6jK3795c33fbb7a60435170d13aef440f2c_1425308548.jpg","https://tdp.com.ua/product/krestovaja-otvjortka-master-tool-ph2x150-l250-45-8215.html","98","tdp"
"found","45-8315","MASTER TOOL","Викрутка хрестова РН3*150 посилена MASTER TOOL 45-8315","B3B06152-9EEA-11EB-AE88-BC5FF4F4F2AA","7","https://tdp.com.ua/images/catalog/tpPNSeCWzA/tpPNSeCWzA3795c33fbb7a60435170d13aef440f2c_1425308703.jpg","https://tdp.com.ua/product/krestovaja-otvjortka-master-tool-ph3x150-l260-45-8315.html","98","tdp"
"found","45-8320","MASTER TOOL","Викрутка хрестова РН3*200 посилена MASTER TOOL 45-8320","B3B06154-9EEA-11EB-AE88-BC5FF4F4F2AA","6","https://tdp.com.ua/images/catalog//1561621105_f3ccd.jpg","https://tdp.com.ua/product/krestovaja-otvjortka-master-tool-ph3x200-l310-45-8320.html","98","tdp"
"found","49-5210","MASTER TOOL","Викрутка хрестова РН2*100 ударна MASTER TOOL 49-5210","B3B06168-9EEA-11EB-AE88-BC5FF4F4F2AA","2","https://tdp.com.ua/images/catalog//1512466005_32477b9e4abfddc67181f46bb401285a.jpg","https://tdp.com.ua/product/otvjortka-krestovaja-master-tool-rn2x100mm-udarnaja-49-5210.html","98","tdp"
"found","49-5320","MASTER TOOL","Викрутка хрестова РН3*200 ударна MASTER TOOL 49-5320","B3B0616E-9EEA-11EB-AE88-BC5FF4F4F2AA","1","https://tdp.com.ua/images/catalog//1512463421_32477b9e4abfddc67181f46bb401285a.jpg","https://tdp.com.ua/product/otvjortka-krestovaja-master-tool-rn3x200mm-udarnaja-49-5320.html","98","tdp"
"found","40-1504","MASTER TOOL","Набір викруток 3шт (PH1*100, 2*100, SL5*100) MASTER TOOL 40-1504","B3B061C0-9EEA-11EB-AE88-BC5FF4F4F2AA","1","https://tdp.com.ua/images/catalog/7tE15xAPWBnSV7t6yqIe/7tE15xAPWBnSV7t6yqIec3ccf50cb6_1447337811.jpg","https://tdp.com.ua/product/nabor-otvjortok-master-tool-40-1504-3-sht.html","98","tdp"
"found","43-0006","MASTER TOOL","Викрутка прецизійна PH00*50 MASTER TOOL 43-0006","B3B061AA-9EEA-11EB-AE88-BC5FF4F4F2AA","3","https://cdn.27.ua/sc--media--prod/default/ef/2d/69/ef2d6921-1092-4121-b8f1-ab0b316cde4b.jpg","https://epicentrk.ua/shop/mplc-vikrutka-precizijna-mastertool-ph00x50-mm-43-0006-1f0f5398-75e3-6e4c-833d-e1e3d5ad3ac7.html","97","epicentr"
"found","43-0005","MASTER TOOL","Викрутка прецизійна PH000*50 MASTER TOOL 43-0005","B3B061A8-9EEA-11EB-AE88-BC5FF4F4F2AA","3","https://cdn.27.ua/sc--media--prod/default/98/e1/0e/98e10e0d-232f-4c18-a962-f423ddb91b34.jpg","https://epicentrk.ua/shop/mplc-vikrutka-precizijna-mastertool-ph000x50-mm-43-0005-1f0f5398-754d-69b0-94f3-e1e3d5ad3ac7.html","97","epicentr"
"found","40-1505","MASTER TOOL","Набір викруток 5 шт (PH0 * 75, 1 * 75, 2 * 100, SL5 * 75, 6 * 100) MASTER TOOL 40-1505","B3B061C2-9EEA-11EB-AE88-BC5FF4F4F2AA","1","https://tdp.com.ua/images/catalog/UiUeHQnkrU8Sr2Ecksgo/UiUeHQnkrU8Sr2Ecksgod1e9384f5b_1447336162.jpg","https://tdp.com.ua/product/nabor-otvjortok-master-tool-40-1505-5-sht.html","98","tdp"
"found","30-0604","MASTER TOOL","Виска будівельна циліндрична, 100 г MASTER TOOL 30-0604","BA14D3D5-9EEA-11EB-AE88-BC5FF4F4F2AA","1","https://cdn.27.ua/799/92/92/2724498_2.jpeg","https://epicentrk.ua/shop/vysok-mastertool-tsylindrychnyi-100-h-shnur-l-5-m-30-0604.html","97","epicentr"
"found","78-0240","MASTER TOOL","Вороток L-образный 1/2"", 400 мм, CRV MASTER TOOL 78-0240","B3B06334-9EEA-11EB-AE88-BC5FF4F4F2AA","1","https://cdn.27.ua/sc--media--prod/default/8c/5e/b9/8c5eb9de-ec03-48ea-b883-9c3db0c5c050.jpg","https://epicentrk.ua/shop/mplc-vorotok-l-podibnii-mastertool-gm-crv-1-2-400-mm-78-0240-1ec75130-0b9a-65d4-a2b4-53ffa84bdf19.html","97","epicentr"
"found","78-0228","MASTER TOOL","Вороток L-подібний 1/2"", 280 мм, CRV MASTER TOOL 78-0228","B3B06332-9EEA-11EB-AE88-BC5FF4F4F2AA","2","https://cdn.27.ua/sc--media--prod/default/71/d2/98/71d29836-bd44-4dbc-bb31-291705f46905.jpg","https://epicentrk.ua/shop/mplc-vorotok-l-podibnii-mastertool-gm-1-2-280-mm-crv-78-0228-1ec2a566-4cbf-6f84-920d-5fd9b3d868ea.html","97","epicentr"
"found","78-0226","MASTER TOOL","Вороток Т-подібний 1/2"", 250 мм, CRV MASTER TOOL 78-0226","B3B06330-9EEA-11EB-AE88-BC5FF4F4F2AA","1","https://cdn.27.ua/799/7c/37/7044151_1.jpeg","https://epicentrk.ua/shop/vorotok-t-obraznyi-1-2-250-mm-crv-mastertool-1-sht-78-0226.html","97","epicentr"
"skipped","78-0086","MASTER TOOL","Перехідник 1/2""H-3/8""B з отвором для коміра, CRV MASTER TOOL 78-0086","B3B06322-9EEA-11EB-AE88-BC5FF4F4F2AA","2","","","","already_has_photo"
"skipped","78-0085","MASTER TOOL","Перехідник 1/2""В - 3/8""Н CRV MASTER TOOL 78-0085","B3B06320-9EEA-11EB-AE88-BC5FF4F4F2AA","2","","","","already_has_photo"
"skipped","78-0087","MASTER TOOL","Перехідник 1/4"" квадрат - 1/4"" шестигранник, 25мм, CRV MASTER TOOL 78-0087","B3B06324-9EEA-11EB-AE88-BC5FF4F4F2AA","2","","","","already_has_photo"
"skipped","78-0083","MASTER TOOL","Перехідник 3/8""В - 1/4""Н CRV MASTER TOOL 78-0083","B3B0631C-9EEA-11EB-AE88-BC5FF4F4F2AA","2","","","","already_has_photo"
"skipped","78-0084","MASTER TOOL","Перехідник 3/8""Н-1/2""В CRV MASTER TOOL 78-0084","B3B0631E-9EEA-11EB-AE88-BC5FF4F4F2AA","2","","","","already_has_photo"
"found","78-0411","MASTER TOOL","Вороток Т-подібний 1/4"", 110 мм, CRV MASTER TOOL 78-0411","B3B06336-9EEA-11EB-AE88-BC5FF4F4F2AA","1","https://cdn.27.ua/sc--media--prod/default/25/e1/60/25e1606a-1dd5-46f3-81db-fcc967c14b3c.jpg","https://epicentrk.ua/shop/mplc-vorotok-t-podibnii-mastertool-gm-crv-1-4-78-0411-1ec7516c-0fcd-6dd6-9a18-031bc818022f.html","97","epicentr"
"found","78-0088","MASTER TOOL","Перехідник 1/2"" квадрат - 1/2"" шестигранник 38 мм CRV MASTER TOOL 78-0088","D63F0064-2989-11F0-A455-BC5FF4F4F2AA","2","https://tdp.com.ua/images/catalog/PHPqO5HsKP_78-0088/1777464815_8e96a.jpg","https://tdp.com.ua/product/perehidnik-dlja-golovok-torcevih-mastertool-38-mm-78-0088.html","98","tdp"
"found","78-0212","MASTER TOOL","Подовжувач 1/2"" 125 мм CRV MASTER TOOL 78-0212","B3B0632A-9EEA-11EB-AE88-BC5FF4F4F2AA","1","https://tdp.com.ua/images/catalog/WufACxtSGs/WufACxtSGs4abd95843c9ae97191f360eb95651941_1425549504.jpg","https://tdp.com.ua/product/-udlinitel-master-tool-78-0212-125-mm.html","98","tdp"
"found","78-0225","MASTER TOOL","Подовжувач 1/2"" 250 мм CRV MASTER TOOL 78-0225","B3B0632E-9EEA-11EB-AE88-BC5FF4F4F2AA","2","https://tdp.com.ua/images/catalog/zHOQ9nn9sI/zHOQ9nn9sI4abd95843c9ae97191f360eb95651941_1425549635.jpg","https://tdp.com.ua/product/udlinitel-master-tool-78-0225-150-mm.html","98","tdp"
"found","78-0415","MASTER TOOL","Подовжувач 1/4"" 150 мм CRV MASTER TOOL 78-0415","B3B06338-9EEA-11EB-AE88-BC5FF4F4F2AA","7","https://tdp.com.ua/images/catalog/J6ZM7jfxLI/J6ZM7jfxLIa8afcd57629d8ef6c6deadd159a72076_1425552541.jpg","https://tdp.com.ua/product/-udlinitel-master-tool-78-0415.html","98","tdp"
"found","78-0218","MASTER TOOL","Подовжувач гнучкий 1/2"" 180 мм CRV MASTER TOOL 78-0218","B3B0632C-9EEA-11EB-AE88-BC5FF4F4F2AA","4","https://cdn.27.ua/sc--media--prod/default/98/c9/79/98c97902-50ea-4a30-962a-565324a44dd8.jpg","https://epicentrk.ua/shop/mplc-podovzhuvach-gnuchkii-mastertool-gm-crv-180-mm-78-0218-1ecf39d4-9d55-6958-86e8-65d42803d271.html","97","epicentr"
"found","78-0082","MASTER TOOL","Шарнір карданний 1/2"" CRV MASTER TOOL 78-0082","B3B0631A-9EEA-11EB-AE88-BC5FF4F4F2AA","2","https://cdn.27.ua/sc--media--prod/default/00/81/1d/00811d05-bd3c-442e-8222-7adb9d8530ab.jpg","https://epicentrk.ua/shop/mplc-sarnir-kardannij-mastertool-gm-1-2-crv-78-0082-1ef24a6a-d71d-6824-9147-257598659e2c.html","97","epicentr"
"found","78-0416","MASTER TOOL","Подовжувач гнучкий 1/4"" 150 мм CRV MASTER TOOL 78-0416","B3B0633A-9EEA-11EB-AE88-BC5FF4F4F2AA","5","https://cdn.27.ua/sc--media--prod/default/9a/b7/89/9ab7897e-573c-467c-a5d3-014ab55dccfc.jpg","https://epicentrk.ua/shop/mplc-podovzuvac-gnuckij-mastertool-gm-crv-1-4-150-mm-78-0416-1ef249c4-9055-6780-b01b-b3668a8e4b80.html","97","epicentr"
"found","73-0117","MASTER TOOL","Ключ балонний 17 мм 350х14 мм MASTER TOOL 73-0117","BB50E658-6178-11EC-89C3-BC5FF4F4F2AA","2","https://tdp.com.ua/images/catalog/KCO59M4qRw/KCO59M4qRwc8351607edc237574bb893b06f4ee71b_1425454116.jpg","https://tdp.com.ua/product/kljuch-balonnyj-master-tool-73-0117-35014-mm.html","98","tdp"
"found","78-0080","MASTER TOOL","Шарнір карданний 1/4"" CRV MASTER TOOL 78-0080","B3B06316-9EEA-11EB-AE88-BC5FF4F4F2AA","3","https://cdn.27.ua/sc--media--prod/default/3e/4b/2a/3e4b2acc-8d37-4488-8a29-d4adde38b186.jpg","https://epicentrk.ua/shop/mplc-sarnir-kardannij-mastertool-gm-crv-1-4-78-0080-1ef1c12f-ed0b-6b00-9640-7f2e99be1f24.html","97","epicentr"
"found","73-0119","MASTER TOOL","Ключ балонний 19 мм 350х14 мм MASTER TOOL 73-0119","BB50E65A-6178-11EC-89C3-BC5FF4F4F2AA","2","https://tdp.com.ua/images/catalog/AqhiuKcybF/AqhiuKcybFc8351607edc237574bb893b06f4ee71b_1425454279.jpg","https://tdp.com.ua/product/kljuch-balonnyj-master-tool-73-0119-35014-mm-.html","98","tdp"
"found","78-0081","MASTER TOOL","Шарнір карданний 3/8"" CRV MASTER TOOL 78-0081","B3B06318-9EEA-11EB-AE88-BC5FF4F4F2AA","3","https://cdn.27.ua/799/7c/e7/7044327_1.jpeg","https://epicentrk.ua/shop/kardan-3-8-crv-78-0081-mastertool-78-0081.html","97","epicentr"
"found","73-0313","MASTER TOOL","Ключ балонний хрестовий посилений 17x19x21x1/2"" 350х16 мм MASTER TOOL 73-0313","BB50E65C-6178-11EC-89C3-BC5FF4F4F2AA","2","https://tdp.com.ua/images/catalog/mqy8GQ1IA3/mqy8GQ1IA32a70106efa372ebf54d5575d07b82f78_1425457421.jpg","https://tdp.com.ua/product/krestovoj-kljuch-master-tool-73-0313.html","98","tdp"
"skipped","44-5001","BURN GAS","Газовий балон бутан BURN GAS 220 г MASTER TOOL 44-5001","6F8F7C54-F6C7-11EC-9DF5-BC5FF4F4F2AA","25","","","","already_has_photo"
"found","73-0314","MASTER TOOL","Ключ балонний хрестовий посилений 17x19x21x22 мм 350х14 мм MASTER TOOL 73-0314","BB50E65E-6178-11EC-89C3-BC5FF4F4F2AA","2","https://cdn.27.ua/sc--media--prod/default/a2/d9/78/a2d978cf-cd60-4869-8e78-861574715019.jpg","https://epicentrk.ua/shop/mplc-klyuch-balonnii-khrestovii-mastertool-gm-73-0314-1ec75122-919b-6e7a-839e-77cea491b5e5.html","97","epicentr"
"found","92-0325","ГОСПОДАР","Петля СТРІЛА - 300 оцинкована ГОСПОДАР 92-0325","786379D0-2C12-11EC-9962-BC5FF4F4F2AA","2","https://cdn.27.ua/sc--media--prod/default/d4/0a/8a/d40a8a92-33c0-4602-831d-8e2fa92cadb8.jpg","https://epicentrk.ua/shop/mplc-petla-gospodar-strila-300-mm-ocinkovana-92-0325-24489-1ee2cbe1-3659-6fb2-bf12-01effb92567e.html","97","epicentr"
"found","92-0329","ГОСПОДАР","Петля зі скобою під замок 230 мм ГОСПОДАР 92-0329","CC586405-9EEA-11EB-AE88-BC5FF4F4F2AA","4","https://cdn.27.ua/sc--media--prod/default/6a/c2/a7/6ac2a7be-7a08-4cf5-8378-c2ce884df67c.jpg","https://epicentrk.ua/shop/mplc-petlya-zi-skoboyu-gospodar-pid-zamok-230-mm-92-0329-1ed4ad84-103c-6bce-8448-25a0d9490791.html","97","epicentr"
"skipped","14-6174","MASTER TOOL","Граблі садові 5 зубів з пластиковою ручкою та TPR покриттям 300*95 мм MASTER TOOL 14-6174","C0598A66-9EEA-11EB-AE88-BC5FF4F4F2AA","1","","","","already_has_photo"
"skipped","14-6173","MASTER TOOL","Розрихлювач садовий з пластиковою ручкою та TPR покриттям 385*60 мм MASTER TOOL 14-6173","C0598A64-9EEA-11EB-AE88-BC5FF4F4F2AA","4","","","","already_has_photo"
"found","92-1221","ГОСПОДАР","Підставка для ложки столової ГОСПОДАР 92-1221","CC5863B7-9EEA-11EB-AE88-BC5FF4F4F2AA","1","https://cdn.27.ua/sc--media--prod/default/83/e7/cd/83e7cde7-602d-4dee-ba81-8db75b94ca23.jpg","https://epicentrk.ua/shop/mplc-pidstavka-dlya-lozhki-stolovoi-gospodar-92-1221-1ed56c86-c1ca-6b04-bb41-69fd150643df.html","97","epicentr"
"found","14-6179","MASTER TOOL","Граблі віялові 9 зубів із телескопічною металевою ручкою 750-1040х160 мм MASTERTOOL 14-6179","8BC7D0D1-8E64-11EC-BDD9-BC5FF4F4F2AA","4","https://cdn.27.ua/799/a7/2b/6530859_3.jpeg","https://epicentrk.ua/shop/grabelki-ruchnye-veernye-mastertool-9-zubov-14-6179.html","97","epicentr"
"found","14-6175","MASTER TOOL","Граблі віялові 9 зубів з пластиковою ручкою та TPR покриттям 420*145 мм MASTER TOOL 14-6175","C0598A68-9EEA-11EB-AE88-BC5FF4F4F2AA","1","https://cdn.27.ua/799/a7/23/6530851_1.jpeg","https://epicentrk.ua/shop/grabelki-ruchnye-veernye-mastertool-420x145-mm-14-6175.html","97","epicentr"
"skipped","14-6206","MASTER TOOL","Граблі металеві кручені 10 зуб 305*100 мм MASTER TOOL 14-6206","D64585C2-BA01-11EB-81E7-BC5FF4F4F2AA","12","","","","already_has_photo"
"found","14-6233","MASTER TOOL","Граблі віялові розсувні фарбовані 18 зуб 500*390 мм (власне вироб.) MASTER TOOL 14-6233","C0598A42-9EEA-11EB-AE88-BC5FF4F4F2AA","1","https://tdp.com.ua/images/catalog/EfDegZHIDm/1557153255_d4d43.jpg","https://tdp.com.ua/product/grabli-veernye-razdvizhnye-krashennye-master-tool-500390-mm-18-zubev-14-6233.html","98","tdp"
"found","14-6238","MASTER TOOL","Граблі металеві 9 зуб 430*60 мм (власне вироб.) MASTER TOOL 14-6238","C0598A44-9EEA-11EB-AE88-BC5FF4F4F2AA","3","https://tdp.com.ua/images/catalog/15PReeqn9C/1557146660_9a1b6.JPG","https://tdp.com.ua/product/grabli-metallicheskie-master-tool-44560-mm-9-zubev-14-6238.html","98","tdp"
"skipped","14-6201","MASTER TOOL","Граблі пластикові 13 зуб 635*150 мм MASTER TOOL 14-6201","C0598A38-9EEA-11EB-AE88-BC5FF4F4F2AA","9","","","","already_has_photo"
"skipped","14-6200","MASTER TOOL","Граблі пластикові 16 зубів 570*95 мм MASTER TOOL 14-6200","C0598A36-9EEA-11EB-AE88-BC5FF4F4F2AA","2","","","","already_has_photo"
"skipped","14-6196","MASTER TOOL","Граблі садові із подовженою дерев'яною ручкою 5 зубів 375*95 мм MASTER TOOL 14-6196","C0598A84-9EEA-11EB-AE88-BC5FF4F4F2AA","13","","","","already_has_photo"
"skipped","14-6195","MASTER TOOL","Розрихлювач садовий з подовженою дерев'яною ручкою 450*85 мм MASTER TOOL 14-6195","D64585CE-BA01-11EB-81E7-BC5FF4F4F2AA","14","","","","already_has_photo"
"found","08-0306","MASTER TOOL","Губка для шліфування Р 60 100*70*25 мм MASTER TOOL 08-0306","A7773CF7-9EEA-11EB-AE88-BC5FF4F4F2AA","5","https://tdp.com.ua/images/catalog/h6uApH2NLJ/1560257873_15600.jpg","https://tdp.com.ua/product/gubka-dlja-shlifovanija-mastertool-100x70x25-mm-p60-08-0306.html","98","tdp"
"found","08-0308","MASTER TOOL","Губка для шліфування Р 80 100*70*25 мм MASTER TOOL 08-0308","A7773CF9-9EEA-11EB-AE88-BC5FF4F4F2AA","5","https://tdp.com.ua/images/catalog/N2YpJ6xS0R/1560258207_15600.jpg","https://tdp.com.ua/product/gubka-dlja-shlifovanija-mastertool-100x70x25-mm-p80-08-0308.html","98","tdp"
"found","14-6293","ГОСПОДАР","Граблі металеві кручені ГУ-12 12 зубів 355*105 мм (власне вироб.) ГОСПОДАР 14-6293","0ACDF24E-EB5A-11EE-AF97-BC5FF4F4F2AA","3","https://cdn.27.ua/sc--media--prod/default/e2/56/62/e25662b8-781d-43ea-8d35-dd3dbc16597f.jpg","https://epicentrk.ua/shop/mplc-grabli-metalevi-kruceni-gospodar-gu-12-12-zubiv-355h105-mm-mt14-6293-1f12dcfb-c2e5-650c-8605-c17563fb5347.html","97","epicentr"
"found","08-0312","MASTER TOOL","Губка для шліфування Р120 100*70*25 мм MASTER TOOL 08-0312","A7773CFB-9EEA-11EB-AE88-BC5FF4F4F2AA","5","https://tdp.com.ua/images/catalog/ZPYBwwEYSc/1560258308_15600.jpg","https://tdp.com.ua/product/gubka-dlja-shlifovanija-mastertool-100x70x25-mm-p120-08-0312.html","98","tdp"
"found","08-0318","MASTER TOOL","Губка для шліфування Р180 100*70*25 мм MASTER TOOL 08-0318","A7773CFD-9EEA-11EB-AE88-BC5FF4F4F2AA","5","https://tdp.com.ua/images/catalog/cq8e6u5Kt7/1560258408_15600.jpg","https://tdp.com.ua/product/gubka-dlja-shlifovanija-mastertool-100x70x25-mm-p180-08-0318.html","98","tdp"
"found","08-0324","MASTER TOOL","Губка для шліфування Р240 100*70*25 мм MASTER TOOL 08-0324","A7773CFF-9EEA-11EB-AE88-BC5FF4F4F2AA","5","https://tdp.com.ua/images/catalog/PyaMARiAxM/1560258538_15600.jpg","https://tdp.com.ua/product/gubka-dlja-shlifovanija-mastertool-100x70x25-mm-p240-08-0324.html","98","tdp"
"found","08-0332","MASTER TOOL","Губка для шліфування Р320 100*70*25 мм MASTER TOOL 08-0332","A7773D01-9EEA-11EB-AE88-BC5FF4F4F2AA","4","https://tdp.com.ua/images/catalog/UUhFEqxIMz/1560258686_15600.jpg","https://tdp.com.ua/product/gubka-dlja-shlifovanija-mastertool-100x70x25-mm-p320-08-0332.html","98","tdp"
"found","08-0506","MASTER TOOL","Губка для шліфування РОМБ Р 60 110*75*25 мм MASTER TOOL 08-0506","A7773D03-9EEA-11EB-AE88-BC5FF4F4F2AA","4","https://tdp.com.ua/images/catalog//1560260892_f3ccd.jpg","https://tdp.com.ua/product/gubka-dlja-shlifovanija-mastertool-romb-110x75x25-mm-p60-08-0506.html","98","tdp"
"found","08-0508","MASTER TOOL","Губка для шліфування РОМБ Р 80 110*75*25 мм MASTER TOOL 08-0508","A7773D05-9EEA-11EB-AE88-BC5FF4F4F2AA","3","https://tdp.com.ua/images/catalog//1560261073_f3ccd.jpg","https://tdp.com.ua/product/gubka-dlja-shlifovanija-mastertool-romb-110x75x25-mm-p80-08-0508.html","98","tdp"
"found","08-0512","MASTER TOOL","Губка для шліфування РОМБ Р120 110*75*25 мм MASTER TOOL 08-0512","A7773D07-9EEA-11EB-AE88-BC5FF4F4F2AA","4","https://tdp.com.ua/images/catalog//1560328781_f3ccd.jpg","https://tdp.com.ua/product/gubka-dlja-shlifovanija-mastertool-romb-110x75x25-mm-p120-08-0512.html","98","tdp"
"found","08-0524","MASTER TOOL","Губка для шліфування РОМБ Р240 110*75*25 мм MASTER TOOL 08-0524","A7773D0B-9EEA-11EB-AE88-BC5FF4F4F2AA","5","https://tdp.com.ua/images/catalog//1560329259_f3ccd.jpg","https://tdp.com.ua/product/gubka-dlja-shlifovanija-mastertool-romb-110x75x25-mm-p240-08-0524.html","98","tdp"
"found","08-0518","MASTER TOOL","Губка для шліфування РОМБ Р180 110*75*25 мм MASTER TOOL 08-0518","A7773D09-9EEA-11EB-AE88-BC5FF4F4F2AA","5","https://tdp.com.ua/images/catalog/FDyCu66wOW_08-0518/1560328926_f3ccd.jpg","https://tdp.com.ua/product/gubka-dlja-shlifovanija-mastertool-romb-110x75x25-mm-p180-08-0518.html","98","tdp"
"found","08-0532","MASTER TOOL","Губка для шліфування РОМБ Р320 110*75*25 мм MASTER TOOL 08-0532","A7773D0D-9EEA-11EB-AE88-BC5FF4F4F2AA","5","https://tdp.com.ua/images/catalog/huY6s8HTnO_08-0532/1560329533_f3ccd.jpg","https://tdp.com.ua/product/gubka-dlja-shlifovanija-mastertool-romb-110x75x25-mm-p320-08-0532.html","98","tdp"
"found","08-0708","MASTER TOOL","Губка для шліфування СОФТ Р 80 125*100*12 мм MASTER TOOL 08-0708","6557A120-8E39-11EC-BDD9-BC5FF4F4F2AA","6","https://tdp.com.ua/images/catalog//1560259726_f3ccd.jpg","https://tdp.com.ua/product/gubka-dlja-shlifovanija-mastertool-soft-125x100x12-mm-p80-08-0708.html","98","tdp"
"found","08-0712","MASTER TOOL","Губка для шліфування СОФТ Р120 125*100*12 мм MASTER TOOL 08-0712","A7773D19-9EEA-11EB-AE88-BC5FF4F4F2AA","5","https://tdp.com.ua/images/catalog//1560259846_f3ccd.jpg","https://tdp.com.ua/product/gubka-dlja-shlifovanija-mastertool-soft-125x100x12-mm-p120-08-0712.html","98","tdp"
"found","08-0724","MASTER TOOL","Губка для шліфування СОФТ Р240 125*100*12 мм MASTER TOOL 08-0724","A7773D1B-9EEA-11EB-AE88-BC5FF4F4F2AA","5","https://tdp.com.ua/images/catalog//1560260419_f3ccd.jpg","https://tdp.com.ua/product/gubka-dlja-shlifovanija-mastertool-soft-125x100x12-mm-p240-08-0724.html","98","tdp"
"found","08-0732","MASTER TOOL","Губка для шліфування СОФТ Р320 125*100*12 мм MASTER TOOL 08-0732","65168ED5-71F5-11EC-8E6D-BC5FF4F4F2AA","3","https://tdp.com.ua/images/catalog/3EBOkuVD5M_08-0732/1560260592_f3ccd.jpg","https://tdp.com.ua/product/gubka-dlja-shlifovanija-mastertool-soft-125x100x12-mm-p320-08-0732.html","98","tdp"
"found","08-0706","MASTER TOOL","Губка для шліфування СОФТ Р60 125х100х12 мм MASTER TOOL 08-0706","BB50E62E-6178-11EC-89C3-BC5FF4F4F2AA","4","https://tdp.com.ua/images/catalog//1560259591_f3ccd.jpg","https://tdp.com.ua/product/gubka-dlja-shlifovanija-mastertool-soft-125x100x12-mm-p60-08-0706.html","98","tdp"
"found","08-0606","MASTER TOOL","Губка для шліфування ТРАПЕЦІЯ Р 60 110*90*25 мм MASTER TOOL 08-0606","A7773D0F-9EEA-11EB-AE88-BC5FF4F4F2AA","2","https://tdp.com.ua/images/catalog//1560329973_f3ccd.jpg","https://tdp.com.ua/product/gubka-dlja-shlifovanija-mastertool-trapecija-110x90x25-mm-p60-08-0606.html","98","tdp"
"skipped","92-7101","MASTER TOOL","Ручка для валика 60 мм d 6 мм (власне вироб.) MASTER TOOL 92-7101","BA14D5CB-9EEA-11EB-AE88-BC5FF4F4F2AA","33","","","","already_has_photo"
"skipped","92-7102","MASTER TOOL","Ручка для валика 100 мм d 6 мм (власне вироб.) MASTER TOOL 92-7102","BA14D5CD-9EEA-11EB-AE88-BC5FF4F4F2AA","51","","","","already_has_photo"
"skipped","92-7103","MASTER TOOL","Ручка для валика 150 мм d 6 мм (власне вироб.) MASTER TOOL 92-7103","BA14D5CF-9EEA-11EB-AE88-BC5FF4F4F2AA","17","","","","already_has_photo"
"found","08-0608","MASTER TOOL","Губка для шліфування ТРАПЕЦІЯ Р 80 110*90*25 мм MASTER TOOL 08-0608","A7773D11-9EEA-11EB-AE88-BC5FF4F4F2AA","2","https://tdp.com.ua/images/catalog//1560330112_f3ccd.jpg","https://tdp.com.ua/product/gubka-dlja-shlifovanija-mastertool-trapecija-110x90x25-mm-p80-08-0608.html","98","tdp"
"found","08-0632","MASTER TOOL","Губка для шліфування ТРАПЕЦІЯ Р320 110*90*25 мм MASTER TOOL 08-0632","A7773D17-9EEA-11EB-AE88-BC5FF4F4F2AA","2","https://tdp.com.ua/images/catalog/rbPor00P5a_08-0632/1560330708_f3ccd.jpg","https://tdp.com.ua/product/gubka-dlja-shlifovanija-mastertool-trapecija-110x90x25-mm-p320-08-0632.html","98","tdp"
"found","81-2125","MASTER TOOL","Захоплення магнітне телескопічне 125 мм - 630 мм MASTER TOOL 81-2125","B3B06402-9EEA-11EB-AE88-BC5FF4F4F2AA","2","https://cdn.27.ua/sc--media--prod/default/66/e0/29/66e0297f-8f9d-4a8a-8794-9fec74a97570.jpg","https://epicentrk.ua/shop/mplc-zakhoplyuvach-magnitnii-teleskopichnii-mastertool-gm-81-2125-1ec75117-04a8-6762-9167-ad42a5c8bd59.html","97","epicentr"
"found","81-2525","MASTER TOOL","Магнітне захоплення з гнучким валом 610 мм MASTER TOOL 81-2525","B3B0640E-9EEA-11EB-AE88-BC5FF4F4F2AA","1","https://cdn.27.ua/799/72/e0/2257632_2.jpeg","https://epicentrk.ua/shop/magnitnyy-zakhvat-gibkiy-610-mm-0-9-kg-mastertool-81-2525.html","97","epicentr"
"found","81-2136","MASTER TOOL","Дзеркало телескопічне 170 мм – 485 мм, діаметр 31 мм MASTER TOOL 81-2136","B3B06404-9EEA-11EB-AE88-BC5FF4F4F2AA","2","https://cdn.27.ua/799/72/e8/2257640_1.jpeg","https://epicentrk.ua/shop/zerkalo-teleskopicheskoe-170-485-mm-mastertool-81-2136.html","97","epicentr"
"found","81-2137","MASTER TOOL","Набір магнітних інструментів (тарілка, захват, дзеркало) MASTER TOOL 81-2137","B3B06406-9EEA-11EB-AE88-BC5FF4F4F2AA","1","https://cdn.27.ua/sc--media--prod/default/b6/13/68/b6136816-249d-4d0d-b77f-8a503538a223.jpg","https://epicentrk.ua/shop/mplc-nabir-magnitnikh-instrumentiv-mastertool-gm-81-2137-1ec57f4f-01f1-65aa-bf8a-034803c94136.html","97","epicentr"
"skipped","9-03-125","GRANITE","Диск алмазний TURBO REINFORCED 125 мм GRANITE 9-03-125","A172A186-9EEA-11EB-AE88-BC5FF4F4F2AA","6","","","","already_has_photo"
"skipped","9-03-230","GRANITE","Диск алмазний TURBO REINFORCED 230 мм GRANITE 9-03-230","A172A18A-9EEA-11EB-AE88-BC5FF4F4F2AA","4","","","","already_has_photo"
"skipped","9-05-125","GRANITE","Диск алмазний UNIVERSAL 125 мм GRANITE 9-05-125","A172A192-9EEA-11EB-AE88-BC5FF4F4F2AA","8","","","","already_has_photo"
"found","81-2108","MASTER TOOL","Тарілка магнітна 108 мм MASTER TOOL 81-2108","B3B06400-9EEA-11EB-AE88-BC5FF4F4F2AA","1","https://cdn.27.ua/sc--media--prod/default/a5/eb/bc/a5ebbcdb-0025-4151-84d4-ed7182d5f525.jpg","https://epicentrk.ua/shop/mplc-tarilka-magnitna-mastertool-gm-108-mm-81-2108-1ec72d79-603a-670e-872e-49e576b29531.html","97","epicentr"
"found","9-10-003","GRANITE","Диск алмазний шліфувальний гнучкий Ø100 мм P 30 на липучці 2800 об/хв GRANITE 9-10-003","40E89C62-0E56-11ED-BA5D-BC5FF4F4F2AA","3","https://tdp.com.ua/images/catalog/Ww3u9Wz4TI_9-10-003/1770109982_02d14.jpg","https://tdp.com.ua/product/krug-almaznij-shlifuvalnij-granite-100-mm-p30-na-lipuchci-9-10-003.html","98","tdp"
"found","9-10-015","GRANITE","Диск алмазний шліфувальний гнучкий Ø100 мм P 150 на липучці 2800 об/хв GRANITE 9-10-015","40E89C6A-0E56-11ED-BA5D-BC5FF4F4F2AA","1","https://tdp.com.ua/images/catalog/wUr9ZC0v1H_9-10-015/1770111051_02d14.jpg","https://tdp.com.ua/product/krug-almaznij-shlifuvalnij-granite-100-mm-p150-na-lipuchci-9-10-015.html","98","tdp"
"found","81-2148","MASTER TOOL","Тарілка магнітна 148 мм, 4 секції MASTER TOOL 81-2148","B3B0640A-9EEA-11EB-AE88-BC5FF4F4F2AA","2","https://cdn.27.ua/sc--media--prod/default/7a/03/0d/7a030d26-3878-4a6a-b133-cb69bba56636.jpg","https://epicentrk.ua/shop/mplc-tarilka-magnitna-mastertool-gm-148-mm-4-sektsii-81-2148-1ec72c84-9715-6fe4-b496-c3bae13d719a.html","97","epicentr"
"found","9-10-020","GRANITE","Диск алмазний шліфувальний гнучкий Ø100 мм P 200 на липучці 2800 об/хв GRANITE 9-10-020","40E89C6C-0E56-11ED-BA5D-BC5FF4F4F2AA","1","https://tdp.com.ua/images/catalog/OLd1Jt46Tq_9-10-020/1770111315_02d14.jpg","https://tdp.com.ua/product/krug-almaznij-shlifuvalnij-granite-100-mm-p200-na-lipuchci-9-10-020.html","98","tdp"
"found","9-10-040","GRANITE","Диск алмазний шліфувальний гнучкий Ø100 мм P 400 на липучці 2800 об/хв GRANITE 9-10-040","40E89C6E-0E56-11ED-BA5D-BC5FF4F4F2AA","1","https://tdp.com.ua/images/catalog/IeefmB2NkQ_9-10-040/1770111959_02d14.jpg","https://tdp.com.ua/product/krug-almaznij-shlifuvalnij-granite-100-mm-p400-na-lipuchci-9-10-040.html","98","tdp"
"skipped","19-25-041","GRANITE","Диск для тримера ""ALLIGATOR"" 255*25.4*40Т з переможною напайкою, загартований GRANITE 19-25-041","C05989EC-9EEA-11EB-AE88-BC5FF4F4F2AA","2","","","","already_has_photo"
"skipped","19-2000","MASTER TOOL","Диск для тримера ""GARDEN"" 255*25.4*40Т з переможною напайкою MASTER TOOL 19-2000","C05989E0-9EEA-11EB-AE88-BC5FF4F4F2AA","5","","","","already_has_photo"
"skipped","19-2001","MASTER TOOL","Диск для тримера ""SHARK"" 255*25.4*40Т з переможною напайкою MASTER TOOL 19-2001","C05989E2-9EEA-11EB-AE88-BC5FF4F4F2AA","1","","","","already_has_photo"
"skipped","19-2003","MASTER TOOL","Диск для тримера ""SPIKE"" 255*25.4*40Т з переможною напайкою MASTER TOOL 19-2003","C05989E6-9EEA-11EB-AE88-BC5FF4F4F2AA","3","","","","already_has_photo"
"skipped","19-1912","MASTER TOOL","Диск для тримера 10"" 3Т*25,4 (власне вироб.) MASTER TOOL 19-1912","C05989D4-9EEA-11EB-AE88-BC5FF4F4F2AA","8","","","","already_has_photo"
"skipped","19-1916","MASTER TOOL","Диск для тримера 10"" 3Т*25,4 із зубцями (власне вироб.) MASTER TOOL 19-1916","C05989DA-9EEA-11EB-AE88-BC5FF4F4F2AA","10","","","","already_has_photo"
"skipped","19-1911","MASTER TOOL","Диск для тримера 10"" 40Т*25,4 (власне вироб.) MASTER TOOL 19-1911","C05989D2-9EEA-11EB-AE88-BC5FF4F4F2AA","7","","","","already_has_photo"
"skipped","19-1917","MASTER TOOL","Диск для тримера 10"" 4Т*25,4 (власне вироб.) MASTER TOOL 19-1917","C05989DC-9EEA-11EB-AE88-BC5FF4F4F2AA","9","","","","already_has_photo"
"skipped","19-1918","MASTER TOOL","Диск для тримера 10"" 80Т*25,4 (власне вироб.) MASTER TOOL 19-1918","C05989DE-9EEA-11EB-AE88-BC5FF4F4F2AA","5","","","","already_has_photo"
"skipped","19-1910","MASTER TOOL","Диск для тримера 10"" 8Т*25,4 (власне вироб.) MASTER TOOL 19-1910","C05989D0-9EEA-11EB-AE88-BC5FF4F4F2AA","4","","","","already_has_photo"
"skipped","5-12-524","GRANITE","Диск пильний для дерева з твердосплавними напайками 125*22,2*24Т, 11000 об/мин, GRANITE 5-12-524","A7773B9F-9EEA-11EB-AE88-BC5FF4F4F2AA","4","","","","already_has_photo"
"skipped","5-18-041","GRANITE","Диск пильний для дерева з твердосплавними напайками 180*32*40Т, адаптер 8500 об/м, GRANITE 5-18-041","A7773BAF-9EEA-11EB-AE88-BC5FF4F4F2AA","1","","","","already_has_photo"
"skipped","5-18-061","GRANITE","Диск пильний для дерева з твердосплавними напайками 180*32*60Т, адаптер 8500 об/м, GRANITE 5-18-061","A7773BB3-9EEA-11EB-AE88-BC5FF4F4F2AA","2","","","","already_has_photo"
"skipped","92-9031","ГОСПОДАР","Дощувач ""Вертоліт"" 3-ход. ГОСПОДАР 92-9031","C0598B76-9EEA-11EB-AE88-BC5FF4F4F2AA","10","","","","already_has_photo"
"skipped","92-9014","MASTER TOOL","Дощувач ""Равлик"" d 9 см, під конектор, на різьбовій ніжці MASTER TOOL 92-9014","C0598B64-9EEA-11EB-AE88-BC5FF4F4F2AA","19","","","","already_has_photo"
"skipped","92-9019","ГОСПОДАР","Дощувач ""Равлик"" d 9 см, шланг 3/4"" ГОСПОДАР 92-9019","C0598B66-9EEA-11EB-AE88-BC5FF4F4F2AA","10","","","","already_has_photo"
"found","9-10-150","GRANITE","Диск алмазний шліфувальний гнучкий Ø100 мм P1500 на липучці 1400 об/хв GRANITE 9-10-150","40E89C72-0E56-11ED-BA5D-BC5FF4F4F2AA","1","https://tdp.com.ua/images/catalog/kvXFwnozs4_9-10-150/1770112807_02d14.jpg","https://tdp.com.ua/product/krug-almaznij-shlifuvalnij-granite-100-mm-p1500-na-lipuchci-9-10-150.html","98","tdp"
"skipped","92-9010","ГОСПОДАР","Дощувач ""Равлик"" d13 см, шланг 1/2"", 3/4"", прозорий ГОСПОДАР 92-9010","C0598B5E-9EEA-11EB-AE88-BC5FF4F4F2AA","8","","","","already_has_photo"
"skipped","81-0027","MASTER TOOL","Щиток захисний для газонокосарника з металевою сіткою MASTER TOOL 81-0027","7C41B168-6736-11ED-B59F-BC5FF4F4F2AA","5","","","","already_has_photo"
"skipped","81-0028","MASTER TOOL","Щиток захисний із прозорим екраном PVC 355*205*1 мм MASTER TOOL 81-0028","7C41B16A-6736-11ED-B59F-BC5FF4F4F2AA","3","","","","already_has_photo"
"found","92-9013","ГОСПОДАР","Дощувач ""Равлик"" d 9 см, шланг 3/4"", на різьбовій ніжці ГОСПОДАР 92-9013","C0598B62-9EEA-11EB-AE88-BC5FF4F4F2AA","5","https://tdp.com.ua/images/catalog/aJuXmdWdUJ/1558516331_a5515.jpg","https://tdp.com.ua/product/orositel-master-tool-ulitka-d90mm-shlang-34-92-9013.html","98","tdp"
"skipped","19-0016","MASTER TOOL","Ліска для тримера 1,65 мм* 15 м, ""круг"" MASTER TOOL 19-0016","C0598976-9EEA-11EB-AE88-BC5FF4F4F2AA","58","","","","already_has_photo"
"found","81-9233","MASTER TOOL","З'єднання швидкознімне 1/4"" ВР MASTER TOOL 81-9233","BA14D33F-9EEA-11EB-AE88-BC5FF4F4F2AA","1","https://tdp.com.ua/images/catalog/itIPxYidSm/itIPxYidSm372de5fc584eb7c5d033ba4da07a75d7_1427883282.jpg","https://tdp.com.ua/product/soedinitel-master-tool-81-9233-d14-vr.html","98","tdp"
"found","44-0021","MASTER TOOL","Набір для випалювання 30 Вт, 14 насадок MASTER TOOL 44-0021","4FE98E1B-2C12-11EC-9962-BC5FF4F4F2AA","1","https://cdn.27.ua/sc--media--prod/default/d3/8b/e9/d38be977-9b7c-4cba-a381-03a1b3544c8a.jpg","https://epicentrk.ua/shop/mplc-nabir-dla-vipaluvanna-po-derevu-mastertool-30-vt-220v-50hz-14-nasadok-44-0021-1f0cebe4-ff27-6b18-b121-77dc8323fe13.html","97","epicentr"
"found","81-9230","MASTER TOOL","З'єднання швидкознімне 1/4"" НР MASTER TOOL 81-9230","BA14D339-9EEA-11EB-AE88-BC5FF4F4F2AA","2","https://tdp.com.ua/images/catalog/l2tSRAOJB4/l2tSRAOJB465f8f228889229860790546ae6971012_1427882894.jpg","https://tdp.com.ua/product/soedinitel-master-tool-81-9230-d-14nr-.html","98","tdp"
"found","81-9297","MASTER TOOL","Перехідник з НР 1/2"" на ""ялинку"" 8 мм MASTER TOOL 81-9297","BA14D35D-9EEA-11EB-AE88-BC5FF4F4F2AA","2","https://cdn.27.ua/sc--media--prod/default/ac/5d/3d/ac5d3dfe-3357-4ffe-80db-4d038252d363.jpg","https://epicentrk.ua/shop/mplc-perehidnik-mastertool-gm-z-nr-1-2-na-alinku-8-mm-81-9297-1eebf423-cf8d-6bca-a26f-37cf6ec703f8.html","97","epicentr"
"found","81-9249","MASTER TOOL","Штуцер ""ялинка"" 6 мм під з'єднання швидкознімне MASTER TOOL 81-9249","BA14D34F-9EEA-11EB-AE88-BC5FF4F4F2AA","3","https://tdp.com.ua/images/catalog/mZehWlB5vM/mZehWlB5vM7c09fc19931a72931126991188b5b925_1427886312.jpg","https://tdp.com.ua/product/shtucer-master-tool-81-9249-6-mm.html","98","tdp"
"not_found","92-9017","ГОСПОДАР","Зрошувач для поливу ""Равлик"" Ø 9 см конекторне з'єднання ГОСПОДАР 92-9017","2B7A9DBF-EB5A-11EE-AF97-BC5FF4F4F2AA","1","","","","no_strict_source_match"
"skipped","92-9080","ГОСПОДАР","З'єднувач для шланга 1/2"" ГОСПОДАР 92-9080","C0598BB0-9EEA-11EB-AE88-BC5FF4F4F2AA","50","","","","already_has_photo"
"found","81-9250","MASTER TOOL","Штуцер ""ялинка"" 8 мм під з'єднання швидкознімне MASTER TOOL 81-9250","BA14D351-9EEA-11EB-AE88-BC5FF4F4F2AA","3","https://tdp.com.ua/images/catalog/1X91QUijcs/1X91QUijcs7c09fc19931a72931126991188b5b925_1427886627.jpg","https://tdp.com.ua/product/shtucer-master-tool-81-9250-8-mm.html","98","tdp"
"skipped","92-9085","ГОСПОДАР","З'єднувач для шланга 1/2"", 5/8"" ГОСПОДАР 92-9085","C0598BB8-9EEA-11EB-AE88-BC5FF4F4F2AA","30","","","","already_has_photo"
"skipped","92-9084","ГОСПОДАР","З'єднувач для шланга 3/4"" ГОСПОДАР 92-9084","C0598BB6-9EEA-11EB-AE88-BC5FF4F4F2AA","20","","","","already_has_photo"
"found","92-9088","ГОСПОДАР","З'єднувач для шланга 1"" ГОСПОДАР 92-9088","C0598BBE-9EEA-11EB-AE88-BC5FF4F4F2AA","2","https://tdp.com.ua/images/catalog/5i4PpvL3IO/1558600509_15600.jpg","https://tdp.com.ua/product/soedinitel-master-tool-dlja-shlanga-1-92-9088.html","98","tdp"
"found","92-9086","ГОСПОДАР","З'єднувач для шланга 1/2"", 3/4"" ГОСПОДАР 92-9086","8952B35F-F2D3-11EC-8DE7-BC5FF4F4F2AA","20","https://tdp.com.ua/images/catalog/XgIsTgEidY/1558602555_f3ccd.jpg","https://tdp.com.ua/product/soedinitel-master-tool-dlja-shlanga-12-34-92-9086.html","98","tdp"
"skipped","92-9063","ГОСПОДАР","Трійник для шланга 1/2"",3/4"" ГОСПОДАР 92-9063","C0598BA0-9EEA-11EB-AE88-BC5FF4F4F2AA","20","","","","already_has_photo"
"skipped","92-9066","ГОСПОДАР","Трійник для шланга 3/4"" ГОСПОДАР 92-9066","C0598BA2-9EEA-11EB-AE88-BC5FF4F4F2AA","20","","","","already_has_photo"
"skipped","92-9079","ГОСПОДАР","Штуцер 1/2"" НР - шланг 3/4"" ГОСПОДАР 92-9079","C0598BAE-9EEA-11EB-AE88-BC5FF4F4F2AA","30","","","","already_has_photo"
"skipped","92-9078","ГОСПОДАР","Штуцер 3/4"" НР - шланг 3/4"" ГОСПОДАР 92-9078","C0598BAC-9EEA-11EB-AE88-BC5FF4F4F2AA","20","","","","already_has_photo"
"skipped","92-9110","ГОСПОДАР","Штуцер розбірний 1/2 ""ВР,3/4 ""ВР - шланг ГОСПОДАР 92-9110","B5AC9671-C72E-11EC-991D-BC5FF4F4F2AA","25","","","","already_has_photo"
"skipped","92-9109","ГОСПОДАР","Штуцер розбірний 3/4"" ВР - шланг 1/2"",3/4"",1"" ГОСПОДАР 92-9109","C0598BDA-9EEA-11EB-AE88-BC5FF4F4F2AA","25","","","","already_has_photo"
"found","92-9100","ГОСПОДАР","Розбірне з'єднання для шланга 3/4""-1"" на гайці ГОСПОДАР 92-9100","C0598BD4-9EEA-11EB-AE88-BC5FF4F4F2AA","6","https://tdp.com.ua/images/catalog/Fe5sWcK34q/1558686515_f3ccd.jpg","https://tdp.com.ua/product/soedinitel-master-tool-razbornyj-na-gajke-34-1-92-9100.html","98","tdp"
"skipped","81-0122","MASTER TOOL","Провід пусковий 200 А, 2,5 мMASTER TOOL 81-0122","B3B06414-9EEA-11EB-AE88-BC5FF4F4F2AA","1","","","","already_has_photo"
"skipped","81-0129","MASTER TOOL","Провід пусковий 300 А 2.5 м MASTER TOOL 81-0129","6E1BB586-8E64-11EC-BDD9-BC5FF4F4F2AA","3","","","","already_has_photo"
"skipped","81-0123","MASTER TOOL","Провід пусковий 300 А, 3 м MASTER TOOL 81-0123","B3B06416-9EEA-11EB-AE88-BC5FF4F4F2AA","6","","","","already_has_photo"
"skipped","81-0124","MASTER TOOL","Провід пусковий 400 А, 3 м MASTER TOOL 81-0124","B3B06418-9EEA-11EB-AE88-BC5FF4F4F2AA","5","","","","already_has_photo"
"skipped","81-0125","MASTER TOOL","Провід пусковий 500 А, 3,5 м MASTER TOOL 81-0125","B3B0641A-9EEA-11EB-AE88-BC5FF4F4F2AA","1","","","","already_has_photo"
"skipped","81-0126","MASTER TOOL","Провід пусковий 600 А, 4 м MASTER TOOL 81-0126","B3B0641C-9EEA-11EB-AE88-BC5FF4F4F2AA","1","","","","already_has_photo"
"skipped","81-0130","MASTER TOOL","Провід пусковий 800 А 6 м MASTER TOOL 81-0130","6E1BB588-8E64-11EC-BDD9-BC5FF4F4F2AA","3","","","","already_has_photo"
"skipped","81-0128","MASTER TOOL","Провід пусковий 800 А, 4 м MASTER TOOL 81-0128","B3B0641E-9EEA-11EB-AE88-BC5FF4F4F2AA","3","","","","already_has_photo"
"found","81-0119","MASTER TOOL","Затискач для клем акумулятора 21,5 см MASTER TOOL 81-0119","B3B06412-9EEA-11EB-AE88-BC5FF4F4F2AA","3","https://cdn.27.ua/sc--media--prod/default/7d/c3/28/7dc3282f-d0f6-4a21-a549-316ddca458e4.jpg","https://epicentrk.ua/shop/mplc-zatiskach-dlya-klem-akumulyatora-mastertool-21-5-sm-2-sht-81-0119-1ec5e5ca-d253-6f9a-a8e5-1b1442efcbcc.html","97","epicentr"
"found","81-0118","MASTER TOOL","Затискач для клем акумулятора 15 см MASTER TOOL 81-0118","B3B06410-9EEA-11EB-AE88-BC5FF4F4F2AA","3","https://cdn.27.ua/sc--media--prod/default/de/8a/0c/de8a0c67-21e9-42eb-9034-18935bcd4e48.jpg","https://epicentrk.ua/shop/mplc-zatisk-dlya-klem-akumulyatora-mastertool-gm-15-sm-81-0118-1ec2abc5-81ae-68e8-b9fa-a1a22501a70f.html","97","epicentr"
"found","81-0113","MASTER TOOL","Затискач маси зварювальний French type 300А MASTER TOOL 81-0113","AD9506B4-9EEA-11EB-AE88-BC5FF4F4F2AA","1","https://tdp.com.ua/images/catalog/lUCm4hunAD4CmYEWfG1p/lUCm4hunAD4CmYEWfG1p30caf9c124_1446038952.jpg","https://tdp.com.ua/product/zazhim-svarochnoj-massy-master-tool-81-0113-300a.html","98","tdp"
"found","81-0115","MASTER TOOL","Затискач маси зварювальний American type 300А MASTER TOOL 81-0115","AD9506B8-9EEA-11EB-AE88-BC5FF4F4F2AA","1","https://cdn.27.ua/799/8f/12/2723602_1.jpeg","https://epicentrk.ua/shop/klema-masy-mastertool-american-type-81-0115-81-0115.html","97","epicentr"
"found","81-0110","MASTER TOOL","Затискач маси зварювальний Holland type 300А MASTER TOOL 81-0110","4FE98E1F-2C12-11EC-9962-BC5FF4F4F2AA","7","https://tdp.com.ua/images/catalog/1RJkaKkCEw/1RJkaKkCEwfc2648148074ce7e466ff566d9ce9651_1427788052.jpg","https://tdp.com.ua/product/zazhim-svarochnoj-massy-master-tool-81-0110-300a.html","98","tdp"
"skipped","81-0203","MASTER TOOL","Утримувач електродів French type 600А MASTER TOOL 81-0203","AD9506C0-9EEA-11EB-AE88-BC5FF4F4F2AA","2","","","","already_has_photo"
"skipped","81-0102","MASTER TOOL","Утримувач електродів German type 300А MASTER TOOL 81-0102","AD9506A6-9EEA-11EB-AE88-BC5FF4F4F2AA","2","","","","already_has_photo"
"found","81-0114","MASTER TOOL","Затискач маси зварювальний Holland type 300А (гумові ручки) MASTER TOOL 81-0114","AD9506B6-9EEA-11EB-AE88-BC5FF4F4F2AA","1","https://cdn.27.ua/799/8f/10/2723600_3.jpeg","https://epicentrk.ua/shop/zatyskach-mastertool-holland-type-81-0114-81-0114.html","97","epicentr"
"skipped","81-0105","MASTER TOOL","Утримувач електродів German type, 600А MASTER TOOL 81-0105","AD9506AC-9EEA-11EB-AE88-BC5FF4F4F2AA","2","","","","already_has_photo"
"skipped","81-0106","MASTER TOOL","Утримувач електродів Holland type 300А MASTER TOOL 81-0106","AD9506AE-9EEA-11EB-AE88-BC5FF4F4F2AA","1","","","","already_has_photo"
"skipped","81-0107","MASTER TOOL","Утримувач електродів Holland type 500А MASTER TOOL 81-0107","5DA74AE9-672D-11ED-B59F-BC5FF4F4F2AA","1","","","","already_has_photo"
"skipped","81-0202","MASTER TOOL","Утримувач електродів Holland type Prima 300А MASTER TOOL 81-0202","AD9506BE-9EEA-11EB-AE88-BC5FF4F4F2AA","2","","","","already_has_photo"
"skipped","81-0201","MASTER TOOL","Утримувач електродів Italian type 200А MASTER TOOL 81-0201","AD9506BC-9EEA-11EB-AE88-BC5FF4F4F2AA","2","","","","already_has_photo"
"skipped","81-0103","MASTER TOOL","Утримувач електродів Light type 300А MASTER TOOL 81-0103","AD9506A8-9EEA-11EB-AE88-BC5FF4F4F2AA","2","","","","already_has_photo"
"skipped","81-0101","MASTER TOOL","Утримувач електродів Light type 500А MASTER TOOL 81-0101","AD9506A4-9EEA-11EB-AE88-BC5FF4F4F2AA","2","","","","already_has_photo"
"skipped","79-9147","MASTER TOOL","Захисна плівка 4*12,5 м, 7 мкм MASTER TOOL 79-9147","BA14D609-9EEA-11EB-AE88-BC5FF4F4F2AA","10","","","","already_has_photo"
"skipped","79-9148","MASTER TOOL","Захисна плівка 4*5 м, 20 мкм MASTER TOOL 79-9148","BA14D60B-9EEA-11EB-AE88-BC5FF4F4F2AA","11","","","","already_has_photo"
"skipped","79-9146","MASTER TOOL","Захисна плівка 4*5 м, 7 мкм MASTER TOOL 79-9146","BA14D607-9EEA-11EB-AE88-BC5FF4F4F2AA","37","","","","already_has_photo"
"skipped","19-2005","MASTER TOOL","Котушка для тримера з ланцюгом MASTER TOOL 19-2005","C05989CE-9EEA-11EB-AE88-BC5FF4F4F2AA","10","","","","already_has_photo"
"skipped","19-1901","MASTER TOOL","Котушка з ліскою, тип ""Павук"" (власне вироб.) MASTER TOOL 19-1901","C05989C0-9EEA-11EB-AE88-BC5FF4F4F2AA","12","","","","already_has_photo"
"skipped","19-1906","MASTER TOOL","Котушка тримерна напівавтомат ""Червона"" MASTER TOOL 19-1906","C05989C6-9EEA-11EB-AE88-BC5FF4F4F2AA","24","","","","already_has_photo"
"skipped","19-1908","MASTER TOOL","Котушка тримерна напівавтомат з легким завантаженням ""Профі"" MASTER TOOL 19-1908","C05989C8-9EEA-11EB-AE88-BC5FF4F4F2AA","9","","","","already_has_photo"
"skipped","19-1904","MASTER TOOL","Котушка тримірна металева КМ2 (власне вироб.) MASTER TOOL 19-1904","C05989C2-9EEA-11EB-AE88-BC5FF4F4F2AA","18","","","","already_has_photo"
"found","81-0104","MASTER TOOL","Утримувач електродів German type 500А MASTER TOOL 81-0104","AD9506AA-9EEA-11EB-AE88-BC5FF4F4F2AA","2","https://tdp.com.ua/images/catalog/UFuo4E2V3E/1471013299_ff7047d2a7fa1f38d2520aca1d09414a.jpg","https://tdp.com.ua/product/derzhatel-elektrodov-tip-2-500a.html","86","tdp"
"skipped","19-1909","MASTER TOOL","Котушка тримірна напівавтомат з легким завантаженням, метал п'ятою""Профі"" MASTER TOOL 19-1909","C05989CA-9EEA-11EB-AE88-BC5FF4F4F2AA","6","","","","already_has_photo"
"skipped","75-2250","MASTER TOOL","Кліщі для обтиску контактів з тріскачкою 220 мм MASTER TOOL 75-2250","AD950A16-9EEA-11EB-AE88-BC5FF4F4F2AA","1","","","","already_has_photo"
"found","19-1907","MASTER TOOL","Котушка тримірна напівавтомат MASTER TOOL 19-1907","49E06C71-3817-11EC-B64C-BC5FF4F4F2AA","7","https://tdp.com.ua/images/catalog/mnZkrIW1cj/1468247155_0345034f55236bb7e6fdc377ddf5b31c.jpg","https://tdp.com.ua/product/katushka-trimmernaja-master-tool-19-1907-profi.html","80","tdp"
"found","75-2230","MASTER TOOL","Ножиці універсальні для електрика, 180 мм, нерж. MASTER TOOL 75-2230","AD950A0E-9EEA-11EB-AE88-BC5FF4F4F2AA","2","https://tdp.com.ua/images/catalog/Jno09hRJMo_75-2230/1680596226_e8b8d.jpg","https://tdp.com.ua/product/nozhnicy-universalnye-master-tool-180-mm-75-2230.html","98","tdp"
"found","81-0192","MASTER TOOL","Затискач маси магнітний 4.5 кг, діаметр 50 мм, 200А MASTER TOOL 81-0192","AD9506BA-9EEA-11EB-AE88-BC5FF4F4F2AA","1","https://cdn.27.ua/799/8f/16/2723606_4.jpeg","https://epicentrk.ua/shop/zazhim-massy-magnitnyy-mastertool-4-5-kg-d50-mm-200-a-81-0192.html","97","epicentr"
"found","75-2231","MASTER TOOL","Ножиці універсальні для електрика, подовжені, 200 мм, нерж. MASTER TOOL 75-2231","AD950A10-9EEA-11EB-AE88-BC5FF4F4F2AA","2","https://tdp.com.ua/images/catalog/QhoOGY3yGA_75-2231/1680596349_6b4b6.jpg","https://tdp.com.ua/product/nozhnicy-universalnye-master-tool-200-mm-75-2231.html","98","tdp"
"found","1-40-401","GRANITE","Зубило плоске SDS-PLUS 400*40*17 мм GRANITE 1-40-401","E89E1025-D442-11F0-B40F-BC5FF4F4F2AA","2","https://tdp.com.ua/images/catalog/TiqB8GNjgh_1-40-401/1771842550_f88f0.jpg","https://tdp.com.ua/product/zubilo-ploske-granite-400x40x17-mm-sds-plus-1-40-401.html","98","tdp"
"found","1-10-250","GRANITE","Стамеска напівкругла SDS-PLUS 14*250 мм GRANITE 1-10-250","A1729EF8-9EEA-11EB-AE88-BC5FF4F4F2AA","1","https://tdp.com.ua/images/catalog/nyn2QZbZCl/nyn2QZbZCl00c3689d7a1ae83ec85f7dc6b717604b_1427455900.jpg","https://tdp.com.ua/product/zubilo-polukrugloe-granite-1-10-250-14x250-mm.html","98","tdp"
"found","1-01-400","GRANITE","Стамеска пікоподібна SDS-PLUS 14*400 мм з побідитовою напайкою GRANITE 1-01-400","A1729EF6-9EEA-11EB-AE88-BC5FF4F4F2AA","2","https://tdp.com.ua/images/catalog//1512552100_030d7e8e966169ab4c7f67c291c333f4.jpg","https://tdp.com.ua/product/pika-granite-14h400-mm-1-01-400.html","98","tdp"
"found","03-0200","MASTER TOOL","Пробійник із захистом 200*16*23 мм MASTER TOOL 03-0200","AD950944-9EEA-11EB-AE88-BC5FF4F4F2AA","1","https://tdp.com.ua/images/catalog/UYjlTQMAbx/UYjlTQMAbx18d7fe200897d972a91e30e06173acd4_1425652744.jpg","https://tdp.com.ua/product/probojnik-s-zacshitoj-master-tool--03-0200-2001623.html","98","tdp"
"found","03-0002","MASTER TOOL","Пробійник із захистом 250*14 мм MASTER TOOL 03-0002","AD95093E-9EEA-11EB-AE88-BC5FF4F4F2AA","2","https://tdp.com.ua/images/catalog//1517901330_8ad272bb953bf9ebb292dbd3185cd823.jpg","https://tdp.com.ua/product/probojnik-master-tool-s-zacshitoj-25014-03-0002.html","98","tdp"
"found","03-0250","MASTER TOOL","Пробійник із захистом 250*16*23 мм MASTER TOOL 03-0250","AD950946-9EEA-11EB-AE88-BC5FF4F4F2AA","1","https://tdp.com.ua/images/catalog/jH7sp8JgbJ/jH7sp8JgbJ18d7fe200897d972a91e30e06173acd4_1425652857.jpg","https://tdp.com.ua/product/probojnik-s-zacshitoj-master-tool--03-0250-2001623.html","98","tdp"
"found","03-0003","MASTER TOOL","Пробійник із захистом 300*14 мм MASTER TOOL 03-0003","AD950940-9EEA-11EB-AE88-BC5FF4F4F2AA","2","https://tdp.com.ua/images/catalog//1517901181_8ad272bb953bf9ebb292dbd3185cd823.jpg","https://tdp.com.ua/product/probojnik-master-tool-s-zacshitoj-30014-03-0003.html","98","tdp"
"found","03-0300","MASTER TOOL","Пробійник із захистом 300*16*23 мм MASTER TOOL 03-0300","AD950948-9EEA-11EB-AE88-BC5FF4F4F2AA","2","https://tdp.com.ua/images/catalog/opHUnUdKhj/opHUnUdKhj18d7fe200897d972a91e30e06173acd4_1425652976.jpg","https://tdp.com.ua/product/probojnik-s-zacshitoj-master-tool--03-0300-3001623.html","98","tdp"
"found","03-0350","MASTER TOOL","Пробійник із захистом 350*19*23 мм MASTER TOOL 03-0350","AD95094A-9EEA-11EB-AE88-BC5FF4F4F2AA","1","https://tdp.com.ua/images/catalog/9ThAkOUvBe/9ThAkOUvBe18d7fe200897d972a91e30e06173acd4_1425653093.jpg","https://tdp.com.ua/product/probojnik-s-zacshitoj-master-tool--03-0350-3501623.html","98","tdp"
"found","03-0400","MASTER TOOL","Пробійник із захистом 400*19*23 мм MASTER TOOL 03-0400","AD95094C-9EEA-11EB-AE88-BC5FF4F4F2AA","2","https://tdp.com.ua/images/catalog//1517313728_18d7fe200897d972a91e30e06173acd4.jpg","https://tdp.com.ua/product/probojnik-master-tool-s-zacshitoj-4001923-03-0400.html","98","tdp"
"found","92-0908","ГОСПОДАР","Термометр віконний ТБО тип 2, блістер ГОСПОДАР 92-0908","786379A4-2C12-11EC-9962-BC5FF4F4F2AA","1","https://cdn.27.ua/sc--media--prod/default/55/e7/00/55e700d3-6f3f-493c-bc02-610a6e8ca9ae.jpg","https://epicentrk.ua/shop/mplc-termometr-vikonnii-gospodar-tbv-tip-2-92-0908-1ed4bac6-3337-6be8-a2d5-73678f984c9a.html","97","epicentr"
"found","02-0121","MASTER TOOL","Молоток муляра 510 г рукоятка зі скловолокна MASTER TOOL 02-0121","AD9508B8-9EEA-11EB-AE88-BC5FF4F4F2AA","2","https://tdp.com.ua/images/catalog/jep3lYB4nj/jep3lYB4njbc868793e51373f2daa2f861c91ea582_1425567229.jpg","https://tdp.com.ua/product/molotok-master-tool-02-0121-510-g.html","98","tdp"
"found","02-0124","MASTER TOOL","Молоток муляра 600 г рукоятка зі скловолокна MASTER TOOL 02-0124","AD9508BA-9EEA-11EB-AE88-BC5FF4F4F2AA","3","https://cdn.27.ua/sc--media--prod/default/55/3e/bd/553ebd1b-9209-4445-8538-7c2c44ae5fc2.jpg","https://epicentrk.ua/shop/mplc-molotok-mulara-mastertool-hrc60-rukoatka-fiberglasova-600-g-380-mm-02-0124-1ed9bfc4-0073-61dc-a3e8-33068dfb0d52.html","97","epicentr"
"found","02-0705","MASTER TOOL","Молоток столярний 450 г з магнітним тримачем рукоятка зі скловолокна, TRP MASTER TOOL 02-0705","AD9508BE-9EEA-11EB-AE88-BC5FF4F4F2AA","2","https://tdp.com.ua/images/catalog/EkD4D1SRXD/EkD4D1SRXDf59bc79a5d0fdf1bfff30e28fb99139b_1425567891.jpg","https://tdp.com.ua/product/molotok-master-tool-02-0705-450-g-trp.html","98","tdp"
"found","02-0704","MASTER TOOL","Молоток столярний 450 г ручка зі скловолокна MASTER TOOL 02-0704","AD9508BC-9EEA-11EB-AE88-BC5FF4F4F2AA","2","https://tdp.com.ua/images/catalog/IBONDC69K6/IBONDC69K6adb331a8a829452c708e7bb175209b07_1425567700.jpg","https://tdp.com.ua/product/molotok-master-tool-02-0704-450-g.html","98","tdp"
"found","92-0424","ГОСПОДАР","Шнур господарський Д-25 Ø 2,5 мм 25 м ГОСПОДАР 92-0424","C656D517-9EEA-11EB-AE88-BC5FF4F4F2AA","3","https://tdp.com.ua/images/catalog/FaG5HMkEkNHY6QJVFjeN/FaG5HMkEkNHY6QJVFjeNee8429899e_1446802639.jpg","https://tdp.com.ua/product/shnur-hozjajstvennyj-master-tool-92-0424-d-25d-25-mm25-m.html","98","tdp"
"skipped","42-0201","MASTER TOOL","Каніфоль 10 г MASTER TOOL 42-0201","A7773F73-9EEA-11EB-AE88-BC5FF4F4F2AA","9","","","","already_has_photo"
"found","19-4122","MASTER TOOL","Кельма печника ударн. (крашеная) (власне вироб.) MASTER TOOL 19-4122","BA14D6F5-9EEA-11EB-AE88-BC5FF4F4F2AA","2","https://tdp.com.ua/images/catalog/KlYxn0FABL/KlYxn0FABLe30b8bd2e4_1437136105.jpg","https://tdp.com.ua/product/kelma-pechnika-master-tool-19-4122.html","98","tdp"
"skipped","42-1160","MASTER TOOL","Стрижні клейові 11,2*200 мм, 12 шт, жовті MASTER TOOL 42-1160","A7773F4D-9EEA-11EB-AE88-BC5FF4F4F2AA","2","","","","already_has_photo"
"skipped","42-1156","MASTER TOOL","Стрижні клейові 11,2*200 мм, 12 шт, зелені MASTER TOOL 42-1156","A7773F45-9EEA-11EB-AE88-BC5FF4F4F2AA","1","","","","already_has_photo"
"skipped","42-0155","MASTER TOOL","Стрижні клейові 11,2*200 мм, 12 шт, кольорові MASTER TOOL 42-0155","A7773F1D-9EEA-11EB-AE88-BC5FF4F4F2AA","2","","","","already_has_photo"
"skipped","42-1152","MASTER TOOL","Стрижні клейові 11,2*200 мм, 12 шт, коричневі MASTER TOOL 42-1152","A7773F3D-9EEA-11EB-AE88-BC5FF4F4F2AA","5","","","","already_has_photo"
"skipped","42-1154","MASTER TOOL","Стрижні клейові 11,2*200 мм, 12 шт, сині MASTER TOOL 42-1154","A7773F41-9EEA-11EB-AE88-BC5FF4F4F2AA","2","","","","already_has_photo"
"skipped","42-1158","MASTER TOOL","Стрижні клейові 11,2*200 мм, 12 шт, червоні MASTER TOOL 42-1158","A7773F49-9EEA-11EB-AE88-BC5FF4F4F2AA","2","","","","already_has_photo"
"skipped","42-0152","MASTER TOOL","Стрижні клейові 11,2*300 мм, 1 кг, прозорі (пакет) MASTER TOOL 42-0152","A7773F17-9EEA-11EB-AE88-BC5FF4F4F2AA","1","","","","already_has_photo"
"skipped","42-1161","MASTER TOOL","Стрижні клейові 7,2*200 мм, 12 шт, жовті MASTER TOOL 42-1161","A7773F4F-9EEA-11EB-AE88-BC5FF4F4F2AA","1","","","","already_has_photo"
"skipped","42-1157","MASTER TOOL","Стрижні клейові 7,2*200 мм, 12 шт, зелені MASTER TOOL 42-1157","A7773F47-9EEA-11EB-AE88-BC5FF4F4F2AA","1","","","","already_has_photo"
"skipped","42-0159","MASTER TOOL","Стрижні клейові 7,2*200 мм, 12 шт, кольорові MASTER TOOL 42-0159","A7773F25-9EEA-11EB-AE88-BC5FF4F4F2AA","2","","","","already_has_photo"
"skipped","42-1153","MASTER TOOL","Стрижні клейові 7,2*200 мм, 12 шт, коричневі MASTER TOOL 42-1153","A7773F3F-9EEA-11EB-AE88-BC5FF4F4F2AA","1","","","","already_has_photo"
"skipped","42-1155","MASTER TOOL","Стрижні клейові 7,2*200 мм, 12 шт, сині MASTER TOOL 42-1155","A7773F43-9EEA-11EB-AE88-BC5FF4F4F2AA","2","","","","already_has_photo"
"skipped","42-1159","MASTER TOOL","Стрижні клейові 7,2*200 мм, 12 шт, червоні MASTER TOOL 42-1159","A7773F4B-9EEA-11EB-AE88-BC5FF4F4F2AA","2","","","","already_has_photo"
"found","02-0120","MASTER TOOL","Молоток покрівельний 600 г рукоятка зі скловолокна MASTER TOOL 02-0120","AD9508B6-9EEA-11EB-AE88-BC5FF4F4F2AA","1","https://cdn.27.ua/799/0d/f3/986611_1.jpeg","https://epicentrk.ua/shop/molotok-dlya-krovli-mastertool-600-g-02-0120.html","97","epicentr"
"found","19-4228","MASTER TOOL","Кельма плиточника ТР18 УС (фарбована з двокомпонентною ручкою) (власне вироб.) MASTER TOOL 19-4228","BA14D707-9EEA-11EB-AE88-BC5FF4F4F2AA","2","https://cdn.27.ua/sc--media--prod/default/ff/ca/46/ffca463b-6072-4aec-9dcd-1339a566186d.jpg","https://epicentrk.ua/shop/mplc-kel-ma-plitocnika-mastertool-tr18-vus-19-4228-1eeead4e-99d2-63dc-8304-15c1864b2122.html","97","epicentr"
"found","02-1301","MASTER TOOL","Киянка гумова чорна 55 мм 340 г металева рукоятка MASTER TOOL 02-1301","AD950900-9EEA-11EB-AE88-BC5FF4F4F2AA","2","https://tdp.com.ua/images/catalog/IKv4yuedky_02-1301/1601975752_5437f.jpg","https://tdp.com.ua/product/kijanka-rezinovaja-master-tool-55-mm-340-g-metallicheskaja-rukojatka-02-1301.html","98","tdp"
"found","02-1304","MASTER TOOL","Киянка гумова чорна 80 мм 900 г металева рукоятка MASTER TOOL 02-1304","AD950904-9EEA-11EB-AE88-BC5FF4F4F2AA","1","https://tdp.com.ua/images/catalog/0opKsO2Puc/0opKsO2Puc47b0c5be1a96776b46e24830f57c3a5c_1425628271.jpg","https://tdp.com.ua/product/kijanka-rezinovaja-master-tool-02-1304-900-g.html","98","tdp"
"found","02-0305","MASTER TOOL","Киянка гумова чорна 100 мм 1200 г ручка з дерева MASTER TOOL 02-0305","AD9508F8-9EEA-11EB-AE88-BC5FF4F4F2AA","2","https://cdn.27.ua/799/0e/03/986627_1.jpeg","https://epicentrk.ua/shop/kiyanka-mastertool-1200-g-02-0305.html","97","epicentr"
"found","02-0304","MASTER TOOL","Киянка гумова чорна 80 мм 900 г ручка з дерева MASTER TOOL 02-0304","AD9508F6-9EEA-11EB-AE88-BC5FF4F4F2AA","2","https://tdp.com.ua/images/catalog/ADzcLBDMOa/ADzcLBDMOa279c276da638a3ba362efc135759206d_1425625514.jpg","https://tdp.com.ua/product/kijanka-rezinovaja-master-tool-02-0304-900-g.html","98","tdp"
"found","02-0330","MASTER TOOL","Молоток бляхара 35 мм гума/пластик, металева рукоятка MASTER TOOL 02-0330","AD9508FE-9EEA-11EB-AE88-BC5FF4F4F2AA","2","https://tdp.com.ua/images/catalog/KfNfLGDGr9/KfNfLGDGr9a34ae6983767b5c20f9c3023edb95303_1425626519.jpg","https://tdp.com.ua/product/molotok-master-tool-02-0330-rezinaplastik-35-g.html","98","tdp"
"found","02-1305","MASTER TOOL","Киянка гумова чорна 90 мм 1250 г металева рукоятка, напівкруглий бойок MASTER TOOL 02-1305","571DD6A2-2C12-11EC-9962-BC5FF4F4F2AA","1","https://cdn.27.ua/799/0e/09/986633_1.jpeg","https://epicentrk.ua/shop/kiyanka-mastertool-1250-g-02-1305.html","97","epicentr"
"found","42-0113","MASTER TOOL","Клей ""Холодне зварювання авто"" 20 г MASTER TOOL 42-0113","A7773F6D-9EEA-11EB-AE88-BC5FF4F4F2AA","7","https://tdp.com.ua/images/catalog/3FePKN7TPA/1562145819_71a9b.jpg","https://tdp.com.ua/product/klej-mastertool-holodnaja-svarkaavto-20-g-42-0113.html","98","tdp"
"found","42-0110","MASTER TOOL","Клей ""Холодне зварювання авто"" 40 г MASTER TOOL 42-0110","A7773F67-9EEA-11EB-AE88-BC5FF4F4F2AA","3","https://tdp.com.ua/images/catalog/RkfQDSQL90/1562145965_71a9b.jpg","https://tdp.com.ua/product/klej-mastertool-holodnaja-svarkaavto-40-g-42-0110.html","98","tdp"
"skipped","22-9200","MASTER TOOL","Кліщі 200 мм, C45, HRC 44~48 MASTER TOOL 22-9200","AD9509FA-9EEA-11EB-AE88-BC5FF4F4F2AA","1","","","","already_has_photo"
"skipped","07-0908","MASTER TOOL","Кліщі затискні U-подібні 230 мм MASTER TOOL 07-0908","AD950A0A-9EEA-11EB-AE88-BC5FF4F4F2AA","2","","","","already_has_photo"
"skipped","07-0906","MASTER TOOL","Кліщі затискні для масляного фільтра 240 мм, макс діаметр захв 105мм MASTER TOOL 07-0906","AD950A06-9EEA-11EB-AE88-BC5FF4F4F2AA","2","","","","already_has_photo"
"skipped","07-0907","MASTER TOOL","Кліщі затискні ланцюгові 450 мм, макс діаметр захвату 155мм MASTER TOOL 07-0907","AD950A08-9EEA-11EB-AE88-BC5FF4F4F2AA","2","","","","already_has_photo"
"skipped","07-0903","MASTER TOOL","Кліщі затискні С-подібні 165 мм MASTER TOOL 07-0903","AD950A00-9EEA-11EB-AE88-BC5FF4F4F2AA","3","","","","already_has_photo"
"skipped","07-0904","MASTER TOOL","Кліщі затискні С-подібні 280 мм MASTER TOOL 07-0904","AD950A02-9EEA-11EB-AE88-BC5FF4F4F2AA","3","","","","already_has_photo"
"skipped","07-0909","MASTER TOOL","Кліщі затискні С-подібні 450 мм MASTER TOOL 07-0909","AD950A0C-9EEA-11EB-AE88-BC5FF4F4F2AA","1","","","","already_has_photo"
"skipped","07-0905","MASTER TOOL","Кліщі затискні Т-подібні 200 мм MASTER TOOL 07-0905","AD950A04-9EEA-11EB-AE88-BC5FF4F4F2AA","1","","","","already_has_photo"
"skipped","07-0902","MASTER TOOL","Кліщі затискні універсальні прямі 220 мм подовжені MASTER TOOL 07-0902","AD9509FE-9EEA-11EB-AE88-BC5FF4F4F2AA","2","","","","already_has_photo"
"skipped","07-0900","MASTER TOOL","Кліщі універсальні затискні 180 мм MASTER TOOL 07-0900","AD9509FC-9EEA-11EB-AE88-BC5FF4F4F2AA","2","","","","already_has_photo"
"found","42-0114","MASTER TOOL","Клей ""Холодне зварювання сталь"" 20 г MASTER TOOL 42-0114","A7773F6F-9EEA-11EB-AE88-BC5FF4F4F2AA","3","https://tdp.com.ua/images/catalog/Yijem9r0qj/1562146454_71a9b.jpg","https://tdp.com.ua/product/klej-mastertool-holodnaja-svarkastal-20-g-42-0114.html","98","tdp"
"found","42-0112","MASTER TOOL","Клей ""Холодне зварювання універсальний"" 40 г MASTER TOOL 42-0112","A7773F6B-9EEA-11EB-AE88-BC5FF4F4F2AA","2","https://tdp.com.ua/images/catalog/Oa4UvZCZnz/1562146804_71a9b.jpg","https://tdp.com.ua/product/klej-mastertool-holodnaja-svarkauniversalnyj-40-g-42-0112.html","98","tdp"
"found","15-1420","MASTER TOOL","Набір мітчиків та плашок 20 ел. (M3, M4, M5, M6, M7, M8, M9, M10, M12) MASTER TOOL 15-1420","AD95099E-9EEA-11EB-AE88-BC5FF4F4F2AA","1","https://tdp.com.ua/images/catalog/rzOiB8Lm1c/1525342705_3c73b2e9df8daa38bc59211c7d9306f7.jpg","https://tdp.com.ua/product/nabor-metchikov-i-plashek-mastertool-15-1420.html","98","tdp"
"skipped","71-9006","MASTER TOOL","Ключ комбінований 6 мм CRV standard MASTER TOOL 71-9006","3AF64A64-D45B-11F0-B40F-BC5FF4F4F2AA","10","","","","already_has_photo"
"found","73-0100","MASTER TOOL","Ключ свічковий Т-подібний із шарніром 16 мм MASTER TOOL 73-0100","B3B06352-9EEA-11EB-AE88-BC5FF4F4F2AA","1","https://tdp.com.ua/images/catalog//1515684037_64b8299d1597b8a5c7b9cb9c88642f6c.jpg","https://tdp.com.ua/product/kljuch-svechnoj-master-tool-t-obraznyj-s-sharnirom-16-mm-73-0100.html","98","tdp"
"found","73-0101","MASTER TOOL","Ключ свічковий Т-подібний із шарніром 21 мм MASTER TOOL 73-0101","B3B06354-9EEA-11EB-AE88-BC5FF4F4F2AA","2","https://tdp.com.ua/images/catalog//1515685549_64b8299d1597b8a5c7b9cb9c88642f6c.jpg","https://tdp.com.ua/product/kljuch-svechnoj-master-tool-t-obraznyj-s-sharnirom-21-mm-73-0101.html","98","tdp"
"skipped","71-9008","MASTER TOOL","Ключ комбінований 8 мм CRV standard MASTER TOOL 71-9008","3AF64A68-D45B-11F0-B40F-BC5FF4F4F2AA","16","","","","already_has_photo"
"skipped","71-9009","MASTER TOOL","Ключ комбінований 9 мм CRV standard MASTER TOOL 71-9009","3AF64A6A-D45B-11F0-B40F-BC5FF4F4F2AA","10","","","","already_has_photo"
"found","71-9007","MASTER TOOL","Ключ комбінований 7 мм CRV standard MASTER TOOL 71-9007","3AF64A66-D45B-11F0-B40F-BC5FF4F4F2AA","5","https://tdp.com.ua/images/catalog/X4rxgw8OSG_71-9007/1768987101_13c66.jpg","https://tdp.com.ua/product/kljuch-kombinovanij-mastertool-standard-7-mm-crv-71-9007.html","98","tdp"
"found","71-9010","MASTER TOOL","Ключ комбінований 10 мм CRV standard MASTER TOOL 71-9010","3AF64A6C-D45B-11F0-B40F-BC5FF4F4F2AA","3","https://tdp.com.ua/images/catalog/PMoEec1FHm_71-9010/1768987768_13c66.jpg","https://tdp.com.ua/product/kljuch-kombinovanij-mastertool-standard-10-mm-crv-71-9010.html","98","tdp"
"skipped","71-9013","MASTER TOOL","Ключ комбінований 13 мм CRV standard MASTER TOOL 71-9013","419EA376-D45B-11F0-B40F-BC5FF4F4F2AA","13","","","","already_has_photo"
"found","71-9011","MASTER TOOL","Ключ комбінований 11 мм CRV standard MASTER TOOL 71-9011","3AF64A6E-D45B-11F0-B40F-BC5FF4F4F2AA","6","https://tdp.com.ua/images/catalog/QaoGsJjJJG_71-9011/1768988001_13c66.jpg","https://tdp.com.ua/product/kljuch-kombinovanij-mastertool-standard-11-mm-crv-71-9011.html","98","tdp"
"found","71-9012","MASTER TOOL","Ключ комбінований 12 мм CRV standard MASTER TOOL 71-9012","419EA374-D45B-11F0-B40F-BC5FF4F4F2AA","6","https://tdp.com.ua/images/catalog/153RaU8HCo_71-9012/1768988238_13c66.jpg","https://tdp.com.ua/product/kljuch-kombinovanij-mastertool-standard-12-mm-crv-71-9012.html","98","tdp"
"found","71-9014","MASTER TOOL","Ключ комбінований 14 мм CRV standard MASTER TOOL 71-9014","419EA378-D45B-11F0-B40F-BC5FF4F4F2AA","6","https://tdp.com.ua/images/catalog/gIYvVeV7zL_71-9014/1768988687_13c66.jpg","https://tdp.com.ua/product/kljuch-kombinovanij-mastertool-standard-14-mm-crv-71-9014.html","98","tdp"
"found","71-9022","MASTER TOOL","Ключ комбінований 22 мм CRV standard MASTER TOOL 71-9022","419EA37E-D45B-11F0-B40F-BC5FF4F4F2AA","3","https://tdp.com.ua/images/catalog/MQQy4quCBw_71-9022/1769071429_13c66.jpg","https://tdp.com.ua/product/kljuch-kombinovanij-mastertool-standard-22-mm-crv-71-9022.html","98","tdp"
"skipped","71-1008","MASTER TOOL","Ключ ріжково-накидний 8 мм SS MASTER TOOL 71-1008","B3B06384-9EEA-11EB-AE88-BC5FF4F4F2AA","9","","","","already_has_photo"
"found","71-1006","MASTER TOOL","Ключ ріжково-накидний 6 мм SS MASTER TOOL 71-1006","B3B06380-9EEA-11EB-AE88-BC5FF4F4F2AA","5","https://tdp.com.ua/images/catalog/WPS1gHZTzl/WPS1gHZTzla03b2aeef8c12d973b775984d40ac77f_1428647764.jpg","https://tdp.com.ua/product/kljuch-rozhkovo-nakidnoj-master-tool-71-1006-6mm.html","98","tdp"
"skipped","71-1010","MASTER TOOL","Ключ ріжково-накидний 10 мм SS MASTER TOOL 71-1010","B3B06388-9EEA-11EB-AE88-BC5FF4F4F2AA","12","","","","already_has_photo"
"found","71-1007","MASTER TOOL","Ключ ріжково-накидний 7 мм SS MASTER TOOL 71-1007","B3B06382-9EEA-11EB-AE88-BC5FF4F4F2AA","4","https://tdp.com.ua/images/catalog/3nen2r0uve/3nen2r0uvea03b2aeef8c12d973b775984d40ac77f_1428647913.jpg","https://tdp.com.ua/product/kljuch-rozhkovo-nakidnoj-master-tool-71-1007-7mm.html","98","tdp"
"found","71-1009","MASTER TOOL","Ключ ріжково-накидний 9 мм SS MASTER TOOL 71-1009","B3B06386-9EEA-11EB-AE88-BC5FF4F4F2AA","1","https://tdp.com.ua/images/catalog/l06QeuIMP0/l06QeuIMP0a03b2aeef8_1446466659.jpg","https://tdp.com.ua/product/kljuch-rozhkovo-nakidnoj-master-tool-71-1009-9-mm-ss.html","98","tdp"
"found","71-1011","MASTER TOOL","Ключ ріжково-накидний 11 мм SS MASTER TOOL 71-1011","B3B0638A-9EEA-11EB-AE88-BC5FF4F4F2AA","7","https://tdp.com.ua/images/catalog/zgTDLOwyUB/zgTDLOwyUBa03b2aeef8c12d973b775984d40ac77f_1428648212.jpg","https://tdp.com.ua/product/kljuch-rozhkovo-nakidnoj-master-tool-71-1011-11mm.html","98","tdp"
"found","71-1013","MASTER TOOL","Ключ ріжково-накидний 13 мм SS MASTER TOOL 71-1013","B3B0638E-9EEA-11EB-AE88-BC5FF4F4F2AA","5","https://tdp.com.ua/images/catalog/VIR6opu643/VIR6opu643a03b2aeef8c12d973b775984d40ac77f_1428648354.jpg","https://tdp.com.ua/product/kljuch-rozhkovo-nakidnoj-master-tool-71-1013-13mm.html","98","tdp"
"found","71-1012","MASTER TOOL","Ключ ріжково-накидний 12 мм SS MASTER TOOL 71-1012","B3B0638C-9EEA-11EB-AE88-BC5FF4F4F2AA","5","https://tdp.com.ua/images/catalog/aseyT3MQnP/aseyT3MQnPa03b2aeef8c12d973b775984d40ac77f_1428648284.jpg","https://tdp.com.ua/product/kljuch-rozhkovo-nakidnoj-master-tool-71-1012-12mm.html","98","tdp"
"skipped","71-1016","MASTER TOOL","Ключ ріжково-накидний 16 мм SS MASTER TOOL 71-1016","B3B06394-9EEA-11EB-AE88-BC5FF4F4F2AA","9","","","","already_has_photo"
"found","71-1014","MASTER TOOL","Ключ ріжково-накидний 14 мм SS MASTER TOOL 71-1014","B3B06390-9EEA-11EB-AE88-BC5FF4F4F2AA","6","https://tdp.com.ua/images/catalog/s8MR47GtGL/s8MR47GtGLa03b2aeef8c12d973b775984d40ac77f_1428648429.jpg","https://tdp.com.ua/product/kljuch-rozhkovo-nakidnoj-master-tool-71-1014-14mm.html","98","tdp"
"found","71-1015","MASTER TOOL","Ключ ріжково-накидний 15 мм SS MASTER TOOL 71-1015","B3B06392-9EEA-11EB-AE88-BC5FF4F4F2AA","7","https://tdp.com.ua/images/catalog/2DEHGutHuk/2DEHGutHuka03b2aeef8c12d973b775984d40ac77f_1428648506.jpg","https://tdp.com.ua/product/kljuch-rozhkovo-nakidnoj-master-tool-71-1015-15mm.html","98","tdp"
"found","71-1017","MASTER TOOL","Ключ ріжково-накидний 17 мм SS MASTER TOOL 71-1017","B3B06396-9EEA-11EB-AE88-BC5FF4F4F2AA","1","https://tdp.com.ua/images/catalog/11jbeg6mva/11jbeg6mvaa03b2aeef8c12d973b775984d40ac77f_1428649376.jpg","https://tdp.com.ua/product/kljuch-rozhkovo-nakidnoj-master-tool-71-1017-17mm.html","98","tdp"
"found","71-1018","MASTER TOOL","Ключ ріжково-накидний 18 мм SS MASTER TOOL 71-1018","B3B06398-9EEA-11EB-AE88-BC5FF4F4F2AA","6","https://tdp.com.ua/images/catalog/yQV8SZaseG/yQV8SZaseGa03b2aeef8c12d973b775984d40ac77f_1428649473.jpg","https://tdp.com.ua/product/kljuch-rozhkovo-nakidnoj-master-tool-71-1018-18mm.html","98","tdp"
"found","71-1019","MASTER TOOL","Ключ ріжково-накидний 19 мм SS MASTER TOOL 71-1019","B3B0639A-9EEA-11EB-AE88-BC5FF4F4F2AA","6","https://tdp.com.ua/images/catalog/AGPdZbK1ln/AGPdZbK1lna03b2aeef8c12d973b775984d40ac77f_1428649552.jpg","https://tdp.com.ua/product/kljuch-rozhkovo-nakidnoj-master-tool-71-1019-19mm.html","98","tdp"
"found","71-1021","MASTER TOOL","Ключ ріжково-накидний 21 мм SS MASTER TOOL 71-1021","B3B0639C-9EEA-11EB-AE88-BC5FF4F4F2AA","2","https://tdp.com.ua/images/catalog/cPfcU0N6wJ/cPfcU0N6wJa03b2aeef8c12d973b775984d40ac77f_1428649630.jpg","https://tdp.com.ua/product/kljuch-rozhkovo-nakidnoj-master-tool-71-1020-21mm.html","86","tdp"
"found","71-1022","MASTER TOOL","Ключ ріжково-накидний 22 мм SS MASTER TOOL 71-1022","B3B0639E-9EEA-11EB-AE88-BC5FF4F4F2AA","5","https://tdp.com.ua/images/catalog/fCm2pXhTQs/fCm2pXhTQsa03b2aeef8c12d973b775984d40ac77f_1428649687.jpg","https://tdp.com.ua/product/kljuch-rozhkovo-nakidnoj-master-tool-71-1022-22mm.html","98","tdp"
"found","71-1024","MASTER TOOL","Ключ ріжково-накидний 24 мм SS MASTER TOOL 71-1024","B3B063A0-9EEA-11EB-AE88-BC5FF4F4F2AA","4","https://tdp.com.ua/images/catalog/X5b4FOL8R8/X5b4FOL8R8a03b2aeef8c12d973b775984d40ac77f_1428649786.jpg","https://tdp.com.ua/product/kljuch-rozhkovo-nakidnoj-master-tool-71-1024-24mm.html","98","tdp"
"found","71-1030","MASTER TOOL","Ключ ріжково-накидний 30 мм SS MASTER TOOL 71-1030","B3B063A4-9EEA-11EB-AE88-BC5FF4F4F2AA","3","https://tdp.com.ua/images/catalog/mdt6nW2QpP/mdt6nW2QpPa03b2aeef8c12d973b775984d40ac77f_1428649951.jpg","https://tdp.com.ua/product/kljuch-rozhkovo-nakidnoj-master-tool-71-1030-30mm.html","98","tdp"
"found","71-1027","MASTER TOOL","Ключ ріжково-накидний 27 мм SS MASTER TOOL 71-1027","B3B063A2-9EEA-11EB-AE88-BC5FF4F4F2AA","2","https://tdp.com.ua/images/catalog/UfOHIz5SxF/UfOHIz5SxFa03b2aeef8c12d973b775984d40ac77f_1428649860.jpg","https://tdp.com.ua/product/kljuch-rozhkovo-nakidnoj-master-tool-71-1027-27mm.html","98","tdp"
"found","71-1032","MASTER TOOL","Ключ ріжково-накидний 32 мм SS MASTER TOOL 71-1032","B3B063A6-9EEA-11EB-AE88-BC5FF4F4F2AA","1","https://tdp.com.ua/images/catalog/ijIXHewE17/ijIXHewE17a03b2aeef8c12d973b775984d40ac77f_1428650039.jpg","https://tdp.com.ua/product/kljuch-rozhkovo-nakidnoj-master-tool-71-1032-32mm.html","98","tdp"
"found","76-0121","MASTER TOOL","Ключ розвідний 150 мм, 0-20 мм з гумовою ручкою MASTER TOOL 76-0121","AD950A3A-9EEA-11EB-AE88-BC5FF4F4F2AA","2","https://tdp.com.ua/images/catalog/mxVbinoBSL/mxVbinoBSL5c80a88594e96f9a02d07b1912464428_1425304921.jpg","https://tdp.com.ua/product/kljuch-razvodnoj-master-tool-76-0121.html","98","tdp"
"found","76-0221","MASTER TOOL","Ключ розвідний 150 мм, 0-20 мм, Cr-V, фосфатований MASTER TOOL 76-0221","AD950A42-9EEA-11EB-AE88-BC5FF4F4F2AA","3","https://tdp.com.ua/images/catalog/3GzvX51n95/3GzvX51n95b227c1f4a5_1446469378.jpg","https://tdp.com.ua/product/kljuch-razvodnoj-master-tool-76-0221-150-mm.html","98","tdp"
"found","76-0321","MASTER TOOL","Ключ розвідний 150 мм, 0-35 мм з гумовою ручкою, Cr-V MASTER TOOL 76-0321","AD950A44-9EEA-11EB-AE88-BC5FF4F4F2AA","2","https://tdp.com.ua/images/catalog//1583242521_6515a.jpg","https://tdp.com.ua/product/kljuch-razvodnoj-master-tool-150-mm-s-obrezinennoj-ruchkoj-76-0321.html","98","tdp"
"found","76-0123","MASTER TOOL","Ключ розвідний 250 мм, 0-30 мм з гумовою ручкою MASTER TOOL 76-0123","AD950A3E-9EEA-11EB-AE88-BC5FF4F4F2AA","1","https://tdp.com.ua/images/catalog/BAItaRI4vL/BAItaRI4vL5c80a88594e96f9a02d07b1912464428_1425305959.jpg","https://tdp.com.ua/product/kljuch-razvodnoj-master-tool-76-0123.html","98","tdp"
"found","76-0322","MASTER TOOL","Ключ розвідний 200 мм, 0-38 мм з гумовою ручкою, Cr-V MASTER TOOL 76-0322","AD950A46-9EEA-11EB-AE88-BC5FF4F4F2AA","3","https://cdn.27.ua/sc--media--prod/default/30/82/d8/3082d849-706c-4b49-92b8-2f16e8e2cafb.jpg","https://epicentrk.ua/shop/mplc-klyuch-rozvidnii-mastertool-gm-cr-v-200-mm-art-76-0322-1ec72ec7-ee45-6c02-b068-9f5c752aa496.html","97","epicentr"
"found","76-0323","MASTER TOOL","Ключ розвідний 250 мм, 0-50 мм з гумовою ручкою, Cr-V MASTER TOOL 76-0323","AD950A48-9EEA-11EB-AE88-BC5FF4F4F2AA","2","https://cdn.27.ua/sc--media--prod/default/78/27/a5/7827a505-0743-44f3-b0b5-a3706cad4ffd.jpg","https://epicentrk.ua/shop/mplc-klyuch-rozvidnii-mastertool-gm-250-mm-76-0323-1ec30b87-af2a-623c-8094-e529a7d7e999.html","97","epicentr"
"found","76-0424","MASTER TOOL","Ключ розвідний 300 мм, 0-47 мм, з двокомпонентною ручкою, губка переставна MASTER TOOL 76-0424","AD950A50-9EEA-11EB-AE88-BC5FF4F4F2AA","1","https://cdn.27.ua/sc--media--prod/default/5f/ef/10/5fef105c-786d-42b9-ac4c-5d9280d42390.jpg","https://epicentrk.ua/shop/mplc-klyuch-rozvidnii-mastertool-gm-300-mm-76-0424-1ec4234e-dffd-6bc2-a490-69fafefaa91f.html","97","epicentr"
"found","74-0809","MASTER TOOL","Ключ розрізний двосторонній 8* 9 мм MASTER TOOL 74-0809","B3B063A8-9EEA-11EB-AE88-BC5FF4F4F2AA","3","https://cdn.27.ua/sc--media--prod/default/56/94/70/5694703a-c8d3-4e79-a215-ec7b2a6a5c83.jpg","https://epicentrk.ua/shop/mplc-kluc-rozriznij-dvostoronnij-mastertool-gm-8h9-mm-74-0809-1eec109f-baa8-69b0-a27f-ff65a63f6e57.html","97","epicentr"
"found","74-1213","MASTER TOOL","Ключ розрізний двосторонній 12*13 мм MASTER TOOL 74-1213","B3B063AA-9EEA-11EB-AE88-BC5FF4F4F2AA","3","https://cdn.27.ua/sc--media--prod/default/a1/47/d2/a147d2a8-3c1b-4a2b-9a8e-561248100726.jpg","https://epicentrk.ua/shop/mplc-kluc-rozriznij-dvostoronnij-mastertool-gm-12h13-mm-74-1213-1ef1675d-67da-6a70-9146-bf773fb15441.html","97","epicentr"
"found","74-1415","MASTER TOOL","Ключ розрізний двосторонній 14*15 мм MASTER TOOL 74-1415","B3B063AC-9EEA-11EB-AE88-BC5FF4F4F2AA","3","https://cdn.27.ua/sc--media--prod/default/5f/3d/03/5f3d03c5-3592-4b57-8296-3464020b56d6.jpg","https://epicentrk.ua/shop/mplc-klyuch-rozriznii-dvostoronnii-mastertool-74-1415-14kh15-mm-1ed34312-4ac1-6340-98b7-0f77196a5d65.html","97","epicentr"
"found","73-1819","MASTER TOOL","Ключ торцевий трубчастий 18*19 мм MASTER TOOL 73-1819","B3B06358-9EEA-11EB-AE88-BC5FF4F4F2AA","1","https://tdp.com.ua/images/catalog/epFJJQva3T/epFJJQva3T5f8169b8b2e3cc30cba426fa60e0babd_1425459774.jpg","https://tdp.com.ua/product/torcevoj-kljuch-master-tool-73-1819-1819-mm.html","98","tdp"
"found","73-4803","MASTER TOOL","Ключ торцевий Y-подібний 8*10*13 мм, CRV MASTER TOOL 73-4803","B3B06374-9EEA-11EB-AE88-BC5FF4F4F2AA","2","https://cdn.27.ua/sc--media--prod/default/3d/1c/13/3d1c1314-b44c-4b19-8ceb-1213ec3c1766.jpg","https://epicentrk.ua/shop/mplc-klyuch-tortsevii-mastertool-gm-y-podibnii-crv-73-4803-1ec41737-4d55-63f6-8fc0-95be3ae8011c.html","97","epicentr"
"found","74-1719","MASTER TOOL","Ключ розрізний двосторонній 17*19 мм MASTER TOOL 74-1719","B3B063AE-9EEA-11EB-AE88-BC5FF4F4F2AA","2","https://cdn.27.ua/sc--media--prod/default/4d/69/23/4d69237f-cd27-44ee-89cf-7b5e73cde4b8.jpg","https://epicentrk.ua/shop/mplc-kluc-rozriznij-dvostoronnij-mastertool-gm-17h19-mm-74-1719-1ef16760-1710-6a74-968e-79f09605b091.html","97","epicentr"
"found","73-2022","MASTER TOOL","Ключ торцевий трубчастий 20*22 мм MASTER TOOL 73-2022","B3B0635A-9EEA-11EB-AE88-BC5FF4F4F2AA","1","https://tdp.com.ua/images/catalog/YiA3sOKjcV/YiA3sOKjcV5f8169b8b2e3cc30cba426fa60e0babd_1425459980.jpg","https://tdp.com.ua/product/torcevoj-kljuch-master-tool-73-2022-2022-mm.html","98","tdp"
"found","76-0742","MASTER TOOL","Ключ трубний 90 ° 1,5 ""(290 мм) MASTER TOOL 76-0742","AD950A54-9EEA-11EB-AE88-BC5FF4F4F2AA","1","https://tdp.com.ua/images/catalog/XvfVYBybIV/XvfVYBybIVbf834fa5fe09c9da5a44c214a1dcd839_1425301444.jpg","https://tdp.com.ua/product/kljuch-trubnyj-master-tool-76-0742.html","98","tdp"
"found","76-0763","MASTER TOOL","Ключ трубний 45° 2,0"", кований MASTER TOOL 76-0763","B3B060D8-9EEA-11EB-AE88-BC5FF4F4F2AA","4","https://tdp.com.ua/images/catalog/iaEV0VZxdc/1463646037_cf60357eed6df89fd5e77ddc53df27fe.jpg","https://tdp.com.ua/product/kljuch-trubnyj-master-tool-76-0763-litoj-452060-mm.html","98","tdp"
"skipped","76-0932","MASTER TOOL","Ключі накидні універсальні 9-32 мм, набір 2 шт. MASTER TOOL 76-0932","B3B060DA-9EEA-11EB-AE88-BC5FF4F4F2AA","17","","","","already_has_photo"
"found","76-0752","MASTER TOOL","Ключ трубний 90° 1,5"", кований MASTER TOOL 76-0752","AD950A5C-9EEA-11EB-AE88-BC5FF4F4F2AA","1","https://tdp.com.ua/images/catalog/5URVCkCr7g/1561470480_f3ccd.jpg","https://tdp.com.ua/product/kljuch-trubnyj-mastertool-litoj-380-mm-76-0752.html","98","tdp"
"found","76-0751","MASTER TOOL","Ключ трубний 90° 1"", кований MASTER TOOL 76-0751","AD950A5A-9EEA-11EB-AE88-BC5FF4F4F2AA","2","https://tdp.com.ua/images/catalog/gdLrBAXAxT/1561470365_f3ccd.jpg","https://tdp.com.ua/product/kljuch-trubnyj-mastertool-litoj-310-mm-76-0751.html","98","tdp"
"found","75-0962","MASTER TOOL","Ключі TORX з утримувачем набір 9 шт CrV довгі (Т10-Т50 L90-227мм) MASTER TOOL 75-0962","B3B06254-9EEA-11EB-AE88-BC5FF4F4F2AA","3","https://cdn.27.ua/799/0e/12/986642_2.jpeg","https://epicentrk.ua/shop/nabor-klyuchey-mastertool-torx-75-0962.html","97","epicentr"
"found","75-0960","MASTER TOOL","Ключі TORX набір 9 шт CrV короткі (Т10-Т50 L55-133мм) MASTER TOOL 75-0960","B3B06250-9EEA-11EB-AE88-BC5FF4F4F2AA","3","https://tdp.com.ua/images/catalog/ak9atQIytc/ak9atQIytcb5b52bccfcbdb35f82742d94f5784690_1428590256.jpg","https://tdp.com.ua/product/nabor-kljuchej-torks-master-tool-t10-t50-l55-133mm.html","86","tdp"
"found","75-0961","MASTER TOOL","Ключі TORX набір 9 шт CrV довгі (Т10-Т50 L90-227мм) MASTER TOOL 75-0961","B3B06252-9EEA-11EB-AE88-BC5FF4F4F2AA","2","https://cdn.27.ua/799/0e/11/986641_1.jpeg","https://epicentrk.ua/shop/nabor-klyuchey-mastertool-torx-75-0961.html","97","epicentr"
"found","75-0954","MASTER TOOL","Ключі шестигранні набір 10 шт CrV (1,5-10мм L38-60мм) MASTER TOOL 75-0954","B3B06246-9EEA-11EB-AE88-BC5FF4F4F2AA","2","https://tdp.com.ua/images/catalog/FLGbSShnIw_75-0954/1583307719_21145.jpg","https://tdp.com.ua/product/kljuchi-shestigrannye-master-tool-15-10mm-l38-60mm-10-sht-75-0954.html","98","tdp"
"found","75-0955","MASTER TOOL","Ключі шестигранні набір 9 шт CrV короткі (1,5-10мм L45-112мм) MASTER TOOL 75-0955","B3B06248-9EEA-11EB-AE88-BC5FF4F4F2AA","2","https://tdp.com.ua/images/catalog/yHhDUDvpDQ/yHhDUDvpDQ6f4181785ff0da77289a419d631889cc_1413805401.jpg","https://tdp.com.ua/product/kljuchi-shestigrannye-korotkie-master-tool-9sht.html","86","tdp"
"found","75-0958","MASTER TOOL","Ключі шестигранні з тримачем набір 9 шт CrV подовжені (1,5-10мм L74-172мм) MASTER TOOL 75-0958","B3B0624E-9EEA-11EB-AE88-BC5FF4F4F2AA","2","https://cdn.27.ua/799/0e/0f/986639_2.jpeg","https://epicentrk.ua/shop/nabor-klyuchey-shestigrannykh-mastertool-75-0958.html","97","epicentr"
"found","75-0956","MASTER TOOL","Ключі шестигранні набір 9 шт CrV подовжені (1,5-10мм L74-172мм) MASTER TOOL 75-0956","B3B0624A-9EEA-11EB-AE88-BC5FF4F4F2AA","1","https://tdp.com.ua/images/catalog/N9IqxhfKEi/N9IqxhfKEi74d69ca9d522d43477b549416b18cd1a_1428589798.jpg","https://tdp.com.ua/product/nabor-kljuchej-master-tool--75-0956-15-10mm-l74-172mm.html","98","tdp"
"found","70-2106","MASTER TOOL","Ключі ріжкові набір 6 шт(6х7 TO 16х17)SS MASTER TOOL 70-2106","B3B063B0-9EEA-11EB-AE88-BC5FF4F4F2AA","1","https://tdp.com.ua/images/catalog/1vQwYWK8PA/1vQwYWK8PA2a862c063f05a1ad579f66d91b546879_1425453316.jpg","https://tdp.com.ua/product/nabor-kljuchej-master-tool-70-2106-6-sht.html","98","tdp"
"found","75-0957","MASTER TOOL","Ключі шестигранні набір 9 шт CrV подовжені з шар.нак(1,5-10мм L74-172мм) MASTER TOOL 75-0957","B3B0624C-9EEA-11EB-AE88-BC5FF4F4F2AA","1","https://cdn.27.ua/799/0e/0e/986638_1.jpeg","https://epicentrk.ua/shop/nabor-klyuchey-shestigrannykh-mastertool-75-0957.html","97","epicentr"
"found","71-2106","MASTER TOOL","Ключі ріжково-накидні набір 6 шт (8,10,12,13,14,17) MASTER TOOL 71-2106","B3B063B4-9EEA-11EB-AE88-BC5FF4F4F2AA","1","https://tdp.com.ua/images/catalog/lWpdBFArYV/lWpdBFArYV8c126727e57865e09569f83dbe6b5c2d_1425393269.jpg","https://tdp.com.ua/product/nabor-kljuchej-master-tool-71-2106-6-sht-.html","98","tdp"
"found","71-2108","MASTER TOOL","Ключі ріжково-накидні набір 8 шт (6,8,10,12,13,14,17,19) MASTER TOOL 71-2108","B3B063B6-9EEA-11EB-AE88-BC5FF4F4F2AA","1","https://tdp.com.ua/images/catalog/lVJjdDImIn/lVJjdDImIn8c126727e57865e09569f83dbe6b5c2d_1425393498.jpg","https://tdp.com.ua/product/nabor-kljuchej-mastertool-71-2108-rozhkovo-nakidnye-68101213141719.html","98","tdp"
"found","70-2112","MASTER TOOL","Ключі ріжкові набір 12шт(6х7 TO 30х32)SS MASTER TOOL 70-2112","B3B063B2-9EEA-11EB-AE88-BC5FF4F4F2AA","2","https://cdn.27.ua/sc--media--prod/default/e4/fa/fe/e4fafebc-2e70-45ab-beca-78984899ba38.jpg","https://epicentrk.ua/shop/mplc-klyuchi-rizhkovi-mastertool-gm-nabir-12sht-6kh7-to-30kh32-ss-art-70-2112-1ec1ae30-cf2c-6fea-baae-0ffa1589da9b.html","97","epicentr"
"found","72-0108","MASTER TOOL","Ключі ріжково-накидні набір 8 шт (6,8,10,12,13,14,17,19) PROF DIN3113 MASTER TOOL 72-0108","B3B063C0-9EEA-11EB-AE88-BC5FF4F4F2AA","2","https://tdp.com.ua/images/catalog/Bne85ZUFgE/Bne85ZUFgE4aef908cbe_1446464373.jpg","https://tdp.com.ua/product/nabor-kljuchej-master-tool-72-0108-rozhkovo-nakidnye-8-sht.html","98","tdp"
"found","71-2112","MASTER TOOL","Ключі ріжково-накидні набір 12 шт (6-14,17,19,22) MASTER TOOL 71-2112","B3B063B8-9EEA-11EB-AE88-BC5FF4F4F2AA","1","https://tdp.com.ua/images/catalog/t9HkMgA9d2/1689574797_ed402.jpg","https://tdp.com.ua/product/nabor-kljuchej-master-tool-71-2112-12-sht-.html","98","tdp"
"found","72-0112","MASTER TOOL","Ключі ріжково-накидні набір 12 шт (6,7,8,10 - 15,17,19,22) PROF DIN3113 MASTER TOOL 72-0112","B3B063C2-9EEA-11EB-AE88-BC5FF4F4F2AA","1","https://tdp.com.ua/images/catalog/d2F1pp4VgK/d2F1pp4VgK4aef908cbe_1446464723.jpg","https://tdp.com.ua/product/nabor-kljuchej-master-tool-72-0112-rozhkovo-nakidnye-12-sht.html","98","tdp"
"found","72-0115","MASTER TOOL","Ключі ріжково-накидні набір 15 шт (6-19 & 22) PROF DIN3113 довічна гарантія MASTER TOOL 72-0115","B3B063C4-9EEA-11EB-AE88-BC5FF4F4F2AA","1","https://tdp.com.ua/images/catalog/G01BRdFF2z/1469624871_cfb4ec56f1fa2485c0fd1db19d6ec278.jpg","https://tdp.com.ua/product/nabor-kljuchej-master-tool-72-0115-rozhkovo-nakidnye-15-sht.html","98","tdp"
"found","71-2115","MASTER TOOL","Ключі ріжково-накидні набір 15 шт (6-19, 22) MASTER TOOL 71-2115","B3B063BA-9EEA-11EB-AE88-BC5FF4F4F2AA","1","https://tdp.com.ua/images/catalog/Smfy4l882M/Smfy4l882M8c126727e57865e09569f83dbe6b5c2d_1425394019.jpg","https://tdp.com.ua/product/nabor-kljuchej-master-tool-71-2115-15-sht.html","98","tdp"
"found","80-3650","MASTER TOOL","Плиткоріз 3-В-1 650 мм на підшипниках MASTER TOOL 80-3650","C0598808-9EEA-11EB-AE88-BC5FF4F4F2AA","1","https://tdp.com.ua/images/catalog/0F73FIckX7/0F73FIckX77e1a4d1c915e2f92f1a12aebb170bcfc_1424940096.jpg","https://tdp.com.ua/product/plitkorez-master-tool380-3650-2-v-1.html","98","tdp"
"found","80-2600","MASTER TOOL","Плиткоріз ПРОФІ 600 мм на підшипниках MASTER TOOL 80-2600","C0598800-9EEA-11EB-AE88-BC5FF4F4F2AA","1","https://tdp.com.ua/images/catalog/Qr78wOEAKq/Qr78wOEAKq62f4f75fa0a062ef043301635def97a7_1424953007.jpg","https://tdp.com.ua/product/plitkorez-600-mm-profi-na-podshipnikah.html","86","tdp"
"found","08-2518","MASTER TOOL","Коло шліфувальне на липучці 125 мм зерно ""180"" (10шт) MASTER TOOL 08-2518","A7773BFD-9EEA-11EB-AE88-BC5FF4F4F2AA","7","https://tdp.com.ua/images/catalog/JWMBmTCCE2/JWMBmTCCE29e80c1e3f7d251a1c68547e13a0b0377_1413874245.jpg","https://tdp.com.ua/product/krug-shlifovalnyj-master-tool-na-lipuchke-125-mmzerno-180-08-2518.html","98","tdp"
"found","08-2581","MASTER TOOL","Коло шліфувальне на липучці 125 мм зерно 1000, 10шт MASTER TOOL 08-2581","CD5D4DD9-3815-11EC-B64C-BC5FF4F4F2AA","7","https://tdp.com.ua/images/catalog/cGfiuiYJLP_08-2581/1683719026_25c05.jpg","https://tdp.com.ua/product/krug-shlifovalnyj-master-tool-125-mm-p1000-na-lipuchke-10sht-08-2581.html","98","tdp"
"skipped","08-2512-H","MASTER TOOL","Коло шліфувальне на липучці з 8 отворами 125 мм зерно 120, 5шт MASTER TOOL 08-2512-H","CD5D4DD1-3815-11EC-B64C-BC5FF4F4F2AA","4","","","","already_has_photo"
"found","08-2582","MASTER TOOL","Коло шліфувальне на липучці 125 мм зерно 1200, 10шт MASTER TOOL 08-2582","CD5D4DDB-3815-11EC-B64C-BC5FF4F4F2AA","5","https://tdp.com.ua/images/catalog/kHDBHdipMX_08-2582/1683719059_25c05.jpg","https://tdp.com.ua/product/krug-shlifovalnyj-master-tool-125-mm-p1200-na-lipuchke-10sht-08-2582.html","98","tdp"
"found","08-2580","MASTER TOOL","Коло шліфувальне на липучці 125 мм зерно 800, 10шт MASTER TOOL 08-2580","CD5D4DD7-3815-11EC-B64C-BC5FF4F4F2AA","9","https://tdp.com.ua/images/catalog/964KViLUjV_08-2580/1683718986_25c05.jpg","https://tdp.com.ua/product/krug-shlifovalnyj-master-tool-125-mm-p800-na-lipuchke-10sht-08-2580.html","98","tdp"
"skipped","AC-2145","MASTER TOOL","Компресор автомобільний 12V, 150 PSI, 12 A, 150 Вт, 45 л/хв, сумка MASTER TOOL AC-2145","A167FF44-C72E-11EC-991D-BC5FF4F4F2AA","1","","","","already_has_photo"
"skipped","AC-2135","MASTER TOOL","Компресор автомобільний 12V, 150 PSI, 8 A, 100 Вт, 35 л/хв MASTER TOOL AC-2135","A167FF40-C72E-11EC-991D-BC5FF4F4F2AA","1","","","","already_has_photo"
"skipped","AC-2137","MASTER TOOL","Компресор автомобільний 12V, 150 PSI, 8 A, 100 Вт, 37 л/хв, сумка MASTER TOOL AC-2137","A167FF42-C72E-11EC-991D-BC5FF4F4F2AA","2","","","","already_has_photo"
"skipped","AC-2160","MASTER TOOL","Компресор автомобільний двопоршневий 12V, 150 PSI, 15 A, 180 Вт, 60 л/хв MASTER TOOL AC-2160","A167FF46-C72E-11EC-991D-BC5FF4F4F2AA","2","","","","already_has_photo"
"skipped","AC-2185","MASTER TOOL","Компресор автомобільний двопоршневий 12V, 150 PSI, 25 A, 300 Вт, 85 л/хв MASTER TOOL AC-2185","A167FF48-C72E-11EC-991D-BC5FF4F4F2AA","1","","","","already_has_photo"
"skipped","80-8933","MASTER TOOL","Краскопульт HP MINI ВБ 200 мл, алюміній поворотний, Ø 0,5 мм, 60-90 л/хв, MASTER TOOL 80-8933","B3B0646C-9EEA-11EB-AE88-BC5FF4F4F2AA","2","","","","already_has_photo"
"skipped","80-8935","MASTER TOOL","Краскопульт HP MINI ВБ 400 мл, поворотний алюміній, Ø 1,5 мм, 70-130 л/хв, MASTER TOOL 80-8935","B3B0646E-9EEA-11EB-AE88-BC5FF4F4F2AA","2","","","","already_has_photo"
"skipped","81-8719","MASTER TOOL","Краскопульт HP ВБ 600 мл, алюміній, Ø 1,5 мм, 120-170 л/хв, MASTER TOOL 81-8719","B3B0647C-9EEA-11EB-AE88-BC5FF4F4F2AA","2","","","","already_has_photo"
"skipped","81-8720","MASTER TOOL","Краскопульт HP ВБ 600 мл, пластик, Ø 1,4 мм, 120-170 л/хв, 3,5-5,0 бар, ПРОФ MASTER TOOL 81-8720","B3B0647E-9EEA-11EB-AE88-BC5FF4F4F2AA","2","","","","already_has_photo"
"skipped","81-8718","MASTER TOOL","Краскопульт HP ВБ 600 мл, пластик, Ø 1,5 мм, 120-170 л/хв, 3,5-5,0 бар тип М MASTER TOOL 81-8718","B3B0647A-9EEA-11EB-AE88-BC5FF4F4F2AA","1","","","","already_has_photo"
"skipped","81-8715","MASTER TOOL","Краскопульт HP ВБ 600 мл, пластик, Ø 1,5 мм, 120-180 л/хв, MASTER TOOL 81-8715","B3B06476-9EEA-11EB-AE88-BC5FF4F4F2AA","3","","","","already_has_photo"
"skipped","81-8717","MASTER TOOL","Краскопульт HP НБ 1000 мл, алюміній Ø 1,5 мм, 160-220 л/хв, MASTER TOOL 81-8717","B3B06478-9EEA-11EB-AE88-BC5FF4F4F2AA","3","","","","already_has_photo"
"skipped","80-8930","MASTER TOOL","Краскопульт HVLP MINI ВБ 125 мл, пластик, Ø 0,8 мм, 70-110 л/хв, MASTER TOOL 80-8930","B3B0646A-9EEA-11EB-AE88-BC5FF4F4F2AA","2","","","","already_has_photo"
"skipped","80-8901","MASTER TOOL","Краскопульт HVLP ВБ 600 мл, пластик, Ø 1,3 мм, 150-220 л/хв, 3-4 бар тип А MASTER TOOL 80-8901","B3B06456-9EEA-11EB-AE88-BC5FF4F4F2AA","3","","","","already_has_photo"
"found","08-2284","MASTER TOOL","Коло шліфувальне пелюсткове зерно 40, 80*30 мм зі стрижнем 6 мм MASTER TOOL 08-2284","A7773C5B-9EEA-11EB-AE88-BC5FF4F4F2AA","1","https://tdp.com.ua/images/catalog//1560517206_f3ccd.jpg","https://tdp.com.ua/product/krug-shlifovalnyj-lepestkovyj-master-tool-d80-h30-p40-08-2284.html","98","tdp"
"skipped","08-2500","MASTER TOOL","Круги шліфувальні на липучці ""Скотч Брайт"" 100 мм (240, 320, 600, 1000) 4шт MASTER TOOL 08-2500","A7773BE9-9EEA-11EB-AE88-BC5FF4F4F2AA","8","","","","already_has_photo"
"found","08-2286","MASTER TOOL","Коло шліфувальне пелюсткове зерно 60, 80*30 мм зі стрижнем 6 мм MASTER TOOL 08-2286","A7773C5D-9EEA-11EB-AE88-BC5FF4F4F2AA","2","https://tdp.com.ua/images/catalog//1505043659_61640d63771a11b42aca7b0a80a19078.jpg","https://tdp.com.ua/product/krug-shlifovalnyj-lepestkovyj-master-tool-d80-h30-p60-08-2286.html","98","tdp"
"found","08-2501","MASTER TOOL","Круги шліфувальні на липучці ""Скотч Брайт"" 125 мм (240, 320, 600, 1000) 4шт MASTER TOOL 08-2501","A7773BEB-9EEA-11EB-AE88-BC5FF4F4F2AA","3","https://tdp.com.ua/images/catalog/kJY2Jjmxan/kJY2Jjmxan7e026c2bf0_1445424487.jpg","https://tdp.com.ua/product/krugi-shlifovalnye-master-tool-na-lipuchke-skotch-brajt-125-mm4sht-08-2501.html","98","tdp"
"found","02-1212","MASTER TOOL","Молоток-кувалда 900 г HRC 50 рукоятка фібергласова 300 мм MASTER TOOL 02-1212","96DC30A9-EB59-11EE-AF97-BC5FF4F4F2AA","1","https://tdp.com.ua/images/catalog/oPNYIPA87l/oPNYIPA87l143d0cfe727f333c5cfc8c1b41ea3907_1425631962.jpg","https://tdp.com.ua/product/molotok-kuvalda-master-tool-02-1212-900-g.html","98","tdp"
"found","02-1213","MASTER TOOL","Молоток-кувалда 1350 г HRC 50 рукоятка фібергласова 325 мм MASTER TOOL 02-1213","96DC30AB-EB59-11EE-AF97-BC5FF4F4F2AA","1","https://tdp.com.ua/images/catalog/ONjFbkzYZ8/ONjFbkzYZ80c68dab1551c0c949badbcb9953f38c5_1425568117.jpg","https://tdp.com.ua/product/kuvalda-mastertool-1350g-fiberglasova-rukojatka-325mm-02-1213.html","98","tdp"
"found","30-2250","MASTER TOOL","Кутник будівельний 250 мм AL-AL MASTER TOOL 30-2250","BA14D3A5-9EEA-11EB-AE88-BC5FF4F4F2AA","2","https://tdp.com.ua/images/catalog/vqvueVMV5d/1464774992_9ca06f3df087a888023e4306cb8a379c.jpg","https://tdp.com.ua/product/ugolnik-stroitelnyj-master-tool-30-2250-al-al-250-mm.html","98","tdp"
"found","14-1821","MASTER TOOL","Маркер перманентний чорний. 4шт MASTER TOOL 14-1821","BA14D3E3-9EEA-11EB-AE88-BC5FF4F4F2AA","3","https://cdn.27.ua/sc--media--prod/default/75/b0/ef/75b0efc9-d423-4f22-b1f4-d6508cf68723.jpg","https://epicentrk.ua/shop/mplc-marker-permanentnij-mastertool-gm-4-st-cornij-14-1821-1ef1677c-79d8-697e-b1d3-053fd38c4f29.html","97","epicentr"
"found","30-0250","MASTER TOOL","Кутник будівельний 250 мм MASTER TOOL 30-0250","BA14D397-9EEA-11EB-AE88-BC5FF4F4F2AA","2","https://tdp.com.ua/images/catalog/kQDRjfa2X4/kQDRjfa2X482efb484258300617c472ea7e7343d04_1426500421.jpg","https://tdp.com.ua/product/ugolnik-stroitelnyj-mastertool-30-0250-250-mm.html","98","tdp"
"found","30-1300","MASTER TOOL","Кутник будівельний 300 мм AL-НЕРЖ MASTER TOOL 30-1300","BA14D39F-9EEA-11EB-AE88-BC5FF4F4F2AA","2","https://tdp.com.ua/images/catalog/jqUHVtUqRI/jqUHVtUqRIc798b5f7188aeddbb29c4396ace82604_1426502780.jpg","https://tdp.com.ua/product/ugolnik-stroitelnyj-master-tool-30-1300-300-mm.html","98","tdp"
"found","30-0300","MASTER TOOL","Кутник будівельний 300 мм MASTER TOOL 30-0300","BA14D399-9EEA-11EB-AE88-BC5FF4F4F2AA","2","https://tdp.com.ua/images/catalog/sUfSAmxiMS/sUfSAmxiMS82efb484258300617c472ea7e7343d04_1426500580.jpg","https://tdp.com.ua/product/ugolnik-stroitelnyj-mastertool-30-0300-300-mm.html","98","tdp"
"found","30-3519","MASTER TOOL","Кутник тесляра SWANSON 300 мм, алюмінієвий MASTER TOOL 30-3519","BA14D3AF-9EEA-11EB-AE88-BC5FF4F4F2AA","2","https://tdp.com.ua/images/catalog/VmrN5hmzWD_30-3519/1610698816_f6f3a.jpg","https://tdp.com.ua/product/ugolnik-plotnika-master-tool-swanson-300-mm-aljuminievyj-30-3519.html","98","tdp"
"found","30-3516","MASTER TOOL","Кутник тесляра 180 мм, пластиковий MASTER TOOL 30-3516","BA14D3AD-9EEA-11EB-AE88-BC5FF4F4F2AA","2","https://cdn.27.ua/799/f6/d8/3274456_1.jpeg","https://epicentrk.ua/shop/ugolnik-mastertool-180-mm-30-3516.html","97","epicentr"
"found","30-3520","MASTER TOOL","Кутник Японський 3D 200*70*63 мм MASTER TOOL 30-3520","BA14D3B1-9EEA-11EB-AE88-BC5FF4F4F2AA","3","https://tdp.com.ua/images/catalog/vQGvEuaCjw_30-3520/1610699864_7a0ef.jpg","https://tdp.com.ua/product/ugolnik-master-tool-japonskij-3d-200h70h63-mm-30-3520.html","98","tdp"
"found","30-4350","MASTER TOOL","Кутник будівельний 350 мм AL-AL, капсула 0,5 мм/1м MASTER TOOL 30-4350","2177E0EB-739F-11EC-AB34-BC5FF4F4F2AA","2","https://cdn.27.ua/799/7d/07/7044359_1.jpeg","https://epicentrk.ua/shop/kutnyk-mastertool-350-mm-30-4350.html","97","epicentr"
"found","30-3526","MASTER TOOL","Шаблометр контурний 145*100*21 мм MASTER TOOL 30-3526","BA14D3B5-9EEA-11EB-AE88-BC5FF4F4F2AA","2","https://tdp.com.ua/images/catalog/YChXfU27vT_30-3526/1610637802_886e0.jpg","https://tdp.com.ua/product/shablometr-konturnyj-master-tool-145h100h22-mm-30-3526.html","98","tdp"
"found","30-3530","MASTER TOOL","Кутомір-квадрант 500*230 мм MASTER TOOL 30-3530","BA14D3B9-9EEA-11EB-AE88-BC5FF4F4F2AA","5","https://cdn.27.ua/799/72/4e/2257486_2.jpeg","https://epicentrk.ua/shop/uglomer-mastertool-kvadrant-500kh230-mm-30-3530.html","97","epicentr"
"skipped","94-0814","MASTER TOOL","Лампа настільна гнучка, 125*100*350 мм, COB LED, USB/3xAA, ABS MASTER TOOL 94-0814","C656D5E3-9EEA-11EB-AE88-BC5FF4F4F2AA","2","","","","already_has_photo"
"skipped","94-0815","MASTER TOOL","Лампа настільна гнучка, сенсорний вмикач, 3 режими, 125*100*350 мм, COB LED, MASTER TOOL 94-0815","C656D5E5-9EEA-11EB-AE88-BC5FF4F4F2AA","2","","","","already_has_photo"
"skipped","94-0804","MASTER TOOL","Ліхтар 2-в-1 з ручкою 360 °, 4 режими, 180 * 94 * 143 мм, CREE LED + COB LED, MASTER TOOL 94-0804","C656D5CF-9EEA-11EB-AE88-BC5FF4F4F2AA","1","","","","already_has_photo"
"skipped","94-0802","MASTER TOOL","Ліхтар водонепроникний, 180*55 мм, CREE LED, IP66, 2 x AA, PP + PVC MASTER TOOL 94-0802","C656D5CB-9EEA-11EB-AE88-BC5FF4F4F2AA","3","","","","already_has_photo"
"skipped","94-0801","MASTER TOOL","Ліхтар із регулюванням фокусу, 103*31 мм, LED, 3 x AAA, ABS MASTER TOOL 94-0801","C656D5C9-9EEA-11EB-AE88-BC5FF4F4F2AA","16","","","","already_has_photo"
"skipped","94-0806","MASTER TOOL","Ліхтарик магнітний, 168*24 мм, LED + COB LED, 3 x AAA, ABS MASTER TOOL 94-0806","C656D5D3-9EEA-11EB-AE88-BC5FF4F4F2AA","7","","","","already_has_photo"
"found","30-3525","MASTER TOOL","Шаблометр 250 * 120мм MASTER TOOL 30-3525","BA14D3B3-9EEA-11EB-AE88-BC5FF4F4F2AA","2","https://cdn.27.ua/799/92/84/2724484_7.jpeg","https://epicentrk.ua/shop/shablometr-mastertool-250x120-mm-30-3525.html","97","epicentr"
"found","30-3527","MASTER TOOL","Шаблометр контурний 276*100*21 мм MASTER TOOL 30-3527","BA14D3B7-9EEA-11EB-AE88-BC5FF4F4F2AA","1","https://tdp.com.ua/images/catalog/dPUbT8hCjE_30-3527/1610638262_0cb72.jpg","https://tdp.com.ua/product/shablometr-konturnyj-master-tool-265h100h22-mm-30-3527.html","98","tdp"
"found","14-2201","MASTER TOOL","Пилочка для лобзика ручного 50 шт MASTER TOOL 14-2201","A7773E47-9EEA-11EB-AE88-BC5FF4F4F2AA","10","https://tdp.com.ua/images/catalog/1342gIcf0M/1342gIcf0Mec8b8b69a4596005a411607e6ab2043b_1425639736.jpg","https://tdp.com.ua/product/polotno-dlja-ruchnogo-lobzika-master-tool-l125-hcs-50-sht-14-2201.html","98","tdp"
"found","14-01-118","MASTER TOOL","Полотно по металу 1-стороннє, М2 Bimetal, 300*12,5*0,62 мм, 18*1"", 6 шт MASTER TOOL 14-01-118","A7773E43-9EEA-11EB-AE88-BC5FF4F4F2AA","2","https://tdp.com.ua/images/catalog/CZyEi5DK4h/CZyEi5DK4hf531e2f5079bcfddf385a44adc15cc79_1425638329.jpg","https://tdp.com.ua/product/polotno-po-metallu-granite-l300-mm-18-zubca-6-sht-14-01-118.html","98","tdp"
"skipped","14-2905","MASTER TOOL","Полотно по металу 1-стороннє, С60, 300*12,5*0,6 мм, 24*1"", Ram A, 6 шт MASTER TOOL 14-2905","A7773E51-9EEA-11EB-AE88-BC5FF4F4F2AA","11","","","","already_has_photo"
"skipped","14-2906","MASTER TOOL","Полотно по металу 2-стороннє, C60, 300 * 25 * 0,6 мм, 24 / 24 * 1 "", Ram B, 6 шт MASTER TOOL 14-2906","A7773E53-9EEA-11EB-AE88-BC5FF4F4F2AA","12","","","","already_has_photo"
"skipped","14-2907","MASTER TOOL","Полотно по металу 2-стороннє, C60, 300*12,5*0,6 мм, 24/24*1"", Ram C, 6 шт MASTER TOOL 14-2907","A7773E55-9EEA-11EB-AE88-BC5FF4F4F2AA","11","","","","already_has_photo"
"found","14-01-124","MASTER TOOL","Полотно по металу 1-стороннє, М2 Bimetal, 300*12,5*0,62 мм, 24*1"", 6 шт MASTER TOOL 14-01-124","A7773E45-9EEA-11EB-AE88-BC5FF4F4F2AA","3","https://tdp.com.ua/images/catalog/GCCimooE3O/GCCimooE3Oa2a7530c15a2387bcc0205b54a781dfd_1425639449.jpg","https://tdp.com.ua/product/polotno-po-metallu-granite-l300-mm-24-zubca-6-sht-14-01-124.html","98","tdp"
"found","14-2908","MASTER TOOL","Полотно по металу та дереву 2-стороннє, C60, 300*25*0,6 мм, 24/8*1"", Ram D, 6 шт MASTER TOOL 14-2908","A7773E57-9EEA-11EB-AE88-BC5FF4F4F2AA","6","https://tdp.com.ua/images/catalog//1559911781_f3ccd.jpg","https://tdp.com.ua/product/polotno-po-metallu-i-derevu-master-tool-300-x-25-mm-248x1-ram-d-6-sht-14-2908.html","98","tdp"
"found","39-1000","MASTER TOOL","Лінійка будівельна 100 см НЕРЖ MASTER TOOL 39-1000","BA14D3BF-9EEA-11EB-AE88-BC5FF4F4F2AA","6","https://tdp.com.ua/images/catalog/5fJvVbhxMD/5fJvVbhxMD0bf92322172fb1514360c019f69e0375_1428499521.jpg","https://tdp.com.ua/product/linejka-master-tool-9-1000-100-sm.html","86","tdp"
"skipped","19-1016","MASTER TOOL","Ліска для тримера 1,65 мм* 15 м, ""зірка"" MASTER TOOL 19-1016","C0598986-9EEA-11EB-AE88-BC5FF4F4F2AA","112","","","","already_has_photo"
"skipped","19-1024","MASTER TOOL","Ліска для тримера 2,40 мм* 15 м, ""зірка"" MASTER TOOL 19-1024","C059898A-9EEA-11EB-AE88-BC5FF4F4F2AA","28","","","","already_has_photo"
"skipped","19-1830","MASTER TOOL","Ліска для тримера 3,00 мм* 164 м, 1кг ""зірка"" MASTER TOOL 19-1830","C0E80392-C1DD-11EB-910B-BC5FF4F4F2AA","3","","","","already_has_photo"
"skipped","19-1220","MASTER TOOL","Ліска для тримера 2,00 мм* 15 м, ""кручений квадрат"" MASTER TOOL 19-1220","C0598994-9EEA-11EB-AE88-BC5FF4F4F2AA","18","","","","already_has_photo"
"skipped","19-2030","MASTER TOOL","Ліска для тримера зі сталевим сердечником 3,00 мм* 10 м, ""коло"" MASTER TOOL 19-2030","C05989B2-9EEA-11EB-AE88-BC5FF4F4F2AA","3","","","","already_has_photo"
"skipped","RX-8006","WERTVOLL","Ліхтар магнітний, 8 режимів, 157*32 мм, IP44, Li-ion 2000mAh, AL WERTVOLL RX-8006","5A7B80AB-D617-11EC-B995-BC5FF4F4F2AA","1","","","","already_has_photo"
"skipped","RX-8002","WERTVOLL","Ліхтар, 3 режими, 122*25 мм, LED, Li-ion 1200 mAh, Power Bank, ABS, BLACK WERTVOLL RX-8002","5A7B80A5-D617-11EC-B995-BC5FF4F4F2AA","6","","","","already_has_photo"
"skipped","RX-8001","WERTVOLL","Ліхтар, 3 режими, 122*25 мм, LED, Li-ion 1200 mAh, Power Bank, ABS, WHITE WERTVOLL RX-8001","5A7B80A3-D617-11EC-B995-BC5FF4F4F2AA","3","","","","already_has_photo"
"skipped","RX-8004","WERTVOLL","Ліхтар, 3 режими, 168*36 мм, LED, IP44, Li-ion 2000 mAh, Power Bank, AL WERTVOLL RX-8004","5A7B80A9-D617-11EC-B995-BC5FF4F4F2AA","1","","","","already_has_photo"
"skipped","RX-8003","WERTVOLL","Ліхтар, 3 режими, 91*26 мм, LED + COB LED, Li-ion 800 mAh, AL WERTVOLL RX-8003","5A7B80A7-D617-11EC-B995-BC5FF4F4F2AA","5","","","","already_has_photo"
"found","39-0300","MASTER TOOL","Лінійка будівельна 30 см НЕРЖ MASTER TOOL 39-0300","BA14D3BB-9EEA-11EB-AE88-BC5FF4F4F2AA","3","https://tdp.com.ua/images/catalog/wzWsJmftJ5_39-0300/1621599694_3db63.jpg","https://tdp.com.ua/product/linejka-stroitelnaja-mastertool-30-sm-nerzhavejka-39-0300.html","98","tdp"
"found","86-8145","MASTER TOOL","Лебідка барабанна, трос 454 кг, трос 10 м MASTER TOOL 86-8145","571DD6E4-2C12-11EC-9962-BC5FF4F4F2AA","1","https://cdn.27.ua/799/7e/58/3964504_2.jpeg","https://epicentrk.ua/shop/ruchnaya-lebedka-mastertool-454-kg-10-m-86-8145.html","97","epicentr"
"found","14-2200","MASTER TOOL","Лобзик ручний, рамка плоского перерізу MASTER TOOL 14-2200","AD950820-9EEA-11EB-AE88-BC5FF4F4F2AA","3","https://tdp.com.ua/images/catalog/ONDSIFgSxr/ONDSIFgSxra17783d3966fa859441038016bae24cd_1425632540.jpg","https://tdp.com.ua/product/lobzik-ruchnoj-master-tool-14-2200.html","98","tdp"
"found","03-1600","MASTER TOOL","Лом із гвоздодером 25*12*600 мм, профіль ""0"" MASTER TOOL 03-1600","AD95096C-9EEA-11EB-AE88-BC5FF4F4F2AA","1","https://tdp.com.ua/images/catalog/CyBQCjyTnh/CyBQCjyTnhcb553667f419629f00ec7c869c33f261_1425654799.jpg","https://tdp.com.ua/product/lom-s-gvozdoderom-master-tool-03-1600-6002512.html","98","tdp"
"found","03-1400","MASTER TOOL","Лом із гвоздодером 22*12*400 мм, профіль ""0"" MASTER TOOL 03-1400","AD95096A-9EEA-11EB-AE88-BC5FF4F4F2AA","3","https://tdp.com.ua/images/catalog/OMzzjJlwZo/OMzzjJlwZocb553667f419629f00ec7c869c33f261_1425654647.jpg","https://tdp.com.ua/product/-lom-s-gvozdoderom-master-tool-03-1400-4002212.html","98","tdp"
"skipped","14-6255","MASTER TOOL","Лопата штикова 210*290*405 мм чорно-жовте фарбування 0,7 кг MASTER TOOL 14-6255 - АКЦІЯ!","C5A8C0CB-17B6-11EC-8E7A-BC5FF4F4F2AA","7","","","","already_has_photo"
"skipped","14-6264","MASTER TOOL","Лопата штикова 220х300х390 мм лак 0.8 кг 14-6264 MASTER TOOL 14-6264 - АКЦІЯ!","4C9A6A44-61AD-11EC-89C3-BC5FF4F4F2AA","27","","","","already_has_photo"
"found","03-1750","MASTER TOOL","Лом із гвоздодером 30*15*750 мм, профіль ""0"" MASTER TOOL 03-1750","AD95096E-9EEA-11EB-AE88-BC5FF4F4F2AA","3","https://tdp.com.ua/images/catalog/hQn8DT8xce/hQn8DT8xcecb553667f419629f00ec7c869c33f261_1425654941.jpg","https://tdp.com.ua/product/lom-s-gvozdoderom-master-tool-03-1750-7503015.html","98","tdp"
"found","14-6269","MASTER TOOL","Лопата совкова з живцем та ручкою 225*275*490мм L-1200мм молоткова MASTER TOOL 14-6269","C05989FC-9EEA-11EB-AE88-BC5FF4F4F2AA","5","https://tdp.com.ua/images/catalog//1557128344_4ab16.jpg","https://tdp.com.ua/product/lopata-sovkovaja-s-cherenkom-i-ruchkoj-225275490-mm-l1200-mm-14-6269.html","98","tdp"
"found","14-6248","MASTER TOOL","Лопата штикова 210*290*405 мм молоткове фарбування 0,7 кг MASTER TOOL 14-6248 - АКЦІЯ!","C05989F0-9EEA-11EB-AE88-BC5FF4F4F2AA","7","https://tdp.com.ua/images/catalog//1556872942_087a5.jpg","https://tdp.com.ua/product/lopata-shtykovaja-master-tool-210290405-mm-14-6248.html","98","tdp"
"found","03-2350","MASTER TOOL","Цвяходер Ø 16 мм 350 мм MASTER TOOL 03-2350","AD950970-9EEA-11EB-AE88-BC5FF4F4F2AA","1","https://cdn.27.ua/sc--media--prod/default/89/f9/cc/89f9cc3b-8ab2-4824-aa75-a3534c01d4da.jpg","https://epicentrk.ua/shop/mplc-obtsen-ki-mastertool-gm-o-16-mm-350-mm-03-2350-1ec72b42-87e5-6698-839e-63305eb9d5fd.html","97","epicentr"
"found","79-2103","MASTER TOOL","Ящик для інструменту 13"" (330*180*165 мм), металеві замки MASTER TOOL 79-2103","C656D2A5-9EEA-11EB-AE88-BC5FF4F4F2AA","1","https://tdp.com.ua/images/catalog/Ydd1XlzUUI/1664444340_db6e3.jpg","https://tdp.com.ua/product/jacshik-dlja-instrumenta-master-tool-79-2103-d-130.html","98","tdp"
"found","92-1211","ГОСПОДАР","Льодоходи розмір 35 - 45, 4 шипи ГОСПОДАР 92-1211","C656D61D-9EEA-11EB-AE88-BC5FF4F4F2AA","2","https://cdn.27.ua/sc--media--prod/default/df/9a/4f/df9a4f56-f7ad-4d9c-b17f-94ed92607ba4.jpg","https://epicentrk.ua/shop/mplc-l-odokhodi-mastertool-r-35-45-4-shipa-92-1211-1ed4bcc1-ecd5-6706-bce9-cf1a010f27b8.html","97","epicentr"
"found","92-0735","ГОСПОДАР","Плащ - дощовик дитячий з кнопками ГОСПОДАР 92-0735","C656D60D-9EEA-11EB-AE88-BC5FF4F4F2AA","4","https://cdn.27.ua/sc--media--prod/default/ef/11/1c/ef111c2f-ce8e-4741-b857-1a525f21ec47.jpg","https://epicentrk.ua/shop/mplc-plas-dosovik-ditacij-gospodar-170-sm-92-0735-1ef24a4a-efb1-6202-a8e3-1bb1168426cb.html","97","epicentr"
"found","92-0734","ГОСПОДАР","Плащ - дощовик дитячий на липучці ГОСПОДАР 92-0734","C656D60B-9EEA-11EB-AE88-BC5FF4F4F2AA","2","https://cdn.27.ua/sc--media--prod/default/b5/75/9d/b5759d30-d214-490f-8ded-566155f8e306.jpg","https://epicentrk.ua/shop/mplc-plashch-doshchovik-dityachii-gospodar-na-lipuchtsi-92-0734-1ed4bb5d-6341-655e-bbe5-edb37013cec4.html","97","epicentr"
"found","81-0211","MASTER TOOL","Магніт для зварювання 11 кг, 45°/90°/135° MASTER TOOL 81-0211","AD9506E8-9EEA-11EB-AE88-BC5FF4F4F2AA","5","https://cdn.27.ua/799/8f/20/2723616_4.jpeg","https://epicentrk.ua/shop/mahnit-dlia-zvariuvannia-mastertool-11-kh-45-90-135-81-0211-81-0211.html","97","epicentr"
"found","81-0205","MASTER TOOL","Магніт для зварювання 2 x 23 кг, 1°-360°, 65*85 мм MASTER TOOL 81-0205","CD5D4DDD-3815-11EC-B64C-BC5FF4F4F2AA","2","https://tdp.com.ua/images/catalog/UzYI0uhDZD_81-0205/1778586175_6772d.jpg","https://tdp.com.ua/product/manit-dlja-zvarjuvannja-mastertool-23-kg-65x85mm-81-0205.html","98","tdp"
"found","81-0234","MASTER TOOL","Магніт для зварювання 35 кг, 45°/90°/135° MASTER TOOL 81-0234","AD9506EC-9EEA-11EB-AE88-BC5FF4F4F2AA","5","https://cdn.27.ua/799/8f/24/2723620_1.jpeg","https://epicentrk.ua/shop/mahnit-dlia-zvariuvannia-mastertool-35-kh-45-90-135-81-0234-81-0234.html","97","epicentr"
"found","81-0223","MASTER TOOL","Магніт для зварювання 23 кг, 45°/90°/135° MASTER TOOL 81-0223","AD9506EA-9EEA-11EB-AE88-BC5FF4F4F2AA","5","https://cdn.27.ua/sc--media--prod/default/f7/19/6c/f7196c21-6584-4de8-8ea2-b1c11092973f.jpg","https://epicentrk.ua/shop/mplc-magnit-dlya-zvaryuvannya-mastertool-gm-23-kg-81-0223-1ec75112-4ea6-67d8-9cbd-fdd61786a958.html","97","epicentr"
"found","81-0206","MASTER TOOL","Магніт для зварювання кутовий 9 кг, 15°/60°/90°/120°, неодимовий магніт MASTER TOOL 81-0206","CD5D4DDF-3815-11EC-B64C-BC5FF4F4F2AA","1","https://tdp.com.ua/images/catalog/W72jjY71iy_81-0206/1778586382_2b50d.jpg","https://tdp.com.ua/product/magnit-kutovij-dlja-zvarjuvannja-mastertool-9-kg-156090120-81-0206.html","98","tdp"
"skipped","91-9211","MASTER TOOL","Макловиця 110*30 мм не лак (укр) MASTER TOOL 91-9211","BA14D4D9-9EEA-11EB-AE88-BC5FF4F4F2AA","14","","","","already_has_photo"
"skipped","91-9213","MASTER TOOL","Макловиця 130*30 мм не лак (укр) MASTER TOOL 91-9213","BA14D4DB-9EEA-11EB-AE88-BC5FF4F4F2AA","22","","","","already_has_photo"
"skipped","91-9214","MASTER TOOL","Макловиця 140*40 мм не лак (укр) MASTER TOOL 91-9214","BA14D4DD-9EEA-11EB-AE88-BC5FF4F4F2AA","23","","","","already_has_photo"
"skipped","91-9215","MASTER TOOL","Макловиця 150*50 мм не лак (укр) MASTER TOOL 91-9215","BA14D4DF-9EEA-11EB-AE88-BC5FF4F4F2AA","26","","","","already_has_photo"
"skipped","91-9218","MASTER TOOL","Макловиця 180*50 мм не лак (укр) MASTER TOOL 91-9218","BA14D4E1-9EEA-11EB-AE88-BC5FF4F4F2AA","12","","","","already_has_photo"
"skipped","91-9207","MASTER TOOL","Макловиця 70*30 мм не лак (укр) MASTER TOOL 91-9207","BA14D4D5-9EEA-11EB-AE88-BC5FF4F4F2AA","20","","","","already_has_photo"
"skipped","91-9209","MASTER TOOL","Макловиця 90 * 30 мм не лак (укр) MASTER TOOL 91-9209","BA14D4D7-9EEA-11EB-AE88-BC5FF4F4F2AA","12","","","","already_has_photo"
"found","81-8750","MASTER TOOL","Пневмопістолет для підкачування коліс з манометром 0-12 бар MASTER TOOL 81-8750","B3B064C8-9EEA-11EB-AE88-BC5FF4F4F2AA","1","https://tdp.com.ua/images/catalog/lIYs5W5wAr/lIYs5W5wAr47f61a116ba5133736df5ac1461e59a6_1427811082.jpg","https://tdp.com.ua/product/pistolet-dlja-podkachki-koles-master-tool-81-8750.html","98","tdp"
"found","81-0204","MASTER TOOL","Набір магнітів для зварювання 4 кг, 45°/90°/135° MASTER TOOL 81-0204","AD9506E6-9EEA-11EB-AE88-BC5FF4F4F2AA","1","https://cdn.27.ua/sc--media--prod/default/c5/bb/e2/c5bbe2cf-d7a3-4909-9018-b45a6a527c88.jpg","https://epicentrk.ua/shop/mplc-nabir-magnitiv-dlya-zvaryuvannya-mastertool-gm-4-kg-81-0204-1ec7d19f-875f-6fe4-a2f7-45eefd9101ba.html","97","epicentr"
"found","81-0019","MASTER TOOL","Маска зварювальна відкидна ""Престиж"", скло 50х108 мм MASTER TOOL 81-0019","C05988EA-9EEA-11EB-AE88-BC5FF4F4F2AA","2","https://cdn.27.ua/799/e3/f8/3204088_1.jpeg","https://epicentrk.ua/shop/maska-svarschika-mastertool-otkidnaya-prestizh-steklo-50kh108-mm-81-0019.html","97","epicentr"
"found","81-0020","MASTER TOOL","Маска зварювальна відкидна ""Ягуар 2"", скло 50х108 мм MASTER TOOL 81-0020","C05988EC-9EEA-11EB-AE88-BC5FF4F4F2AA","2","https://tdp.com.ua/images/catalog//1588943848_5a762.jpg","https://tdp.com.ua/product/maska-svarochnaja-master-tool-otkidnaja-jaguar-2-81-0020.html","98","tdp"
"found","92-0306","ГОСПОДАР","Мишоловка - хлопавка 45*90 мм пластикова ГОСПОДАР 92-0306","C656D675-9EEA-11EB-AE88-BC5FF4F4F2AA","10","https://tdp.com.ua/images/catalog/upctlHZvOY/1464179750_164f5a33e0911ee1a820562f1c3d7f8f.jpg","https://tdp.com.ua/product/myshelovka-master-tool-92-0306-s-pruzhinnym-mehanizmomhlopushka-4590.html","98","tdp"
"found","81-0023","MASTER TOOL","Маска зварювальна з ручкою, скло 50х108 мм (лита) MASTER TOOL 81-0023","C05988F0-9EEA-11EB-AE88-BC5FF4F4F2AA","1","https://cdn.27.ua/799/e4/00/3204096_1.jpeg","https://epicentrk.ua/shop/maska-svarschika-mastertool-litaya-s-ruchkoy-steklo-50kh108-mm-81-0023.html","97","epicentr"
"found","15-1030","MASTER TOOL","Мітчик для нарізування різьблення M3*0,5 мм MASTER TOOL 15-1030","AD950992-9EEA-11EB-AE88-BC5FF4F4F2AA","3","https://tdp.com.ua/images/catalog/40GjgtBmXi/1617780861_49678.jpg","https://tdp.com.ua/product/metchik-dlja-narezanija-rezby-master-tool-m3x05-mm-15-1030.html","98","tdp"
"found","81-0022","MASTER TOOL","Маска зварювальна пластик ЄВРО 2, скло 80*110 мм MASTER TOOL 81-0022","C05988EE-9EEA-11EB-AE88-BC5FF4F4F2AA","2","https://cdn.27.ua/799/e3/fe/3204094_1.jpeg","https://epicentrk.ua/shop/maska-svarschika-mastertool-plastik-evro-2-steklo-80x110-mm-81-0022.html","97","epicentr"
"found","15-1084","MASTER TOOL","Мітчик для нарізування різьблення M8*1,25 мм MASTER TOOL 15-1084","CD5D4DEF-3815-11EC-B64C-BC5FF4F4F2AA","5","https://tdp.com.ua/images/catalog//1652257181_c5513.jpg","https://tdp.com.ua/product/metchik-dlja-narezanija-rezby-master-tool-m8x125-mm-15-1084.html","98","tdp"
"found","15-1063","MASTER TOOL","Мітчик для нарізування різьблення M6*1,0 мм MASTER TOOL 15-1063","CD5D4DED-3815-11EC-B64C-BC5FF4F4F2AA","1","https://cdn.27.ua/sc--media--prod/default/3a/8d/91/3a8d91a6-6c81-4743-89dc-8bde10af8e23.jpg","https://epicentrk.ua/shop/mplc-mitcik-dla-narizuvanna-riz-bi-mastertool-m6h1-0-mm-15-1063-1eeead4e-9c47-614e-a6a2-15c1864b2122.html","97","epicentr"
"found","15-1105","MASTER TOOL","Мітчик для нарізування різьблення M10*1,5 мм MASTER TOOL 15-1105","AD950994-9EEA-11EB-AE88-BC5FF4F4F2AA","3","https://cdn.27.ua/sc--media--prod/default/af/44/4e/af444efe-7b1c-404e-a7e3-35761ac15e6b.jpg","https://epicentrk.ua/shop/mplc-mitcik-dla-narizuvanna-riz-bi-mastertool-gm-m10h1-5-mm-15-1105-1ef167b4-0e6a-6146-9d54-0d87c224e81c.html","97","epicentr"
"found","15-1124","MASTER TOOL","Мітчик для нарізування різьблення M12*1,25 мм MASTER TOOL 15-1124","AD950996-9EEA-11EB-AE88-BC5FF4F4F2AA","5","https://cdn.27.ua/799/8f/ca/2723786_1.jpeg","https://epicentrk.ua/shop/metchik-ruchnoy-mastertool-m12x1-25-1-sht-15-1124.html","97","epicentr"
"found","15-1431","MASTER TOOL","Тримач для мітчиків M3-M12 MASTER TOOL 15-1431","AD95099A-9EEA-11EB-AE88-BC5FF4F4F2AA","2","https://tdp.com.ua/images/catalog//1583249290_72852.jpg","https://tdp.com.ua/product/derzhatel-dlja-metchikov-master-tool-m3-m12-15-1431.html","98","tdp"
"found","15-1436","MASTER TOOL","Тримач для мітчиків Т-подібний M3-M6 MASTER TOOL 15-1436","AD95099C-9EEA-11EB-AE88-BC5FF4F4F2AA","2","https://tdp.com.ua/images/catalog//1517302867_0cc4700fb3b47de7bcf12f3be56d8b3c.jpg","https://tdp.com.ua/product/derzhatel-dlja-metchikov-master-tool-t-obraznyj-m3-m6-15-1436.html","98","tdp"
"found","15-1406","MASTER TOOL","Набір мітчиків із Т-подібним тримачем 6 ел. (M4, M5, M6, M8, M10) MASTER TOOL 15-1406","AD950998-9EEA-11EB-AE88-BC5FF4F4F2AA","1","https://cdn.27.ua/sc--media--prod/default/4f/25/6c/4f256ca3-04de-4218-bf99-6c57ad4f1558.jpg","https://epicentrk.ua/shop/mplc-nabir-mitchikiv-mastertool-gm-6-sht-15-1406-1ecf1fc8-bc13-615e-a585-e9a8724bd20d.html","97","epicentr"
"found","02-0130","MASTER TOOL","Молоток для гіпсокартону 600 г MASTER TOOL 02-0130","AD9508DE-9EEA-11EB-AE88-BC5FF4F4F2AA","2","https://cdn.27.ua/799/27/b7/1058743_1.jpeg","https://epicentrk.ua/shop/molotok-dlya-gipsokartona-mastertool-600-g-02-0130.html","97","epicentr"
"found","02-0129","MASTER TOOL","Молоток зварювальника 300 г MASTER TOOL 02-0129","571DD69C-2C12-11EC-9962-BC5FF4F4F2AA","4","https://cdn.27.ua/799/27/b6/1058742_1.jpeg","https://epicentrk.ua/shop/molotok-svarochnyy-mastertool-300-g-02-0129.html","97","epicentr"
"found","02-0123","MASTER TOOL","Молоток муляра 600 г суцільнометалевий MASTER TOOL 02-0123","571DD69A-2C12-11EC-9962-BC5FF4F4F2AA","6","https://cdn.27.ua/799/8f/92/2723730_1.jpeg","https://epicentrk.ua/shop/molotok-dlya-kamenschika-mastertool-600-g-02-0123.html","97","epicentr"
"skipped","79-0121","MASTER TOOL","Ніж складаний ""BULAT"" 150*29*17 мм, чорне нержавіюче лезо, алюмінієва рукоятка MASTER TOOL 79-0121","CDC5256A-2F59-11ED-8E97-BC5FF4F4F2AA","2","","","","already_has_photo"
"skipped","79-0123","MASTER TOOL","Ніж складаний ""DAMASK"" 204*33*12 мм, чорне нержавіюче лезо, алюмінієва рукоятка MASTER TOOL 79-0123","CDC5256E-2F59-11ED-8E97-BC5FF4F4F2AA","7","","","","already_has_photo"
"skipped","79-0122","MASTER TOOL","Ніж складаний ""TITAN"" 201*33*16 мм, нержавіюче лезо, алюмінієва рукоятка MASTER TOOL 79-0122","CDC5256C-2F59-11ED-8E97-BC5FF4F4F2AA","8","","","","already_has_photo"
"found","02-0703","MASTER TOOL","Молоток столярний 600 г суцільнометалевий MASTER TOOL 02-0703","AD9508E0-9EEA-11EB-AE88-BC5FF4F4F2AA","4","https://tdp.com.ua/images/catalog//1517902039_d45ec4efd7135becd3e003f88c8ea503.jpg","https://tdp.com.ua/product/molotok-stoljarnyj-master-tool-600-g-celnometallicheskij-02-0703.html","98","tdp"
"found","02-0122","MASTER TOOL","Молоток покрівельний 600 г суцільнометалевий MASTER TOOL 02-0122","AD9508DA-9EEA-11EB-AE88-BC5FF4F4F2AA","1","https://cdn.27.ua/sc--media--prod/default/e2/d5/93/e2d5931a-65f4-4ec6-a005-e815c1bed40e.jpg","https://epicentrk.ua/shop/mplc-molotok-pokrivel-nij-mastertool-600-g-sucil-no-metalevij-02-0122-1ee797c3-9bdc-6878-8b80-43c53be849de.html","97","epicentr"
"found","92-0248","ГОСПОДАР","Точилка для ножів і ножиць електрична, 20 Вт ГОСПОДАР 92-0248","CC58638D-9EEA-11EB-AE88-BC5FF4F4F2AA","1","https://tdp.com.ua/images/catalog/oxd0Q5O5Tc/1559286647_f3ccd.jpg","https://tdp.com.ua/product/tochilo-dlja-nozhej-i-nozhnic-master-tool-elektricheskaja-220-v-92-0248.html","98","tdp"
"found","78-1208","MASTER TOOL","Набір довгих торцевих насадок CRV 1/2"", 8 шт MASTER TOOL 78-1208","B3B06304-9EEA-11EB-AE88-BC5FF4F4F2AA","2","https://tdp.com.ua/images/catalog/rtDZ6mm2gv/rtDZ6mm2gv1802156f179ab77f49ac1c8b93e7a05d_1425553838.jpg","https://tdp.com.ua/product/-nabor-dlinnyh-nasadok-master-tool-78-1208.html","98","tdp"
"found","78-1401","MASTER TOOL","Набір викруточних насадок CRV 1/4"", 11 шт MASTER TOOL 78-1401","B3B0630C-9EEA-11EB-AE88-BC5FF4F4F2AA","1","https://cdn.27.ua/sc--media--prod/default/2e/ef/85/2eef8537-f31c-4f30-8db1-256b8f1d5aaa.jpg","https://epicentrk.ua/shop/mplc-nabir-vikrutocnih-nasadok-mastertool-crv-1-4-ph1-2-3-pz1-2-3-h3-4-5-6-7-11-st-78-1401-1ee5c5d0-4c9e-6b42-b6c1-3346e45fde41.html","97","epicentr"
"found","78-1400","MASTER TOOL","Набір викруточних насадок CRV 1/4"", TORX 9 шт MASTER TOOL 78-1400","B3B0630A-9EEA-11EB-AE88-BC5FF4F4F2AA","2","https://cdn.27.ua/sc--media--prod/default/10/16/96/1016967f-8e1f-4bef-bb1e-b9029b2f8d82.jpg","https://epicentrk.ua/shop/mplc-nabir-vikrutocnih-nasadok-mastertool-crv-1-4-torx-t10-15-20-27-30-40-45-50-60-9-st-78-1400-1ee5c5d0-4c9e-6872-b211-adb3fa2de7de.html","97","epicentr"
"found","78-1210","MASTER TOOL","Набір торцевих насадок 6-гранних CRV 1/2"", 10 шт MASTER TOOL 78-1210","B3B06306-9EEA-11EB-AE88-BC5FF4F4F2AA","1","https://tdp.com.ua/images/catalog/qs8mXaI8Ue/qs8mXaI8Ue7e8c7ebf242ae1df5935c2e4d9e286e1_1425554172.jpg","https://tdp.com.ua/product/-nabor-nasadok-master-tool-78-1210.html","98","tdp"
"found","78-1211","MASTER TOOL","Набір торцевих насадок 6-гранних CRV 1/2"", 10 шт MASTER TOOL 78-1211","B3B06308-9EEA-11EB-AE88-BC5FF4F4F2AA","1","https://tdp.com.ua/images/catalog/44ha0rY7Yu/44ha0rY7Yu7e8c7ebf242ae1df5935c2e4d9e286e1_1425554335.jpg","https://tdp.com.ua/product/nabor-nasadok-master-tool-78-1211.html","98","tdp"
"found","78-1410","MASTER TOOL","Набір торцевих насадок CRV 1/4"", 10 шт. MASTER TOOL 78-1410","B3B06310-9EEA-11EB-AE88-BC5FF4F4F2AA","2","https://tdp.com.ua/images/catalog/Io9wZxXnKh/Io9wZxXnKhd75e9cbe41e705b4bcaaf8946d67ca07_1425555351.jpg","https://tdp.com.ua/product/nabor-nasadok-master-tool--78-1410.html","98","tdp"
"found","78-3808","MASTER TOOL","Набір торцевих насадок CRV, E-TORX 3/8"", E8-E20, 8 шт MASTER TOOL 78-3808","B3B06314-9EEA-11EB-AE88-BC5FF4F4F2AA","1","https://cdn.27.ua/799/55/ca/6313418_2.jpeg","https://epicentrk.ua/shop/nabor-ruchnogo-instrumenta-mastertool-crv-e-torx-3-8-e8-e20-8-sht-78-3808.html","97","epicentr"
"found","78-1409","MASTER TOOL","Набір торцевих насадок CRV, E-TORX 9 шт MASTER TOOL 78-1409","B3B0630E-9EEA-11EB-AE88-BC5FF4F4F2AA","1","https://tdp.com.ua/images/catalog/YxjMjJxHR4/YxjMjJxHR43bff4c8b0819661b3a560e5d52d10763_1425555163.jpg","https://tdp.com.ua/product/nabor-nasadok-master-tool-78-1409-torx.html","98","tdp"
"found","14-1405","MASTER TOOL","Набір для викручування гвинтів зірваних 5 шт (екстрактори) MASTER TOOL 14-1405","AD9509A2-9EEA-11EB-AE88-BC5FF4F4F2AA","2","https://tdp.com.ua/images/catalog/uvPCIQdLSg/uvPCIQdLSg1249884439dcb80f44b9fa294f7cd2cb_1425651226.jpg","https://tdp.com.ua/product/nabor-dlja-vykruchivanija-sorvannyh-vintov-master-tool-14-1405.html","98","tdp"
"found","78-6023","MASTER TOOL","Набір насадок торцевих CRV 1/2” з тріскачкою 24 зуби, 23 шт. MASTER TOOL 78-6023","B3B06294-9EEA-11EB-AE88-BC5FF4F4F2AA","1","https://cdn.27.ua/799/e2/31/582193_1.jpeg","https://epicentrk.ua/shop/nabor-golovok-1-2-master-tool-23-sht-78-6023.html","97","epicentr"
"found","12-2572","MASTER TOOL","Набір фрез для дерева 19-127 мм (16 шт.) MASTER TOOL 12-2572","A172A0FE-9EEA-11EB-AE88-BC5FF4F4F2AA","1","https://tdp.com.ua/images/catalog/PAEAPKCZ0c/PAEAPKCZ0ceaac1beb7216d73c769724cde26d3d68_1427720205.jpg","https://tdp.com.ua/product/nabor-frez-po-derevu-master-tool-12-2572-19-127mm.html","98","tdp"
"found","10-40-004","GRANITE","Набір для викручування зірваних гвинтів 4 шт (екстрактори) GRANITE 10-40-004","AD9509A0-9EEA-11EB-AE88-BC5FF4F4F2AA","2","https://cdn.27.ua/799/7c/81/7044225_1.jpeg","https://epicentrk.ua/shop/nabir-ekstraktoriv-m5-m14-2-8-6-mm-hex-granite-4-sht-10-40-004.html","97","epicentr"
"found","12-2570","MASTER TOOL","Набір фрез для дерева 19-64 мм (11 шт) MASTER TOOL 12-2570","A172A0FA-9EEA-11EB-AE88-BC5FF4F4F2AA","2","https://tdp.com.ua/images/catalog/KplgpWtdJ7/1556780547_b975b.jpg","https://tdp.com.ua/product/nabor-frez-master-tool-po-derevu-19-64-mm-12-2570.html","98","tdp"
"found","12-2571","MASTER TOOL","Набір фрез для дерева 64-127 мм (8 шт.) MASTER TOOL 12-2571","A172A0FC-9EEA-11EB-AE88-BC5FF4F4F2AA","1","https://tdp.com.ua/images/catalog/5QFXta0GJY/5QFXta0GJY_1408450816.jpg","https://tdp.com.ua/product/nabor-koronok-po-derevu-master-tool-12-2571-64-127-8sht.html","98","tdp"
"found","78-0345","MASTER TOOL","Набір інструмента ""Помічник"" 44 елементи MASTER TOOL 78-0345","B3B062AA-9EEA-11EB-AE88-BC5FF4F4F2AA","2","https://cdn.27.ua/sc--media--prod/default/eb/bc/52/ebbc5225-6aab-4900-ad95-f7449a859b92.jpg","https://epicentrk.ua/shop/mplc-nabir-instrumentu-mastertool-44-od-78-0345-1f0c4904-1ac2-6de8-b7ec-e7b2c7d8ca62.html","97","epicentr"
"found","78-0309","ГОСПОДАР","Набір інструментів ""Господар"" 9 елементів MASTER TOOL 78-0309","B3B062A0-9EEA-11EB-AE88-BC5FF4F4F2AA","3","https://tdp.com.ua/images/catalog/no5om3ENLr/no5om3ENLrcf0f4b9232521733905dd55fafef9ead_1425542157.jpg","https://tdp.com.ua/product/nabor-instrumentov-master-tool-78-0309.html","98","tdp"
"found","78-0357","MASTER TOOL","Набір інструментів ""Майстер"" 57 елементів MASTER TOOL 78-0357","B3B062AE-9EEA-11EB-AE88-BC5FF4F4F2AA","1","https://tdp.com.ua/images/catalog/YZcG4s0qpR/1727505507_84b6b.jpg","https://tdp.com.ua/product/nabor-instrumentov-master-tool-78-0357.html","98","tdp"
"found","78-0330","MASTER TOOL","Набір інструментів ""Професіонал"" 149 елементів MASTER TOOL 78-0330","B3B062A8-9EEA-11EB-AE88-BC5FF4F4F2AA","5","https://tdp.com.ua/images/catalog/4mGFYW1weL/1727504753_3a8b7.jpg","https://tdp.com.ua/product/nabor-instrumentov-master-tool-78-0330.html","98","tdp"
"found","78-0308","MASTER TOOL","Набір інструментів ""Технік"" 8 елементів MASTER TOOL 78-0308","B3B0629E-9EEA-11EB-AE88-BC5FF4F4F2AA","2","https://cdn.27.ua/sc--media--prod/default/60/99/c9/6099c93b-c69e-4b41-9771-de4b9b1acc7d.jpg","https://epicentrk.ua/shop/mplc-nabir-instrumentu-mastertool-tehnik-8-elementiv-78-0308-1ee5c49d-4c10-6b28-a398-87adb85cacc5.html","97","epicentr"
"found","78-0317","MASTER TOOL","Набір інструментів ""Універсал"" 17 елементів MASTER TOOL 78-0317","B3B062A6-9EEA-11EB-AE88-BC5FF4F4F2AA","2","https://tdp.com.ua/images/catalog/s4KtH8nOwl/s4KtH8nOwl5cf20fe0a3860982b50d65b91f0500ed_1425543845.jpg","https://tdp.com.ua/product/nabor-instrumentov-master-tool-78-0317.html","98","tdp"
"found","78-0312","MASTER TOOL","Набір інструментів ""Умілець"" 12 елементів MASTER TOOL 78-0312","B3B062A2-9EEA-11EB-AE88-BC5FF4F4F2AA","2","https://cdn.27.ua/sc--media--prod/default/4b/ea/98/4bea98a0-c93c-4520-91e2-10ed00170140.jpg","https://epicentrk.ua/shop/mplc-nabir-instrumentu-mastertool-umilec-12-elementiv-78-0312-1edbe83f-fdf5-6346-a5a9-4f5c07d69ae1.html","97","epicentr"
"found","78-0315","MASTER TOOL","Набір інструментів 15 елементів MASTER TOOL 78-0315","B3B062A4-9EEA-11EB-AE88-BC5FF4F4F2AA","2","https://tdp.com.ua/images/catalog/2j7GIsC1gl/2j7GIsC1glf5325641f08025aa996dcf1e7613e90c_1425542469.jpg","https://tdp.com.ua/product/nabor-instrumentov-master-tool-78-0315.html","98","tdp"
"found","78-7108","MASTER TOOL","Набір інструментів 108 шт 4-14 мм 10-32 мм кейс 78-7108 MASTER TOOL 78-7108","C796CF6E-F414-11EF-9EB8-BC5FF4F4F2AA","2","https://tdp.com.ua/images/catalog//1747653269_ae074.jpg","https://tdp.com.ua/product/nabir-instrumentiv-z-triskachkoju-master-tool-108sht-78-7108.html","98","tdp"
"found","78-0307","MASTER TOOL","Набір інструменту ""Любитель"" 7 елементів MASTER TOOL 78-0307","B3B0629C-9EEA-11EB-AE88-BC5FF4F4F2AA","3","https://cdn.27.ua/sc--media--prod/default/3d/96/bc/3d96bc6f-9cc6-49f7-a3be-4e354392d7a8.jpg","https://epicentrk.ua/shop/mplc-nabir-instrumentiv-mastertool-lubitel-7-elementiv-78-0307-1edbe83f-fd75-64ca-87ab-4f5c07d69ae1.html","97","epicentr"
"found","78-3039","MASTER TOOL","Набір ключів та насадок торцевих CRV 3/8"", 39 шт. MASTER TOOL 78-3039","B3B0626E-9EEA-11EB-AE88-BC5FF4F4F2AA","1","https://cdn.27.ua/sc--media--prod/default/df/a7/48/dfa7484b-252c-4a94-ac43-7e10dd0d0206.jpg","https://epicentrk.ua/shop/mplc-nabir-kluciv-i-nasadok-torcevih-mastertool-crv-3-8-39-st-78-3039-1ee5855a-ff34-67c2-9bb2-7173c5d844df.html","97","epicentr"
"found","78-1311","MASTER TOOL","Набір насадок торцевих CRV, 1/2"", 8-19 мм, тріскачка 72Т, 11 шт. MASTER TOOL 78-1311","B3B06262-9EEA-11EB-AE88-BC5FF4F4F2AA","1","https://cdn.27.ua/sc--media--prod/default/ba/09/fa/ba09fa59-e121-4003-99db-8d201404e8d5.jpg","https://epicentrk.ua/shop/mplc-nabir-nasadok-tortsevikh-mastertool-gm-crv-1-2-triskachka-72t-11-sht-78-1311-1ec52a3d-2fac-69de-9f2a-c9df21744e54.html","97","epicentr"
"found","78-4021","MASTER TOOL","Набір торцевих насадок CrV 1/2” 10-32 мм, тріскачка 72Т, 21 шт. MASTER TOOL 78-4021","B3B06274-9EEA-11EB-AE88-BC5FF4F4F2AA","2","https://tdp.com.ua/images/catalog/IWVXJkyGFH/IWVXJkyGFHa9ac09306fda88200f8f4c5e978ca135_1425558797.jpg","https://tdp.com.ua/product/-nabor-kljuchej-i-nasadok-master-tool-78-4021.html","98","tdp"
"found","78-0382","MASTER TOOL","Набір інструменту ""Спеціаліст"" 82 елементи MASTER TOOL 78-0382","B3B062B0-9EEA-11EB-AE88-BC5FF4F4F2AA","3","https://cdn.27.ua/sc--media--prod/default/e0/d6/77/e0d677af-1f5a-4919-ac78-962d182bda9b.jpg","https://epicentrk.ua/shop/mplc-nabir-instrumentu-mastertool-specialist-82-elementi-78-0382-1ee5c49d-4b2f-6678-9eeb-c9d9b580d2d6.html","97","epicentr"
"found","78-5072","MASTER TOOL","Набір торцевих насадок CrV 1/4"" - 1/2"", тріскачка 72Т, 72 шт. MASTER TOOL 78-5072","B3B06280-9EEA-11EB-AE88-BC5FF4F4F2AA","1","https://tdp.com.ua/images/catalog/u2wwOwYKq5/u2wwOwYKq5a9ac09306fda88200f8f4c5e978ca135_1425559017.jpg","https://tdp.com.ua/product/nabor-kljuchej-i-nasadok-master-tool-78-5072.html","98","tdp"
"found","78-2047","MASTER TOOL","Набір торцевих насадок CrV 1/4” 4-14 мм, тріскачка 72Т, 46 шт. MASTER TOOL 78-2047","B3B0626C-9EEA-11EB-AE88-BC5FF4F4F2AA","1","https://tdp.com.ua/images/catalog/VTNpx0gY5b/1686032736_238a1.jpg","https://tdp.com.ua/product/nabor-kljuchei-i-nasadok-master-tool-78-2047.html","98","tdp"
"found","78-1312","MASTER TOOL","Набір торцевих насадок CRV 1/2” 8-19 мм, подовжувач 125 мм, тріскачка 72Т,12 шт. MASTER TOOL 78-1312","B3B06264-9EEA-11EB-AE88-BC5FF4F4F2AA","1","https://cdn.27.ua/sc--media--prod/default/5e/f3/fb/5ef3fbed-d0ab-467c-a024-49e2fd872213.jpg","https://epicentrk.ua/shop/mplc-nabir-nasadok-torcevih-mastertool-crv-1-2-8-19-mm-podovzuvac-125-mm-12-st-78-1312-1ee5c49d-71eb-6b72-b5ff-bf7a348a4830.html","97","epicentr"
"found","78-1412","MASTER TOOL","Набір торцевих насадок PROFI CrV 1/4” 4-13 мм, подовжувач 100 мм, 12 шт. MASTER TOOL 78-1412","B3B06266-9EEA-11EB-AE88-BC5FF4F4F2AA","1","https://tdp.com.ua/images/catalog/JS1xc037YZ/JS1xc037YZ17830e48db18928355e5637e31ca7c56_1425558206.jpg","https://tdp.com.ua/product/-nabor-nasadok-s-trecshotkoj-master-tool-78-1412.html","98","tdp"
"found","78-3821","MASTER TOOL","Набір торцевих насадок CRV 3/8” 6-24 мм, подовжувач 150 мм, тріскачка 72Т, 21 шт MASTER TOOL 78-3821","B3B06272-9EEA-11EB-AE88-BC5FF4F4F2AA","1","https://cdn.27.ua/799/55/c6/6313414_2.jpeg","https://epicentrk.ua/shop/nabor-ruchnogo-instrumenta-mastertool-crv-3-8-6-24-mm-21-sht-78-3821.html","97","epicentr"
"found","78-3812","MASTER TOOL","Набір торцевих насадок CrV 3/8” 10-24 мм, подовжувач 150 мм, тріскачка 72Т,12 шт MASTER TOOL 78-3812","B3B06270-9EEA-11EB-AE88-BC5FF4F4F2AA","1","https://cdn.27.ua/799/55/c4/6313412_1.jpeg","https://epicentrk.ua/shop/nabor-ruchnogo-instrumenta-mastertool-crv-3-8-10-24-mm-12-sht-78-3812.html","97","epicentr"
"found","2-08-005","GRANITE","Набір корончастих свердлів для плитки 5 шт 33-83 мм, вольфрамове напилення+ напилок GRANITE 2-08-005","A172A148-9EEA-11EB-AE88-BC5FF4F4F2AA","1","https://tdp.com.ua/images/catalog/yzUVlsWPxO/yzUVlsWPxOfa0a77f619_1440569934.jpg","https://tdp.com.ua/product/nabor-koronchatyh-sverl-dlja-plitki-granite-2-08-005-33-83mm.html","98","tdp"
"found","14-2820","MASTER TOOL","Пильне полотно для лобзика по дереву 5 шт PROGRESSOR, чистий прямий різ L116 мм MASTER TOOL 14-2820","A7773E37-9EEA-11EB-AE88-BC5FF4F4F2AA","2","https://tdp.com.ua/images/catalog//1559894168_15600.jpg","https://tdp.com.ua/product/pilnoe-polotno-master-tool-dlja-lobzika-t234x-812tpi-l116-mm-14-2820.html","98","tdp"
"found","14-2803","MASTER TOOL","Пильне полотно для лобзика по дереву 5 шт, 6TPI, L 100 мм T144D MASTER TOOL 14-2803","A7773E19-9EEA-11EB-AE88-BC5FF4F4F2AA","7","https://tdp.com.ua/images/catalog/5eGMaAdy4q/1559804035_f3ccd.jpg","https://tdp.com.ua/product/pilnoe-polotno-master-tool-dlja-lobzika-po-derevu-6tpi-l100-mm-14-2803.html","98","tdp"
"found","2-08-200","GRANITE","Платформа для свердла корончатого 33-83мм зі свердлом, GRANITE 2-08-200","61F60469-2BFA-11EC-9962-BC5FF4F4F2AA","2","https://cdn.27.ua/799/56/36/6313526_2.jpeg","https://epicentrk.ua/shop/trymach-dlia-sverdel-granit-koronchatoho-33-83mm-zi-sverdlom-1-sht-2-08-200.html","97","epicentr"
"found","14-2811","MASTER TOOL","Пильне полотно для лобзика по металу 5 шт, 21TPI, L 77 мм T118A MASTER TOOL 14-2811","A7773E29-9EEA-11EB-AE88-BC5FF4F4F2AA","3","https://tdp.com.ua/images/catalog/jsMSIGcr4G/jsMSIGcr4G1b8a1f1bb88b956598c97c57fe9512b8_1427782251.jpg","https://tdp.com.ua/product/pilnoe-polotno-master-tool-dlja-lobzika-t118a-21tpi-l77-mm-14-2811.html","98","tdp"
"found","14-1403","MASTER TOOL","Набір плашок 4 ел. для нарізування різьблення 1/2""; 3/4""; 1""; 1-1/4"" MASTER TOOL 14-1403","AD950972-9EEA-11EB-AE88-BC5FF4F4F2AA","1","https://tdp.com.ua/images/catalog/VKb5gnURKh/1479722876_f6f2aea2afe3ef6559d84f1aa64b879a.jpg","https://tdp.com.ua/product/nabor-plashek-mastertool-14-1403-santehnicheskij-4-sht-.html","98","tdp"
"found","15-0030","MASTER TOOL","Плашка для нарізування різьблення M 3*0,5 мм MASTER TOOL 15-0030","AD95097C-9EEA-11EB-AE88-BC5FF4F4F2AA","4","https://tdp.com.ua/images/catalog//1562152810_71a9b.jpg","https://tdp.com.ua/product/plashka-master-tool-m-3x05-mm-15-0030.html","98","tdp"
"found","15-0041","MASTER TOOL","Плашка для нарізування різьблення M 4*0,7 мм MASTER TOOL 15-0041","AD95097E-9EEA-11EB-AE88-BC5FF4F4F2AA","4","https://tdp.com.ua/images/catalog//1562153480_26530.jpg","https://tdp.com.ua/product/plashka-master-tool-m-4x07-mm-15-0041.html","98","tdp"
"found","15-0052","MASTER TOOL","Плашка для нарізування різьблення M 5*0,8 мм MASTER TOOL 15-0052","AD950980-9EEA-11EB-AE88-BC5FF4F4F2AA","4","https://tdp.com.ua/images/catalog//1562153822_26530.jpg","https://tdp.com.ua/product/plashka-master-tool-m-5x08-mm-15-0052.html","98","tdp"
"found","15-0406","MASTER TOOL","Набір плашок із тримачем 6 ел. (M4, M5, M6, M8, M10) MASTER TOOL 15-0406","AD950990-9EEA-11EB-AE88-BC5FF4F4F2AA","1","https://cdn.27.ua/799/27/c7/1058759_1.jpeg","https://epicentrk.ua/shop/nabir-plashok-z-trymachem-mastertool-5-sht-15-0406.html","97","epicentr"
"found","15-0063","MASTER TOOL","Плашка для нарізування різьблення M 6*1,0 мм MASTER TOOL 15-0063","AD950982-9EEA-11EB-AE88-BC5FF4F4F2AA","4","https://tdp.com.ua/images/catalog//1562153068_71a9b.jpg","https://tdp.com.ua/product/plashka-master-tool-m-6x10-mm-15-0063.html","98","tdp"
"found","15-0084","MASTER TOOL","Плашка для нарізування різьблення M 8*1,25 мм MASTER TOOL 15-0084","AD950984-9EEA-11EB-AE88-BC5FF4F4F2AA","2","https://tdp.com.ua/images/catalog//1562154038_26530.jpg","https://tdp.com.ua/product/plashka-master-tool-m-8x125-mm-15-0084.html","98","tdp"
"found","15-0104","MASTER TOOL","Плашка для нарізування різьблення M10*1,25 мм MASTER TOOL 15-0104","AD950986-9EEA-11EB-AE88-BC5FF4F4F2AA","3","https://tdp.com.ua/images/catalog//1562154192_26530.jpg","https://tdp.com.ua/product/plashka-master-tool-m-10x125-mm-15-0104.html","98","tdp"
"found","15-0105","MASTER TOOL","Плашка для нарізування різьблення M10*1,5 мм MASTER TOOL 15-0105","AD950988-9EEA-11EB-AE88-BC5FF4F4F2AA","5","https://tdp.com.ua/images/catalog//1562154542_26530.jpg","https://tdp.com.ua/product/plashka-master-tool-m-10x15-mm-15-0105.html","98","tdp"
"found","15-0126","MASTER TOOL","Плашка для нарізування різьблення M12*1,75 мм MASTER TOOL 15-0126","AD95098C-9EEA-11EB-AE88-BC5FF4F4F2AA","2","https://tdp.com.ua/images/catalog//1562155494_26530.jpg","https://tdp.com.ua/product/plashka-master-tool-m-12x175-mm-15-0126.html","98","tdp"
"found","15-0124","MASTER TOOL","Плашка для нарізування різьблення M12*1,25 мм MASTER TOOL 15-0124","AD95098A-9EEA-11EB-AE88-BC5FF4F4F2AA","2","https://tdp.com.ua/images/catalog//1562155342_26530.jpg","https://tdp.com.ua/product/plashka-master-tool-m-12x125-mm-15-0124.html","98","tdp"
"found","15-0003","MASTER TOOL","Плашка для нарізування різьблення сантехнічна 1 1/4"" MASTER TOOL 15-0003","AD95097A-9EEA-11EB-AE88-BC5FF4F4F2AA","1","https://tdp.com.ua/images/catalog//1504617067_c5a77dc64bd3512494e74dabf8d7779f.jpg","https://tdp.com.ua/product/plashka-santehnicheskaja-mastertool-1-14-15-0003.html","98","tdp"
"found","15-0002","MASTER TOOL","Плашка для нарізування різьблення сантехнічна 1"" MASTER TOOL 15-0002","AD950978-9EEA-11EB-AE88-BC5FF4F4F2AA","1","https://tdp.com.ua/images/catalog//1517226013_453998361eb241cae0bc0f09fcebdd8b.jpg","https://tdp.com.ua/product/plashka-santehnicheskaja-master-tool-hrc-52-62-1-15-0002.html","98","tdp"
"found","15-0000","MASTER TOOL","Плашка для нарізування різьблення сантехнічна 1/2"" MASTER TOOL 15-0000","AD950974-9EEA-11EB-AE88-BC5FF4F4F2AA","1","https://tdp.com.ua/images/catalog//1583242032_7f46c.jpg","https://tdp.com.ua/product/plashka-santehnicheskaja-mastertool-12-15-0000.html","98","tdp"
"found","15-0259","MASTER TOOL","Тримач для плашок 25*9 MASTER TOOL 15-0259","AD95098E-9EEA-11EB-AE88-BC5FF4F4F2AA","8","https://tdp.com.ua/images/catalog//1517305374_c427283b8a1d9702c969164694572b0f.jpg","https://tdp.com.ua/product/derzhatel-dlja-plashek-master-tool-259-15-0259.html","98","tdp"
"found","81-8738","MASTER TOOL","Набір пневмоінструменту 5 шт KIT ВБ MASTER TOOL 81-8738","B3B06448-9EEA-11EB-AE88-BC5FF4F4F2AA","1","https://tdp.com.ua/images/catalog/LoklgfeseR/LoklgfeseR4bb860fc6913ceddad32eaa5c140c74b_1427800768.jpg","https://tdp.com.ua/product/nabor-pnevmoinstrumenta-master-tool-81-8738.html","98","tdp"
"found","14-0600","MASTER TOOL","Набір свердел для дерева перових 6 шт (10, 12,16,18,20, 25 мм) MASTERTOOL 14-0600","A172A0E8-9EEA-11EB-AE88-BC5FF4F4F2AA","2","https://tdp.com.ua/images/catalog/VD8Q2saC6n/VD8Q2saC6n73926cdf396d9392be6d490590d60211_1427709071.jpg","https://tdp.com.ua/product/nabor-svjorl-po-derevu-master-tool-14-0600-10-25-mm.html","98","tdp"
"found","40-0381","MASTER TOOL","Насадки викруткові набір 7 штук з утримувачем MASTER TOOL 40-0381","571DD6CC-2C12-11EC-9962-BC5FF4F4F2AA","3","https://tdp.com.ua/images/catalog/xNQa66PR21/xNQa66PR2137431a102f4598cd647f6c7204bcd1bd_1428588083.jpg","https://tdp.com.ua/product/nabor-bit-s-magnitom-master-tool-7-shtuk.html","86","tdp"
"found","06-0020","MASTER TOOL","Надфілі 140 мм, набір 10 шт MASTER TOOL 06-0020","AD950870-9EEA-11EB-AE88-BC5FF4F4F2AA","2","https://tdp.com.ua/images/catalog/wGqYd1DY0O/wGqYd1DY0O189ab64b5038c02469b9ef6ee181966e_1425649195.jpg","https://tdp.com.ua/product/nabor-nadfilej-master-tool-06-0020-10-sht.html","98","tdp"
"found","81-8737","MASTER TOOL","Набір пневмоінструменту 3 шт KIT MASTER TOOL 81-8737","B3B06446-9EEA-11EB-AE88-BC5FF4F4F2AA","3","https://cdn.27.ua/799/55/ce/6313422_1.jpeg","https://epicentrk.ua/shop/nabor-pnevmoinstrumenta-kit-vb-3-elementa-mastertool-81-8737.html","97","epicentr"
"skipped","06-0000","MASTER TOOL","Напильник для заточування ланцюгів ""Штиль"" 4.0мм MASTER TOOL 06-0000","AD950862-9EEA-11EB-AE88-BC5FF4F4F2AA","13","","","","already_has_photo"
"skipped","06-0001","MASTER TOOL","Напильник для заточування ланцюгів ""Штиль"" 4.8мм MASTER TOOL 06-0001","AD950864-9EEA-11EB-AE88-BC5FF4F4F2AA","14","","","","already_has_photo"
"found","06-0011","MASTER TOOL","Надфілі алмазні 140 мм, набір 6 шт MASTER TOOL 06-0011","AD95086E-9EEA-11EB-AE88-BC5FF4F4F2AA","1","https://cdn.27.ua/sc--media--prod/default/e9/3b/e1/e93be108-e085-4b97-82a6-34b3a4ccde46.jpg","https://epicentrk.ua/shop/mplc-nadfili-mastertool-gm-almazni-140-mm-6-sht-06-0011-1ec25e87-b286-617c-8cbe-19f909a63483.html","97","epicentr"
"found","06-0010","MASTER TOOL","Надфілі 140 мм, набір 6 шт MASTER TOOL 06-0010","AD95086C-9EEA-11EB-AE88-BC5FF4F4F2AA","2","https://ultra-svet.com/image/cache/catalog/tovari/elektromontazh/modulyniy-krepezh/nakonechniki/dt-800x800.jpg","https://ultra-svet.com/mednyj-kabelnyj-nakonechnik-eendstanddtb185-enext-s060010","99","ultra-svet"
"found","06-0200","MASTER TOOL","Напильник по металу, 200 мм, MASTER TOOL 06-0200","AD950872-9EEA-11EB-AE88-BC5FF4F4F2AA","2","https://cdn.27.ua/sc--media--prod/default/9c/90/8b/9c908b2d-760c-43d7-9e74-37be50f9080a.jpg","https://epicentrk.ua/shop/mplc-napilok-po-metalu-ploskij-mastertool-gm-200-mm-06-0200-1eec1081-7778-6ece-b33b-63988f14ee34.html","97","epicentr"
"found","06-0204","MASTER TOOL","Напильник по металу, 200 мм, квадратний MASTER TOOL 06-0204","AD95087A-9EEA-11EB-AE88-BC5FF4F4F2AA","4","https://cdn.27.ua/sc--media--prod/default/53/b6/0e/53b60e42-d8f4-4885-8f92-c02a7dd4df37.jpg","https://epicentrk.ua/shop/mplc-napil-nik-po-metalu-mastertool-gm-200-mm-06-0204-1ef24a12-92a9-631c-92eb-8f06bd4423a3.html","97","epicentr"
"found","06-0203","MASTER TOOL","Напильник по металу, 200 мм, круглий MASTER TOOL 06-0203","AD950878-9EEA-11EB-AE88-BC5FF4F4F2AA","2","https://tdp.com.ua/images/catalog/00e31E4Ux0_06-0203/1640174972_05219.jpg","https://tdp.com.ua/product/napilnik-po-metallu-master-tool-200-mm-kruglyj-06-0203.html","98","tdp"
"found","06-0250","MASTER TOOL","Напильники по металу 5 шт, 200 мм, MASTER TOOL 06-0250","AD95087E-9EEA-11EB-AE88-BC5FF4F4F2AA","1","https://tdp.com.ua/images/catalog/T1bjPz5sli/T1bjPz5slia540234eb97e19a4f14cd834fcc74619_1425649947.jpg","https://tdp.com.ua/product/napilniki-po-metallu-master-tool-06-0250-5-sht.html","98","tdp"
"found","06-0202","MASTER TOOL","Напильник по металу, 200 мм, напівкруглий MASTER TOOL 06-0202","AD950876-9EEA-11EB-AE88-BC5FF4F4F2AA","3","https://cdn.27.ua/sc--media--prod/default/02/0d/5a/020d5a83-feb2-4b86-91d7-fa8a4d40a117.jpg","https://epicentrk.ua/shop/mplc-napil-nik-po-metalu-mastertool-gm-200-mm-06-0202-1ef24a35-ecf9-6d8a-a4fa-0dee76246560.html","97","epicentr"
"found","06-0002","MASTER TOOL","Планка для заточування ланцюгів 4.0мм MASTER TOOL 06-0002","AD950866-9EEA-11EB-AE88-BC5FF4F4F2AA","5","https://tdp.com.ua/images/catalog/JEzoHF7qC9/JEzoHF7qC9bb15d87d77c70eb5abdbca4972c2b064_1425648612.jpg","https://tdp.com.ua/product/planka-dlja-zatochki-cepej-master-tool-d40-mm-06-0002.html","98","tdp"
"found","06-0004","MASTER TOOL","Розведення для пилок MASTER TOOL 06-0004","AD95086A-9EEA-11EB-AE88-BC5FF4F4F2AA","1","https://tdp.com.ua/images/catalog/DAbxCGKN1H/1557997924_68378.jpg","https://tdp.com.ua/product/razvodka-dlja-pil-master-tool-06-0004.html","98","tdp"
"found","06-0201","MASTER TOOL","Напильник по металу, 200 мм, тригранний MASTER TOOL 06-0201","AD950874-9EEA-11EB-AE88-BC5FF4F4F2AA","4","https://cdn.27.ua/799/72/6c/2257516_1.jpeg","https://epicentrk.ua/shop/napilnik-mastertool-200-mm-trekhgrannyy-dlya-metalla-1-sht-06-0201.html","97","epicentr"
"skipped","92-9139","ГОСПОДАР","Насадка для поливу ""Булава"" ГОСПОДАР 92-9139","C0598BF4-9EEA-11EB-AE88-BC5FF4F4F2AA","16","","","","already_has_photo"
"skipped","92-9142","ГОСПОДАР","Насадка для поливу ""Булава"" економ ГОСПОДАР 92-9142","C0598BFA-9EEA-11EB-AE88-BC5FF4F4F2AA","12","","","","already_has_photo"
"found","21-0700","MASTER TOOL","Пістолет для заклепок ПРОФІ, CrMo, 210 мм Ø 2,4/3,2/4,0/4,8 мм MASTER TOOL 21-0700","A7773E77-9EEA-11EB-AE88-BC5FF4F4F2AA","1","https://tdp.com.ua/images/catalog/FuBGpxSev4/1560169003_f3ccd.jpg","https://tdp.com.ua/product/pistolet-dlja-zaklepok-mastertool-profi-210-mm-21-0700.html","98","tdp"
"found","92-9113","ГОСПОДАР","Насадка для поливу ""Морква"" цанга 1/2"" ГОСПОДАР 92-9113","C0598BDE-9EEA-11EB-AE88-BC5FF4F4F2AA","1","https://tdp.com.ua/images/catalog/GC2tTY3fnH/1558507032_c5f9c.jpg","https://tdp.com.ua/product/nasadka-dlja-poliva-master-tool-morkovka-12-sld-92-9113.html","98","tdp"
"found","92-9116","ГОСПОДАР","Пістолет для поливу ""Душ"" ГОСПОДАР 92-9116","C0598BE2-9EEA-11EB-AE88-BC5FF4F4F2AA","2","https://tdp.com.ua/images/catalog/lyefnVaXbN/1558506296_c5f9c.jpg","https://tdp.com.ua/product/pistolet-dlja-poliva-master-tool-92-9116.html","98","tdp"
"skipped","92-9118","ГОСПОДАР","Пістолет для поливу ""Душ"" з курком ГОСПОДАР 92-9118","C0598BE6-9EEA-11EB-AE88-BC5FF4F4F2AA","1","","","","already_has_photo"
"skipped","10-05-500","GRANITE","Насадки викрутки з обмежувачем РН2х50 мм S2 2 шт GRANITE 10-05-500","6E1BB564-8E64-11EC-BDD9-BC5FF4F4F2AA","8","","","","already_has_photo"
"found","10-01-251","GRANITE","Насадки викруткові РН1*25 мм, S2, 10 шт GRANITE 10-01-251","B3B061F2-9EEA-11EB-AE88-BC5FF4F4F2AA","5","https://tdp.com.ua/images/catalog/DeYYYZLnU6/DeYYYZLnU62dd7b897cfbdd30521a87d9f6c8f3964_1425381017.jpg","https://tdp.com.ua/product/bity-master-tool-10-01-251-granite-10-sht.html","98","tdp"
"skipped","10-01-501","GRANITE","Насадки викруткові РН1*50 мм, S2, 10 шт GRANITE 10-01-501","B3B061F6-9EEA-11EB-AE88-BC5FF4F4F2AA","8","","","","already_has_photo"
"found","10-01-500","GRANITE","Насадки викруткові РН1*50 мм, S2, 2 шт GRANITE 10-01-500","B3B061F4-9EEA-11EB-AE88-BC5FF4F4F2AA","8","https://tdp.com.ua/images/catalog/oSW0JHLjS7/oSW0JHLjS72dd7b897cfbdd30521a87d9f6c8f3964_1425382079.jpg","https://tdp.com.ua/product/bity-master-tool-10-01-500-granite-2-sht.html","98","tdp"
"found","10-05-501","GRANITE","Насадки викрутки з обмежувачем РН2*50 мм, S2, 10 шт GRANITE 10-05-501","B3B06206-9EEA-11EB-AE88-BC5FF4F4F2AA","3","https://cdn.27.ua/799/91/54/2724180_1.jpeg","https://epicentrk.ua/shop/bita-granit-s-ogranichitelem-rn2-50-mm-s2-10-sht-10-05-501.html","97","epicentr"
"found","10-26-651","GRANITE","Насадки викруткові РН2-SL6х65 мм S2 10 шт GRANITE 10-26-651","6E1BB56E-8E64-11EC-BDD9-BC5FF4F4F2AA","2","https://tdp.com.ua/images/catalog/mo8W6TNqqs/mo8W6TNqqs917d5f15e13cd9f11c4816a944c65f92_1425308349.jpg","https://tdp.com.ua/product/bita-master-tool-rn2-sl665-mm-10-sht.html","86","tdp"
"found","10-05-251","GRANITE","Насадки викрутки з обмежувачем РН2х25 мм S2 10 шт GRANITE 10-05-251","6E1BB562-8E64-11EC-BDD9-BC5FF4F4F2AA","3","https://cdn.27.ua/799/91/52/2724178_2.jpeg","https://epicentrk.ua/shop/bita-granit-s-ogranichitelem-rn2-25-mm-s2-10-sht-10-05-251.html","97","epicentr"
"found","10-02-252","GRANITE","Насадки викруткові РН2*25 мм, S2, 20 шт GRANITE 10-02-252","B3B061FE-9EEA-11EB-AE88-BC5FF4F4F2AA","8","https://tdp.com.ua/images/catalog/yWVVaqAHrP/yWVVaqAHrP2dd7b897cfbdd30521a87d9f6c8f3964_1425381136.jpg","https://tdp.com.ua/product/bity-master-tool-10-02-252-granite-20-sht.html","98","tdp"
"skipped","17-0198","MASTER TOOL","Ніж 18 мм металевий з напрямною гвинтовою замок MASTER TOOL 17-0198","69BC0AD2-2C12-11EC-9962-BC5FF4F4F2AA","12","","","","already_has_photo"
"skipped","17-0528","MASTER TOOL","Ніж 18 мм пластиковий з металевою направляючою фіксатором MASTER TOOL 17-0528","C05987DC-9EEA-11EB-AE88-BC5FF4F4F2AA","23","","","","already_has_photo"
"found","10-02-501","GRANITE","Насадки викруткові РН2х50 мм S2 10 шт GRANITE 10-02-501","6557A142-8E39-11EC-BDD9-BC5FF4F4F2AA","6","https://tdp.com.ua/images/catalog/FjDISQONee/FjDISQONee8df3427e076bba1486ac8c26d04ac4e6_1425387805.jpg","https://tdp.com.ua/product/bity-master-tool-10-02-501-rn250-mm-s210-sht.html","98","tdp"
"found","78-0019","MASTER TOOL","Насадка торцева 6-гранна 1/2"" 19мм CRV MASTER TOOL 78-0019","B3B062CA-9EEA-11EB-AE88-BC5FF4F4F2AA","2","https://tdp.com.ua/images/catalog/qKudpOcJa8/qKudpOcJa80f39ef72d553a02105ad3cfbdfc73b5e_1425546973.jpg","https://tdp.com.ua/product/nasadka-master-tool-78-0019-19-mm.html","98","tdp"
"found","17-1013","MASTER TOOL","Ножі-скальпелі набір 13 шт MASTER TOOL 17-1013","C05987DE-9EEA-11EB-AE88-BC5FF4F4F2AA","1","https://tdp.com.ua/images/catalog/DVs0QrQedg/1470210662_7f886dc2d8997d8295c137c720a07c52.jpg","https://tdp.com.ua/product/nozhi-skalpeli-mastertool-17-1013-nabor-13-sht.html","98","tdp"
"skipped","14-2716","MASTER TOOL","Ножівка для гіпсокартонних плит 180 мм, 9TPI, розжарений зуб, 2-D заточування MASTER TOOL 14-2716","AD950818-9EEA-11EB-AE88-BC5FF4F4F2AA","2","","","","already_has_photo"
"skipped","14-2755","MASTER TOOL","Ножівка для піноблоків 550 мм, зуб із напайкою, тефлонове покриття MASTER TOOL 14-2755","AD95081A-9EEA-11EB-AE88-BC5FF4F4F2AA","10","","","","already_has_photo"
"found","17-0501","MASTER TOOL","Роликовий ніж для килимових покриттів MASTER TOOL 17-0501","C05987D8-9EEA-11EB-AE88-BC5FF4F4F2AA","2","https://tdp.com.ua/images/catalog/jAx16CSt59/jAx16CSt590def325770cdf374e25eb40a25da10a7_1425286497.jpg","https://tdp.com.ua/product/rolikovyj-nozh-master-tool-17-0501.html","98","tdp"
"found","17-0300","MASTER TOOL","Ніж трапеція пластиковий MASTER TOOL 17-0300","C05987CE-9EEA-11EB-AE88-BC5FF4F4F2AA","2","https://cdn.27.ua/799/93/42/2724674_1.jpeg","https://epicentrk.ua/shop/nozh-trapetsiya-mastertool-17-0300.html","97","epicentr"
"found","14-2770","MASTER TOOL","Ножівка для піноблоків 700 мм, зуб із напайкою, тефлонове покриття MASTER TOOL 14-2770","AD95081C-9EEA-11EB-AE88-BC5FF4F4F2AA","2","https://tdp.com.ua/images/catalog/MUe8NuzCaH/MUe8NuzCaHaf5106d2dabfbb427607a12607f73d14_1425641758.jpg","https://tdp.com.ua/product/nozhovka-dlja-penoblokov-master-tool-14-2770-700-mm.html","98","tdp"
"found","01-0124","MASTER TOOL","Ножиці для прутів L=600 мм D=8мм, T8, HRC53~60 MASTER TOOL 01-0124","B3B060EC-9EEA-11EB-AE88-BC5FF4F4F2AA","1","https://tdp.com.ua/images/catalog/nJkfVku1c0/nJkfVku1c0466c70500856b1b11fbaddc87f120115_1425563210.jpg","https://tdp.com.ua/product/professionalnye-kusachki-dlja-prutov-master-tool-01-0124.html","98","tdp"
"found","01-0130","MASTER TOOL","Ножиці для прутів L=750 мм D=10мм, T8, HRC53~60 MASTER TOOL 01-0130","B3B060EE-9EEA-11EB-AE88-BC5FF4F4F2AA","1","https://tdp.com.ua/images/catalog/YUOny8gJRb/YUOny8gJRb466c70500856b1b11fbaddc87f120115_1425564450.jpg","https://tdp.com.ua/product/professionalnye-kusachki-dlja-prutov-master-tool-01-0130.html","98","tdp"
"found","17-1140","MASTER TOOL","Ножиці для паперу 140 мм MASTER TOOL 17-1140","BA14D771-9EEA-11EB-AE88-BC5FF4F4F2AA","2","https://cdn.27.ua/sc--media--prod/default/01/33/62/0133625f-8c45-4a39-ba92-ccbdf0e76d4e.jpg","https://epicentrk.ua/shop/mplc-nozici-dla-paperu-mastertool-140-mm-17-1140-1eda3dde-3889-69f2-b417-85e78e97b698.html","97","epicentr"
"found","01-0117","MASTER TOOL","Ножиці для прутів МІНІ L=210 мм D=4мм, T8, HRC53~60 MASTER TOOL 01-0117","B3B060E8-9EEA-11EB-AE88-BC5FF4F4F2AA","1","https://tdp.com.ua/images/catalog/WbKXfO7T3S/WbKXfO7T3S125c15399a48b0220ef4a53bde76098c_1425562731.jpg","https://tdp.com.ua/product/kusachi-dlja-prutov-master-tool-01-0117-mini.html","98","tdp"
"found","14-6131","MASTER TOOL","Ножиці для стрижки чагарників 550 мм хвилясті леза тефлон MASTER TOOL 14-6131","C0598966-9EEA-11EB-AE88-BC5FF4F4F2AA","4","https://tdp.com.ua/images/catalog//1557843410_0aae4.jpg","https://tdp.com.ua/product/nozhnicy-master-tool-dlja-strizhki-kustarnikov-550-mm-volnistye-lezvija-14-6131.html","98","tdp"
"skipped","14-6133","MASTER TOOL","Ножиці для стрижки чагарників 620 мм хвилясті леза тефлон, MASTER TOOL 14-6133","C059896A-9EEA-11EB-AE88-BC5FF4F4F2AA","1","","","","already_has_photo"
"found","01-0136","MASTER TOOL","Ножиці для прутів L=900 мм D=12мм, T8, HRC53~60 MASTER TOOL 01-0136","B3B060F0-9EEA-11EB-AE88-BC5FF4F4F2AA","1","https://cdn.27.ua/799/90/76/2723958_2.jpeg","https://epicentrk.ua/shop/nozhytsi-dlia-prutiv-mastertool-750-mm-10-mm-t8-hrc53-60-01-0136.html","97","epicentr"
"found","14-6130","MASTER TOOL","Ножиці для стрижки чагарників 550 мм, леза тефлон MASTER TOOL 14-6130","C0598964-9EEA-11EB-AE88-BC5FF4F4F2AA","1","https://tdp.com.ua/images/catalog//1557839139_0aae4.jpg","https://tdp.com.ua/product/nozhnicy-master-tool-dlja-strizhki-kustarnikov-550-mm-14-6130.html","98","tdp"
"skipped","14-2723","MASTER TOOL","Ножівка викружна 300 мм, 8TPI, розжарений зуб, 3-D заточування MASTER TOOL 14-2723","AD9507F8-9EEA-11EB-AE88-BC5FF4F4F2AA","1","","","","already_has_photo"
"skipped","14-2703","MASTER TOOL","Ножівка пасувальна 300 мм, 12TPI MAX CUT, гартований зуб, 3-D заточування MASTER TOOL 14-2703","AD9507F6-9EEA-11EB-AE88-BC5FF4F4F2AA","1","","","","already_has_photo"
"found","14-6132","MASTER TOOL","Ножиці для стрижки чагарників 620 мм, леза тефлон, двокомпонентні ручки MASTER TOOL 14-6132","C0598968-9EEA-11EB-AE88-BC5FF4F4F2AA","1","https://tdp.com.ua/images/catalog//1557843839_0aae4.jpg","https://tdp.com.ua/product/nozhnicy-master-tool-dlja-strizhki-kustarnikov-620-mm-14-6132.html","98","tdp"
"skipped","14-2640","MASTER TOOL","Ножівка столярна 400 мм, 4TPI MAX CUT, гартований зуб, 2-D заточування, поліров MASTER TOOL 14-2640","AD9507F0-9EEA-11EB-AE88-BC5FF4F4F2AA","11","","","","already_has_photo"
"skipped","14-2340","MASTER TOOL","Ножівка столярна 400 мм, 7TPI MAX CUT, гартований зуб, 3-D, тефлонове покриття MASTER TOOL 14-2340","571DD66A-2C12-11EC-9962-BC5FF4F4F2AA","2","","","","already_has_photo"
"skipped","14-2645","MASTER TOOL","Ножівка столярна 450 мм, 4TPI MAX CUT, гартований зуб, 2-D заточування MASTER TOOL 14-2645","AD9507F2-9EEA-11EB-AE88-BC5FF4F4F2AA","7","","","","already_has_photo"
"skipped","14-2045","MASTER TOOL","Ножівка столярна 450 мм, 7TPI MAX CUT, гартований зуб, 3-D заточування, поліров MASTER TOOL 14-2045","AD9507DC-9EEA-11EB-AE88-BC5FF4F4F2AA","4","","","","already_has_photo"
"skipped","14-2345","MASTER TOOL","Ножівка столярна 450 мм, 7TPI MAX CUT, гартований зуб, 3-D заточування, тефлон MASTER TOOL 14-2345","AD9507E6-9EEA-11EB-AE88-BC5FF4F4F2AA","3","","","","already_has_photo"
"skipped","14-2650","MASTER TOOL","Ножівка столярна 500 мм, 4TPI MAX CUT, гартований зуб, 2-D заточування, поліров MASTER TOOL 14-2650","AD9507F4-9EEA-11EB-AE88-BC5FF4F4F2AA","8","","","","already_has_photo"
"skipped","14-2350","MASTER TOOL","Ножівка столярна 500 мм, 7TPI MAX CUT, гартований зуб, 3-D заточування, тефлон MASTER TOOL 14-2350","AD9507E8-9EEA-11EB-AE88-BC5FF4F4F2AA","1","","","","already_has_photo"
"skipped","14-2215","MASTER TOOL","Ножівка по металу 150 мм, алюмінієва рукоятка з покриттям PP, flex полотно MASTER TOOL 14-2215","AD950802-9EEA-11EB-AE88-BC5FF4F4F2AA","1","","","","already_has_photo"
"skipped","14-2225","MASTER TOOL","Ножівка по металу 250-300 мм металева рукоятка, flex полотно метал MASTER TOOL 14-2225","AD950804-9EEA-11EB-AE88-BC5FF4F4F2AA","1","","","","already_has_photo"
"skipped","14-2226","MASTER TOOL","Ножівка по металу 250-300 мм металева рукоятка, ергономічна накладка, flex MASTER TOOL 14-2226","AD950806-9EEA-11EB-AE88-BC5FF4F4F2AA","1","","","","already_has_photo"
"skipped","14-2227","MASTER TOOL","Ножівка по металу 250-300 мм, металева рукоять, контейнер для зберігання MASTER TOOL 14-2227","AD950808-9EEA-11EB-AE88-BC5FF4F4F2AA","1","","","","already_has_photo"
"skipped","14-2136","MASTER TOOL","Ножівка по металу 300 мм, алюмінієва рукоять, кут нахилу полотна 45-90*, MASTER TOOL 14-2136","AD9507FE-9EEA-11EB-AE88-BC5FF4F4F2AA","1","","","","already_has_photo"
"skipped","14-2212","MASTER TOOL","Ножівка-ручка по металу 250 мм, рукоятка PP+TPR, flex полотно 12,5 мм MASTER TOOL 14-2212","AD950800-9EEA-11EB-AE88-BC5FF4F4F2AA","2","","","","already_has_photo"
"skipped","14-6013","MASTER TOOL","Ножівка садова ""Самурай"" 250 мм, 6TPI, розжарений зуб, 3-D заточування MASTER TOOL 14-6013","C059892A-9EEA-11EB-AE88-BC5FF4F4F2AA","1","","","","already_has_photo"
"skipped","14-6014","MASTER TOOL","Ножівка садова ""Самурай"" 330 мм, 6TPI, розжарений зуб, 3-D заточування MASTER TOOL 14-6014","C059892C-9EEA-11EB-AE88-BC5FF4F4F2AA","1","","","","already_has_photo"
"skipped","14-6011","MASTER TOOL","Ножівка садова висувна 160 мм, 7TPI, гартований зуб, 3-D заточування MASTER TOOL 14-6011","C0598926-9EEA-11EB-AE88-BC5FF4F4F2AA","2","","","","already_has_photo"
"skipped","14-6017","MASTER TOOL","Ножівка садова складана 180 мм, 7TPI, розжарений зуб, 3-D заточування MASTER TOOL 14-6017","C059892E-9EEA-11EB-AE88-BC5FF4F4F2AA","2","","","","already_has_photo"
"skipped","14-6020","MASTER TOOL","Ножівка садова складана 280 мм, лезо 130 мм, 7TPI, гартований зуб, 3-D заточ MASTER TOOL 14-6020","C0598932-9EEA-11EB-AE88-BC5FF4F4F2AA","2","","","","already_has_photo"
"skipped","14-6913","MASTER TOOL","Пила лучкова 530 мм 4TPI з ергономічною ручкою MASTER TOOL 14-6913","C059893C-9EEA-11EB-AE88-BC5FF4F4F2AA","2","","","","already_has_photo"
"skipped","14-6906","MASTER TOOL","Пила лучкова 610 мм 4TPI з ергономічною ручкою MASTER TOOL 14-6906","C0598938-9EEA-11EB-AE88-BC5FF4F4F2AA","2","","","","already_has_photo"
"skipped","14-6914","MASTER TOOL","Пила лучкова 760 мм 4TPI з ергономічною ручкою MASTER TOOL 14-6914","C059893E-9EEA-11EB-AE88-BC5FF4F4F2AA","1","","","","already_has_photo"
"skipped","14-6909","MASTER TOOL","Пила лучкова 900 мм 4TPI з ергономічною ручкою MASTER TOOL 14-6909","C059893A-9EEA-11EB-AE88-BC5FF4F4F2AA","2","","","","already_has_photo"
"skipped","14-6915","MASTER TOOL","Полотно для лучкової пили 530 мм MASTER TOOL 14-6915","C0598940-9EEA-11EB-AE88-BC5FF4F4F2AA","5","","","","already_has_photo"
"skipped","14-6916","MASTER TOOL","Полотно для лучкової пили 610 мм MASTER TOOL 14-6916","C0598942-9EEA-11EB-AE88-BC5FF4F4F2AA","3","","","","already_has_photo"
"skipped","14-6917","MASTER TOOL","Полотно для лучкової пили 760 мм MASTER TOOL 14-6917","C0598944-9EEA-11EB-AE88-BC5FF4F4F2AA","4","","","","already_has_photo"
"found","14-2440","MASTER TOOL","Ножівка столярна 400 мм BLACK ALLIGATOR, 9TPI MAX CUT, гартований зуб, 3-D MASTER TOOL 14-2440","AD9507EA-9EEA-11EB-AE88-BC5FF4F4F2AA","3","https://tdp.com.ua/images/catalog/sbReMMZMBl/sbReMMZMBla6c7fdc72874baf6fb9f5bec367cf580_1425634593.jpg","https://tdp.com.ua/product/nozhovka-stoljarnaja-master-tool-14-2440-400-mm.html","98","tdp"
"skipped","82-0603","MASTER TOOL","Окуляри захисні КОМФОРТ жовті з регульованими дужками MASTER TOOL 82-0603","C0598894-9EEA-11EB-AE88-BC5FF4F4F2AA","23","","","","already_has_photo"
"found","82-0605","MASTER TOOL","Окуляри захисні КОМФОРТ червоні з регульованими дужками MASTER TOOL 82-0605","C0598898-9EEA-11EB-AE88-BC5FF4F4F2AA","3","https://tdp.com.ua/images/catalog/s1hNr6Yg8E/s1hNr6Yg8E33e45043557aee76f756feb3ac122527_1427896823.jpg","https://tdp.com.ua/product/ochki-zacshitnye-dlja-lazera-master-tool-82-0605.html","98","tdp"
"found","82-0055","MASTER TOOL","Окуляри захисні відкриті КОМФОРТ прозорі, LED-підсвічування з регульованими MASTER TOOL 82-0055","C0598882-9EEA-11EB-AE88-BC5FF4F4F2AA","1","https://cdn.27.ua/sc--media--prod/default/62/45/28/62452817-da6e-4de9-8d02-b97da1afbd8e.jpg","https://epicentrk.ua/shop/mplc-okulari-vidkriti-mastertool-komfort-82-0055-1f0d04a3-d24f-6c8a-b36b-d19d1d4af0cf.html","97","epicentr"
"found","80-0230","MASTER TOOL","Носик змінний для пістолета 80-0236/80-0237, 10шт. MASTER TOOL 80-0230","BA14D75B-9EEA-11EB-AE88-BC5FF4F4F2AA","5","https://cdn.27.ua/799/93/2c/2724652_3.jpeg","https://epicentrk.ua/shop/nosyk-zminnyi-mastertool-10-sht-80-0230.html","97","epicentr"
"skipped","44-5026","MASTER TOOL","Пальник газовий ""Вулкан"", резервуар для газу 25 мл, п'єзопідпал, регулятор MASTER TOOL 44-5026","A7773F97-9EEA-11EB-AE88-BC5FF4F4F2AA","5","","","","already_has_photo"
"skipped","44-5022","MASTER TOOL","Пальник для газового балона ""Вега"", Ø 32 мм, 1300*С MASTER TOOL 44-5022","A7773F93-9EEA-11EB-AE88-BC5FF4F4F2AA","4","","","","already_has_photo"
"skipped","44-5021","MASTER TOOL","Пальник для газового балона ""Вогник"", Ø 14 мм, 1300*С MASTER TOOL 44-5021","A7773F91-9EEA-11EB-AE88-BC5FF4F4F2AA","2","","","","already_has_photo"
"skipped","44-5007","MASTER TOOL","Пальник для газового балона ""Смолоскип"" Ø 25 мм, 1300*С MASTER TOOL 44-5007","A7773F8B-9EEA-11EB-AE88-BC5FF4F4F2AA","5","","","","already_has_photo"
"found","82-0203","MASTER TOOL","Окуляри захисні закриті АДМІРАЛ RD DIN 10 газозварювальні відкидні MASTER TOOL 82-0203","C0598888-9EEA-11EB-AE88-BC5FF4F4F2AA","1","https://tdp.com.ua/images/catalog/ope6UYsxwG/ope6UYsxwG3bb1c5d8999b6b20a54bb7fcfb085906_1427892678.jpg","https://tdp.com.ua/product/ochki-gazosvarcshika-kruglaja-linza-master-tool.html","86","tdp"
"skipped","44-5035","MASTER TOOL","Пальник для газового балона з п'єзопідпалом ""Вихор"", керам. захист, 1300 ° С MASTER TOOL 44-5035","A7773F9B-9EEA-11EB-AE88-BC5FF4F4F2AA","4","","","","already_has_photo"
"skipped","44-5034","MASTER TOOL","Пальник для газового балона з п'єзопідпалом ""Іскра"", 1300 ° С MASTER TOOL 44-5034","A7773F99-9EEA-11EB-AE88-BC5FF4F4F2AA","2","","","","already_has_photo"
"skipped","44-5040","MASTER TOOL","Пальник для газового балона з п'єзопідпалом ""Метеор"", керам. захист, 1300 * С MASTER TOOL 44-5040","AD9506A2-9EEA-11EB-AE88-BC5FF4F4F2AA","3","","","","already_has_photo"
"skipped","44-5039","MASTER TOOL","Пальник для газового балона з п'єзопідпалом ""Орбіта"", 1300 ° С, обертання 360 ° MASTER TOOL 44-5039","AD9506A0-9EEA-11EB-AE88-BC5FF4F4F2AA","5","","","","already_has_photo"
"skipped","44-5024","MASTER TOOL","Пальник для газового балона з п'єзопідпалом ""Прометей"", 1300 * С, 1,3 кВт, MASTER TOOL 44-5024","A7773F95-9EEA-11EB-AE88-BC5FF4F4F2AA","10","","","","already_has_photo"
"skipped","44-5036","MASTER TOOL","Пальник для газового балона з п'єзопідпалом ""Промінь"", подовжене сопло, 1300 °С MASTER TOOL 44-5036","A7773F9D-9EEA-11EB-AE88-BC5FF4F4F2AA","7","","","","already_has_photo"
"skipped","44-5037","MASTER TOOL","Пальник для газового балону з ручкою, п'єзопідпал ""Везувій"", 1300 °С MASTER TOOL 44-5037","A7773F9F-9EEA-11EB-AE88-BC5FF4F4F2AA","2","","","","already_has_photo"
"skipped","44-5038","MASTER TOOL","Пальник для газового балону, з п'єзопідпалом ""Блискавка"", 1300 ° С, 360 ° MASTER TOOL 44-5038","A7773FA1-9EEA-11EB-AE88-BC5FF4F4F2AA","2","","","","already_has_photo"
"skipped","44-5030","MASTER TOOL","Пальник газовий PROFI Ø 76 мм, 820 мм MASTER TOOL 44-5030","A7773F89-9EEA-11EB-AE88-BC5FF4F4F2AA","2","","","","already_has_photo"
"skipped","44-5027","MASTER TOOL","Пальник газовий PROFI Ø45 мм 610 мм MASTER TOOL 44-5027","BB50E636-6178-11EC-89C3-BC5FF4F4F2AA","2","","","","already_has_photo"
"skipped","44-5028","MASTER TOOL","Пальник газовий PROFI Ø50 мм 715 мм MASTER TOOL 44-5028","BB50E638-6178-11EC-89C3-BC5FF4F4F2AA","2","","","","already_has_photo"
"skipped","44-5029","MASTER TOOL","Пальник газовий PROFI Ø60 мм 725 мм MASTER TOOL 44-5029","BB50E63A-6178-11EC-89C3-BC5FF4F4F2AA","2","","","","already_has_photo"
"skipped","44-5019","MASTER TOOL","Пальник газовий з клапаном PROFI Ø 60 мм, 725 мм MASTER TOOL 44-5019","BB50E634-6178-11EC-89C3-BC5FF4F4F2AA","2","","","","already_has_photo"
"skipped","44-5020","MASTER TOOL","Пальник газовий з клапаном PROFI Ø 76 мм, 820 мм MASTER TOOL 44-5020","A7773F87-9EEA-11EB-AE88-BC5FF4F4F2AA","1","","","","already_has_photo"
"found","44-5044","MASTER TOOL","Пальник для газового балона Ø 22 мм/1300°С ""Геліос"" латунь MASTER TOOL 44-5044","40E89C90-0E56-11ED-BA5D-BC5FF4F4F2AA","2","https://cdn.27.ua/799/96/b7/9475767_2.jpeg","https://epicentrk.ua/shop/palnyk-hazovyi-mastertool-latun-44-5044.html","97","epicentr"
"found","08-2606","MASTER TOOL","Папір шліфувальний водостійкий Р 60 230*280 мм, 20 шт MASTER TOOL 08-2606-Р","A7773CCB-9EEA-11EB-AE88-BC5FF4F4F2AA","1","https://tdp.com.ua/images/catalog/ef2NTL65Hd/1559548603_f3ccd.jpg","https://tdp.com.ua/product/bumaga-nazhdachnaja-master-tool-vodostojkaja-zerno-60-230-mm-x-280-mm-100sht-08-2606.html","98","tdp"
"found","82-0001","MASTER TOOL","Окуляри відкриті SPORTLINE GREY, захист від подряпин ANTI-SCRATCH MASTER TOOL 82-0001","02BB8182-EB5A-11EE-AF97-BC5FF4F4F2AA","1","https://cdn.27.ua/799/c7/6b/7063403_2.jpeg","https://epicentrk.ua/shop/okuliary-zakhysni-mastertool-sportline-grey-82-0001.html","97","epicentr"
"found","08-2608","MASTER TOOL","Папір шліфувальний водостійкий Р 80 230*280 мм, 20 шт MASTER TOOL 08-2608-Р","A7773CCF-9EEA-11EB-AE88-BC5FF4F4F2AA","2","https://tdp.com.ua/images/catalog/YLn0rAMt1m/1559548699_f3ccd.jpg","https://tdp.com.ua/product/bumaga-nazhdachnaja-master-tool-vodostojkaja-zerno-80-230-mm-x-280-mm-100sht-08-2608.html","98","tdp"
"found","08-2610","MASTER TOOL","Папір шліфувальний водостійкий Р100 230*280 мм, 20 шт MASTER TOOL 08-2610-Р","A7773CD3-9EEA-11EB-AE88-BC5FF4F4F2AA","2","https://tdp.com.ua/images/catalog/T5Ve2Ge55o/1559550479_f3ccd.jpg","https://tdp.com.ua/product/bumaga-nazhdachnaja-master-tool-vodostojkaja-zerno-100-230-mm-x-280-mm-100sht-08-2610.html","98","tdp"
"found","08-2612","MASTER TOOL","Папір шліфувальний водостійкий Р120 230*280 мм, 20 шт MASTER TOOL 08-2612-Р","A7773CD7-9EEA-11EB-AE88-BC5FF4F4F2AA","2","https://tdp.com.ua/images/catalog/A2BBMkxtWt/A2BBMkxtWtf55d735b7a58a4ddde95377a72402996_1424964671.jpg","https://tdp.com.ua/product/bumaga-nazhdachnaja-mastertool-08-2612-vodostojkaja-zerno-120-100-sht.html","98","tdp"
"found","08-2681","MASTER TOOL","Папір шліфувальний водостійкий Р1000 230*280 мм, 20 шт MASTER TOOL 08-2681-Р","A7773CED-9EEA-11EB-AE88-BC5FF4F4F2AA","2","https://cdn.27.ua/sc--media--prod/default/83/e1/b5/83e1b5fa-f3a4-4691-9895-4a31bdfc0d51.jpg","https://epicentrk.ua/shop/mplc-papir-shlifuval-nii-mastertool-gm-r1000-vodostiikii-230kh280-mm-20-sht-08-2681-r-1ec790bb-95ad-6210-b82a-adb1cbc9cf21.html","97","epicentr"
"found","08-2615","MASTER TOOL","Папір шліфувальний водостійкий Р150 230*280 мм, 20 шт MASTER TOOL 08-2615-Р","A7773CD9-9EEA-11EB-AE88-BC5FF4F4F2AA","2","https://tdp.com.ua/images/catalog/DBxpYg8HK1/DBxpYg8HK1f55d735b7a58a4ddde95377a72402996_1424965319.jpg","https://tdp.com.ua/product/bumaga-nazhdachnaja-mastertool-08-2615-vodostojkaja-zerno-150-100-sht.html","98","tdp"
"found","08-2682","MASTER TOOL","Папір шліфувальний водостійкий Р1200 230*280 мм, 20 шт MASTER TOOL 08-2682-Р","A7773CEF-9EEA-11EB-AE88-BC5FF4F4F2AA","2","https://cdn.27.ua/sc--media--prod/default/83/e1/b5/83e1b5fa-f3a4-4691-9895-4a31bdfc0d51.jpg","https://epicentrk.ua/shop/mplc-papir-shlifuval-nii-mastertool-gm-r1200-vodostiikii-230kh280-mm-20-sht-08-2682-r-1ec790bb-99de-61c2-ae80-adb1cbc9cf21.html","97","epicentr"
"found","08-2622","MASTER TOOL","Папір шліфувальний водостійкий Р220 230*280 мм, 20 шт MASTER TOOL 08-2622-Р","A7773CE1-9EEA-11EB-AE88-BC5FF4F4F2AA","2","https://tdp.com.ua/images/catalog/Ujifq4rZrg/Ujifq4rZrg658dd6b6866d518c988f5d6d07b455a9_1425020823.jpg","https://tdp.com.ua/product/bumaga-nazhdachnaja-mastertool-08-08-2622-vodostojkaja-zerno-220100sht.html","98","tdp"
"found","08-2684","MASTER TOOL","Папір шліфувальний водостійкий Р2000 230*280 мм, 20 шт MASTER TOOL 08-2684-Р","A7773CF3-9EEA-11EB-AE88-BC5FF4F4F2AA","2","https://cdn.27.ua/sc--media--prod/default/83/e1/b5/83e1b5fa-f3a4-4691-9895-4a31bdfc0d51.jpg","https://epicentrk.ua/shop/mplc-papir-shlifuval-nii-mastertool-gm-r2000-vodostiikii-230kh280-mm-20-sht-08-2684-r-1ec790bb-9d05-6e68-8953-adb1cbc9cf21.html","97","epicentr"
"found","08-2624","MASTER TOOL","Папір шліфувальний водостійкий Р240 230*280 мм, 20 шт MASTER TOOL 08-2624-Р","A7773CE3-9EEA-11EB-AE88-BC5FF4F4F2AA","2","https://tdp.com.ua/images/catalog/m2vhIX4DrV/m2vhIX4DrV658dd6b6866d518c988f5d6d07b455a9_1425021183.jpg","https://tdp.com.ua/product/bumaga-nazhdachnaja-mastertool-08-2624-vodostojkaja-zerno-240-20-sht.html","98","tdp"
"found","08-2683","MASTER TOOL","Папір шліфувальний водостійкий Р1500 230*280 мм, 20 шт MASTER TOOL 08-2683-Р","A7773CF1-9EEA-11EB-AE88-BC5FF4F4F2AA","2","https://cdn.27.ua/799/7d/e7/7044583_2.jpeg","https://epicentrk.ua/shop/nazhdachnyi-papir-mastertool-r1500-230x280-mm-20-sht-08-2683-r.html","97","epicentr"
"found","08-2640","MASTER TOOL","Папір шліфувальний водостійкий Р400 230*280 мм, 20 шт MASTER TOOL 08-2640-Р","A7773CE7-9EEA-11EB-AE88-BC5FF4F4F2AA","1","https://cdn.27.ua/sc--media--prod/default/83/e1/b5/83e1b5fa-f3a4-4691-9895-4a31bdfc0d51.jpg","https://epicentrk.ua/shop/mplc-papir-shlifuval-nii-mastertool-gm-vodostiikii-r400-230x280-mm-20-sht-08-2640-r-1ec43aea-a7ae-61aa-8229-0b9053bdf131.html","97","epicentr"
"found","08-2660","MASTER TOOL","Папір шліфувальний водостійкий Р600 230*280 мм, 20 шт MASTER TOOL 08-2660-Р","A7773CE9-9EEA-11EB-AE88-BC5FF4F4F2AA","2","https://cdn.27.ua/799/7d/df/7044575_2.jpeg","https://epicentrk.ua/shop/nazhdachnyi-papir-mastertool-vodostoikyi-08-2660-r.html","97","epicentr"
"found","08-2632","MASTER TOOL","Папір шліфувальний водостійкий Р320 230*280 мм, 20 шт MASTER TOOL 08-2632-Р","A7773CE5-9EEA-11EB-AE88-BC5FF4F4F2AA","2","https://cdn.27.ua/799/8e/1a/2723354_2.jpeg","https://epicentrk.ua/shop/nazhdachnaya-bumagamastertool-r320-230kh280-mm-20-sht-08-2632-r.html","97","epicentr"
"found","08-2680","MASTER TOOL","Папір шліфувальний водостійкий Р800 230*280 мм, 20 шт MASTER TOOL 08-2680-Р","A7773CEB-9EEA-11EB-AE88-BC5FF4F4F2AA","2","https://cdn.27.ua/sc--media--prod/default/83/e1/b5/83e1b5fa-f3a4-4691-9895-4a31bdfc0d51.jpg","https://epicentrk.ua/shop/mplc-papir-shlifuval-nii-vodostiikii-mastertool-gm-r800-20-sht-08-2680-r-1ec7d1f9-32a5-6f4e-9d49-75c537eddbea.html","97","epicentr"
"found","23-0160","MASTER TOOL","Пасатижі 160 мм, C55, HRC 45~50 MASTER TOOL 23-0160","AD9509AC-9EEA-11EB-AE88-BC5FF4F4F2AA","2","https://tdp.com.ua/images/catalog/B9z4eJ1wuJ/B9z4eJ1wuJ961c1814916f50a2b85584ab275e4025_1425290958.jpg","https://tdp.com.ua/product/ploskogubcy-master-tool-23-0160--german-type.html","98","tdp"
"found","25-0160","MASTER TOOL","Пасатижі 160 мм, С50, фосфатовані, HRC 55~60 MASTER TOOL 25-0160","AD9509B8-9EEA-11EB-AE88-BC5FF4F4F2AA","2","https://tdp.com.ua/images/catalog/4qJl2LJyW3/4qJl2LJyW39c01bedc7a_1446536678.jpg","https://tdp.com.ua/product/ploskogubcy-master-tool24-0180-hrom-vanadij-fosfatirovannye-160-mm.html","86","tdp"
"found","23-0180","MASTER TOOL","Пасатижі 180 мм, C55, HRC 45~50 MASTER TOOL 23-0180","AD9509AE-9EEA-11EB-AE88-BC5FF4F4F2AA","3","https://tdp.com.ua/images/catalog/vPdCrvrgbw/vPdCrvrgbw961c1814916f50a2b85584ab275e4025_1425291752.jpg","https://tdp.com.ua/product/ploskogubcy-master-tool-23-0180--german-type.html","98","tdp"
"skipped","91-1650","MASTER TOOL","Пензель плоский ""Стандарт"" 2,0"" (50мм/12мм/38мм) MASTER TOOL 91-1650","BA14D499-9EEA-11EB-AE88-BC5FF4F4F2AA","9","","","","already_has_photo"
"skipped","91-3012","MASTER TOOL","Пензлик для підфарбовування №10 (12мм) MASTER TOOL 91-3012","BA14D4B3-9EEA-11EB-AE88-BC5FF4F4F2AA","24","","","","already_has_photo"
"skipped","91-3018","MASTER TOOL","Пензлик для підфарбовування №12 (18мм) MASTER TOOL 91-3018","BA14D4B5-9EEA-11EB-AE88-BC5FF4F4F2AA","24","","","","already_has_photo"
"skipped","91-3004","MASTER TOOL","Пензлик для підфарбовування №2 (4мм) MASTER TOOL 91-3004","BA14D4AB-9EEA-11EB-AE88-BC5FF4F4F2AA","28","","","","already_has_photo"
"skipped","91-3006","MASTER TOOL","Пензлик для підфарбовування №4 (6мм) MASTER TOOL 91-3006","BA14D4AD-9EEA-11EB-AE88-BC5FF4F4F2AA","27","","","","already_has_photo"
"skipped","91-3008","MASTER TOOL","Пензлик для підфарбовування №6 (8мм) MASTER TOOL 91-3008","BA14D4AF-9EEA-11EB-AE88-BC5FF4F4F2AA","25","","","","already_has_photo"
"skipped","91-3010","MASTER TOOL","Пензлик для підфарбовування №8 (10мм) MASTER TOOL 91-3010","BA14D4B1-9EEA-11EB-AE88-BC5FF4F4F2AA","24","","","","already_has_photo"
"found","23-0200","MASTER TOOL","Пасатижі 200 мм, C55, HRC 45~50 MASTER TOOL 23-0200","AD9509B0-9EEA-11EB-AE88-BC5FF4F4F2AA","3","https://tdp.com.ua/images/catalog/hoD2POW9Lp/hoD2POW9Lp961c1814916f50a2b85584ab275e4025_1425292412.jpg","https://tdp.com.ua/product/ploskogubcy-master-tool-23-0200-german-type.html","98","tdp"
"skipped","91-2130","MASTER TOOL","Пензлик круглий, пластикова обойма № 6 (30мм/40мм) MASTER TOOL 91-2130","BA14D4B9-9EEA-11EB-AE88-BC5FF4F4F2AA","12","","","","already_has_photo"
"found","44-0000","MASTER TOOL","Паяльник імпульсний із трансформатором 100 Вт, в кейсі з насадками MASTER TOOL 44-0000","A7773F77-9EEA-11EB-AE88-BC5FF4F4F2AA","1","https://tdp.com.ua/images/catalog/2Okk5VLTit_44-0000/1590396052_0a46e.jpg","https://tdp.com.ua/product/pajalnik-impulsnyj-master-tool-100-vt-44-0000.html","98","tdp"
"skipped","91-2150","MASTER TOOL","Пензлик круглий, пластикова обойма №14 (50мм/51мм) MASTER TOOL 91-2150","BA14D4BD-9EEA-11EB-AE88-BC5FF4F4F2AA","15","","","","already_has_photo"
"found","91-2120","MASTER TOOL","Пензлик круглий, пластикова обойма № 2 (20мм/40мм) MASTER TOOL 91-2120","BA14D4B7-9EEA-11EB-AE88-BC5FF4F4F2AA","6","https://tdp.com.ua/images/catalog/K5FTg9Az7T/K5FTg9Az7T56b147afee69a1e373ec1359369227a7_1424874390.jpg","https://tdp.com.ua/product/kist-kruglaja-master-tool-plastikovaja-obojma-n2-20mm38mm.html","86","tdp"
"skipped","AC-1500","MASTER TOOL","Пилосос автомобільний 1500 PA, 12V, 3A, 35Вт, сухе та вологе прибирання MASTER TOOL AC-1500","A167FF4A-C72E-11EC-991D-BC5FF4F4F2AA","1","","","","already_has_photo"
"skipped","AC-2500","MASTER TOOL","Пилосос автомобільний 2500 PA, 12V, 5A, 60Вт, сухе та вологе прибирання MASTER TOOL AC-2500","A167FF4C-C72E-11EC-991D-BC5FF4F4F2AA","1","","","","already_has_photo"
"skipped","AC-3500","MASTER TOOL","Пилосос автомобільний 3500 PA, 12V, 5A, 60Вт, сухе та вологе прибирання MASTER TOOL AC-3500","A167FF4E-C72E-11EC-991D-BC5FF4F4F2AA","1","","","","already_has_photo"
"skipped","AC-5000","MASTER TOOL","Пилосос автомобільний 5000 PA, 12V, 5A, 60Вт, сухе та вологе прибирання, сумка MASTER TOOL AC-5000","A167FF50-C72E-11EC-991D-BC5FF4F4F2AA","1","","","","already_has_photo"
"found","91-2160","MASTER TOOL","Пензлик круглий, пластикова обойма №18 (60мм/51мм) MASTER TOOL 91-2160","BA14D4BF-9EEA-11EB-AE88-BC5FF4F4F2AA","6","https://tdp.com.ua/images/catalog/xwUW3Fm5yH/xwUW3Fm5yH56b147afee69a1e373ec1359369227a7_1424874772.jpg","https://tdp.com.ua/product/kist-kruglaja-master-tool-plastikovaja-obojma-n18-60mm51mm.html","86","tdp"
"found","91-2140","MASTER TOOL","Пензлик круглий, пластикова обойма №10 (40мм/45мм) MASTER TOOL 91-2140","BA14D4BB-9EEA-11EB-AE88-BC5FF4F4F2AA","5","https://tdp.com.ua/images/catalog/3G2urjj0Fo/3G2urjj0Fo56b147afee69a1e373ec1359369227a7_1424874543.jpg","https://tdp.com.ua/product/kist-kruglaja-master-tool-plastikovaja-obojma-n10-40mm44mm.html","86","tdp"
"found","81-8676","MASTER TOOL","Пістолет для монтажної піни 330 мм, тефлонове покриття балоноприймача, голки MASTER TOOL 81-8676","BA14D74F-9EEA-11EB-AE88-BC5FF4F4F2AA","2","https://tdp.com.ua/images/catalog//1700302822_72675.jpg","https://tdp.com.ua/product/pistolet-dlja-montazhnoj-peny-master-tool-330-mm-81-8676.html","98","tdp"
"found","81-8675","MASTER TOOL","Пістолет для монтажної піни 290 мм, тефлонове покриття балоноприймача, голки MASTER TOOL 81-8675","BA14D74D-9EEA-11EB-AE88-BC5FF4F4F2AA","4","https://tdp.com.ua/images/catalog//1700302681_72675.jpg","https://tdp.com.ua/product/pistolet-dlja-montazhnoj-peny-mastertool-81-8675-290-mm.html","98","tdp"
"skipped","42-0504","MASTER TOOL","Пістолет клейовий Ø 11,2 мм 100 Вт 16 г/хв ""Крапля-Стоп"" MASTER TOOL 42-0504","A7773EFB-9EEA-11EB-AE88-BC5FF4F4F2AA","2","","","","already_has_photo"
"skipped","42-0510","MASTER TOOL","Пістолет клейовий Ø 11,2 мм 100 Вт 16-28 г/хв ""Крапля-Стоп"" з вимикачем MASTER TOOL 42-0510","A7773F05-9EEA-11EB-AE88-BC5FF4F4F2AA","2","","","","already_has_photo"
"skipped","42-0515","MASTER TOOL","Пістолет клейовий Ø 11,2 мм 200 Вт 10 г/хв ""Крапля-Стоп"" з темп. режимом MASTER TOOL 42-0515","A7773F0F-9EEA-11EB-AE88-BC5FF4F4F2AA","1","","","","already_has_photo"
"skipped","42-0509","MASTER TOOL","Пістолет клейовий Ø 7,2 мм 70 Вт 6-10 г/хв ""Крапля-Стоп"" з вимикачем MASTER TOOL 42-0509","A7773F03-9EEA-11EB-AE88-BC5FF4F4F2AA","1","","","","already_has_photo"
"skipped","42-0400","MASTER TOOL","Пістолет клейовий на батарейках Ø 7,2 мм DC6V (1.5*4шт. AA) MASTER TOOL 42-0400","A7773EF5-9EEA-11EB-AE88-BC5FF4F4F2AA","2","","","","already_has_photo"
"found","81-8668","MASTER TOOL","Пістолет для аерозольного балона MASTER TOOL 81-8668","BA14D747-9EEA-11EB-AE88-BC5FF4F4F2AA","5","https://cdn.27.ua/799/82/7a/2982522_3.jpeg","https://epicentrk.ua/shop/pistolet-mastertool-dlya-aerozolnogo-ballona-81-8668.html","97","epicentr"
"found","81-8705","MASTER TOOL","Пневмопістолет для нафтування МОВІЛЬ бак 900 мл Ø 4,5 мм 3-4 бар MASTER TOOL 81-8705","B3B064B8-9EEA-11EB-AE88-BC5FF4F4F2AA","2","https://tdp.com.ua/images/catalog/qaU3gAxFVY/qaU3gAxFVYf122deef63a840ad2c12257919e4d105_1427809026.jpg","https://tdp.com.ua/product/pistolet-dlja-neftevanija-master-tool-81-8705.html","98","tdp"
"found","81-8707","MASTER TOOL","Пістолет піскоструминний, Ø 6 мм, 320-420 л/хв, 10 бар, НБ 1000 мл MASTER TOOL 81-8707","B3B064BC-9EEA-11EB-AE88-BC5FF4F4F2AA","1","https://cdn.27.ua/sc--media--prod/default/5f/71/f4/5f71f458-0aea-4362-a5ff-151e618b8862.jpg","https://epicentrk.ua/shop/mplc-pistolet-piskostruinii-pnevmatichnii-mastertool-gm-nb-1000-ml-art-81-8707-1ec42328-6faf-6184-a2c2-3f3841c65022.html","97","epicentr"
"found","81-8770","MASTER TOOL","Пневмопістолет для нанесення штукатурки ХОПР ВБ 5000 мл, пластик, 5 бар MASTER TOOL 81-8770","B3B064A4-9EEA-11EB-AE88-BC5FF4F4F2AA","1","https://tdp.com.ua/images/catalog/E8mPhQK00Z/E8mPhQK00Zc8a82be6b502e04a270e93e861b62728_1427805770.jpg","https://tdp.com.ua/product/pistolet-dlja-cementnyh-rastvorov-master-tool-81-8770.html","98","tdp"
"found","81-8769","MASTER TOOL","Пневмопістолети для нанесення штукатурки ХОПР ВБ 5000 мл, алюміній, 5 бар MASTER TOOL 81-8769","B3B064A2-9EEA-11EB-AE88-BC5FF4F4F2AA","1","https://cdn.27.ua/sc--media--prod/default/2d/8f/94/2d8f94a7-0ede-4dec-8ef6-3c59d7a37774.jpg","https://epicentrk.ua/shop/mplc-pnevmopistolet-dlya-nanesennya-shtukaturki-mastertool-gm-khopr-vb-5-bar-81-8769-1ec62694-a343-607e-aa70-fdd6f4dac721.html","97","epicentr"
"found","81-8701","MASTER TOOL","Пневмопістолет для гравітексу, Ø 9 мм, 320-420 л/хв, 4-7 бар MASTER TOOL 81-8701","B3B064B2-9EEA-11EB-AE88-BC5FF4F4F2AA","1","https://cdn.27.ua/sc--media--prod/default/8e/72/eb/8e72ebf5-dca8-4ba4-8ca7-f3a0aabc0e05.jpg","https://epicentrk.ua/shop/mplc-pnevmopistolet-dlya-graviteksu-mastertool-gm-o-9-mm-81-8701-1ec65aa7-32e4-6912-a940-a3bd222fb37d.html","97","epicentr"
"found","81-8745","MASTER TOOL","Пневмопістолет продувний 6 змінних насадок, 10 бар MASTER TOOL 81-8745","B3B064B0-9EEA-11EB-AE88-BC5FF4F4F2AA","1","https://cdn.27.ua/sc--media--prod/default/82/27/93/82279346-2ad7-4797-bd14-e2adde72773f.jpg","https://epicentrk.ua/shop/mplc-pnevmopistolet-dla-produvki-mastertool-z-naborom-nasadok-6-st-10-bar-81-8745-1ee84923-44f4-6ea4-99a9-7befb7c291c9.html","97","epicentr"
"found","81-8740","MASTER TOOL","Пневмопістолет продувний Ø 2 мм 2-6 бар MASTER TOOL 81-8740","B3B064A6-9EEA-11EB-AE88-BC5FF4F4F2AA","2","https://tdp.com.ua/images/catalog/p4hrTnxFCS/p4hrTnxFCSebcf3aa3a4860eb629589c2049eb1276_1427809335.jpg","https://tdp.com.ua/product/pistolet-produvochnyj-master-tool-81-8740.html","98","tdp"
"found","37-1003","MASTER TOOL","Рівень 100 см2 капсули 0.5 мм/м фрезерована поверхня MASTER TOOL 37-1003","2177E0EF-739F-11EC-AB34-BC5FF4F4F2AA","2","https://tdp.com.ua/images/catalog//1512641252_1ee9ba5a5bb84bbeef4b0feeb15cdd60.jpg","https://tdp.com.ua/product/uroven-master-tool-100-sm-37-1003.html","98","tdp"
"found","37-0403","MASTER TOOL","Рівень 40 см, 2 капсули, 0,5 мм/1м, фрезерована поверхня MASTER TOOL 37-0403","BA14D42F-9EEA-11EB-AE88-BC5FF4F4F2AA","2","https://tdp.com.ua/images/catalog//1512637024_1ee9ba5a5bb84bbeef4b0feeb15cdd60.jpg","https://tdp.com.ua/product/uroven-master-tool-40-sm-37-0403.html","98","tdp"
"found","81-8742","MASTER TOOL","Пневмопістолет продувний Ø 4 мм, 2-6 бар, з носиком 100 мм MASTER TOOL 81-8742","B3B064AA-9EEA-11EB-AE88-BC5FF4F4F2AA","1","https://cdn.27.ua/sc--media--prod/default/ca/cd/73/cacd7369-0c5b-4e22-85ab-ac65387215a9.jpg","https://epicentrk.ua/shop/mplc-pnevmopistolet-mastertool-gm-4-mm-6-8-bar-1-4-produvnii-81-8742-1ec2b6ca-392d-6730-9105-c3a125ae99d1.html","97","epicentr"
"found","37-0803","MASTER TOOL","Рівень 80 см, 2 капсули, 0,5 мм/1м, фрезерована поверхня MASTER TOOL 37-0803","BA14D433-9EEA-11EB-AE88-BC5FF4F4F2AA","2","https://tdp.com.ua/images/catalog//1512639334_1ee9ba5a5bb84bbeef4b0feeb15cdd60.jpg","https://tdp.com.ua/product/uroven-master-tool-80-sm-37-0803.html","98","tdp"
"found","37-0603","MASTER TOOL","Рівень 60 см, 2 капсули, 0,5 мм/1м, фрезерована поверхня MASTER TOOL 37-0603","BA14D431-9EEA-11EB-AE88-BC5FF4F4F2AA","2","https://tdp.com.ua/images/catalog//1512639207_1ee9ba5a5bb84bbeef4b0feeb15cdd60.jpg","https://tdp.com.ua/product/uroven-master-tool-60-sm-37-0603.html","98","tdp"
"found","36-0403","MASTER TOOL","Рівень ПРОФІ 40 см, 3 капсули, фрезеровані поверхні MASTER TOOL 36-0403","BA14D41F-9EEA-11EB-AE88-BC5FF4F4F2AA","2","https://tdp.com.ua/images/catalog/ufKn4gcXTT/ufKn4gcXTT0edcce1f95e82d719fc8647870a92265_1426244506.jpg","https://tdp.com.ua/product/uroven-mastertool-s-shlifovannoj-poverhnostju-400-mm-36-0403.html","98","tdp"
"found","36-1003","MASTER TOOL","Рівень ПРОФІ з ручками 100 см, 3 капсули, фрезеровані поверхні MASTER TOOL 36-1003","BA14D425-9EEA-11EB-AE88-BC5FF4F4F2AA","2","https://tdp.com.ua/images/catalog/5ndZSndGw4/5ndZSndGw40edcce1f95e82d719fc8647870a92265_1426247856.jpg","https://tdp.com.ua/product/uroven-mastertool-c-shlifovannoj-poverhnostju-1000mm-36-1003.html","98","tdp"
"found","36-0603","MASTER TOOL","Рівень ПРОФІ з ручками 60 см, 3 капсули, фрезеровані поверхні MASTER TOOL 36-0603","BA14D421-9EEA-11EB-AE88-BC5FF4F4F2AA","2","https://tdp.com.ua/images/catalog/2RpQ2es60N/2RpQ2es60N0edcce1f95e82d719fc8647870a92265_1426244592.jpg","https://tdp.com.ua/product/uroven-mastertool-s-shlifovannoj-poverhnostju-600-mm-36-0603.html","98","tdp"
"found","36-0803","MASTER TOOL","Рівень ПРОФІ з ручками 80 см, 3 капсули, фрезеровані поверхні MASTER TOOL 36-0803","BA14D423-9EEA-11EB-AE88-BC5FF4F4F2AA","2","https://tdp.com.ua/images/catalog/qnWHVbZvEA/qnWHVbZvEA0edcce1f95e82d719fc8647870a92265_1426244891.jpg","https://tdp.com.ua/product/uroven-mastertool-s-shlifovannoj-poverhnostju-800-mm-36-0803.html","98","tdp"
"found","30-0893","MASTER TOOL","Рівень TORPEDO 230 мм MASTER TOOL 30-0893","BA14D435-9EEA-11EB-AE88-BC5FF4F4F2AA","2","https://tdp.com.ua/images/catalog/M8AKzstRoZ/M8AKzstRoZa5b757ebf6a88b364bdb57b7321b4ad6_1426246632.jpg","https://tdp.com.ua/product/uroven-s-magnitom-mastertool-230-mm-30-0893.html","98","tdp"
"found","34-1003","MASTER TOOL","Рівень посилений 100 см, 3 капсули MASTER TOOL 34-1003","BA14D411-9EEA-11EB-AE88-BC5FF4F4F2AA","2","https://tdp.com.ua/images/catalog/u5kyAeHm0K/u5kyAeHm0K09e2818e89c5c52c7d3e74db40322dfc_1426171719.jpg","https://tdp.com.ua/product/uroven-aljuminievyj-usilennyj-mastertool-1000-mm-34-1003.html","98","tdp"
"found","34-1203","MASTER TOOL","Рівень посилений 120 см, 3 капсули MASTER TOOL 34-1203","BA14D413-9EEA-11EB-AE88-BC5FF4F4F2AA","3","https://tdp.com.ua/images/catalog//1512636243_32a2106dc346b0313004c42b74b9bce4.jpg","https://tdp.com.ua/product/uroven-usilennyj-master-tool-120sm-34-1203.html","98","tdp"
"found","33-0602","MASTER TOOL","Рівень муляра ударний 60 см із дзеркальцем, 2 капсули, 0,5мм/1м MASTER TOOL 33-0602","BA14D439-9EEA-11EB-AE88-BC5FF4F4F2AA","1","https://cdn.27.ua/799/92/aa/2724522_8.jpeg","https://epicentrk.ua/shop/riven-60-sm-mastertool-udarnyi-iz-dzerkalom-33-0602.html","97","epicentr"
"found","34-0403","MASTER TOOL","Рівень посилений 40 см, 3 капсули MASTER TOOL 34-0403","BA14D40B-9EEA-11EB-AE88-BC5FF4F4F2AA","2","https://tdp.com.ua/images/catalog/kqbXzNza2Q/kqbXzNza2Q09e2818e89c5c52c7d3e74db40322dfc_1426171221.jpg","https://tdp.com.ua/product/uroven-aljuminievyj-usilennyj-mastertool-400-mm-34-0403.html","98","tdp"
"found","34-0603","MASTER TOOL","Рівень посилений 60 см, 3 капсули MASTER TOOL 34-0603","BA14D40D-9EEA-11EB-AE88-BC5FF4F4F2AA","2","https://tdp.com.ua/images/catalog/H2NPqpIJ7S/H2NPqpIJ7S09e2818e89c5c52c7d3e74db40322dfc_1426171392.jpg","https://tdp.com.ua/product/uroven-aljuminievyj-usilennyj-mastertool-600-mm-34-0603.html","98","tdp"
"found","34-0803","MASTER TOOL","Рівень посилений 80 см, 3 капсули MASTER TOOL 34-0803","BA14D40F-9EEA-11EB-AE88-BC5FF4F4F2AA","2","https://tdp.com.ua/images/catalog/0IhJsfDRPl/0IhJsfDRPl09e2818e89c5c52c7d3e74db40322dfc_1426171577.jpg","https://tdp.com.ua/product/uroven-aljuminievyj-usilennyj-mastertool-800mm-34-0803.html","98","tdp"
"found","35-1003","MASTER TOOL","Рівень посилений із магнітами 100 см, 3 капсули MASTER TOOL 35-1003","BA14D41D-9EEA-11EB-AE88-BC5FF4F4F2AA","1","https://tdp.com.ua/images/catalog/36chcHdgoi/36chcHdgoi6199a64447f68258af659870c5044200_1426243445.jpg","https://tdp.com.ua/product/uroven-s-magnitami-mastertool-1000mm-35-1003.html","98","tdp"
"found","35-0403","MASTER TOOL","Рівень посилений із магнітами 40 см, 3 капсули MASTER TOOL 35-0403","BA14D417-9EEA-11EB-AE88-BC5FF4F4F2AA","2","https://tdp.com.ua/images/catalog/8PtMHypkit/8PtMHypkit09e2818e89c5c52c7d3e74db40322dfc_1426172124.jpg","https://tdp.com.ua/product/uroven-s-magnitami-mastertool-400mm-35-0403.html","98","tdp"
"skipped","83-0501","MASTER TOOL","Рукавички кислотостійкі, бавовняний трикотаж, повне ПВХ , в'язаний (червоні) MASTER TOOL 83-0501","C059886A-9EEA-11EB-AE88-BC5FF4F4F2AA","18","","","","already_has_photo"
"found","35-0803","MASTER TOOL","Рівень посилений із магнітами 80 см, 3 капсули MASTER TOOL 35-0803","BA14D41B-9EEA-11EB-AE88-BC5FF4F4F2AA","1","https://tdp.com.ua/images/catalog/uPwYLlPGYf/uPwYLlPGYf6199a64447f68258af659870c5044200_1426243303.jpg","https://tdp.com.ua/product/uroven-s-magnitami-mastertool-800-mm-35-0803.html","98","tdp"
"skipped","83-0407","MASTER TOOL","Рукавички масло-бензостійкі утеплені, нітрилове покриття (сині) MASTER TOOL 83-0407","C0598868-9EEA-11EB-AE88-BC5FF4F4F2AA","15","","","","already_has_photo"
"found","83-0502","MASTER TOOL","Рукавички кислотостійкі, бавовняний трикотаж, повне ПВХ , манжет (червоні) MASTER TOOL 83-0502","C059886C-9EEA-11EB-AE88-BC5FF4F4F2AA","8","https://tdp.com.ua/images/catalog/fcZcYjxptP/fcZcYjxptP066145dc17913dbe74136482bb1cc762_1427972731.jpg","https://tdp.com.ua/product/perchatki-kislotostojkie-master-tool-185-190-g-105-83-0502.html","98","tdp"
"skipped","83-0655","MASTER TOOL","Рукавички безшовні трикотажні з поліуретановим покриттям ""Фіалка"" 9"" MASTER TOOL 83-0655","02BB815A-EB5A-11EE-AF97-BC5FF4F4F2AA","36","","","","already_has_photo"
"skipped","83-0651","MASTER TOOL","Рукавички безшовні трикотажні з поліуретановим покриттям долоні ""Барвінок"" 9"" 17-20 г підвіс 83-0651","EBC784AF-911A-11ED-B929-BC5FF4F4F2AA","34","","","","already_has_photo"
"skipped","83-0652","MASTER TOOL","Рукавички безшовні трикотажні з поліуретановим покриттям долоні ""Мальва"" 9"" 17-20 г підвіс 83-0652","EBC784B1-911A-11ED-B929-BC5FF4F4F2AA","34","","","","already_has_photo"
"found","83-0601","MASTER TOOL","Рукавички масло-бензостійкі утеплені, нітрилове покриття, в'язаний (сині) MASTER TOOL 83-0601","C0598866-9EEA-11EB-AE88-BC5FF4F4F2AA","22","https://tdp.com.ua/images/catalog/Hk6JvLk7jt/Hk6JvLk7jtba98f1d12e5ca58a5232792be3c0733c_1427974171.jpg","https://tdp.com.ua/product/perchatki-stekolcshika-s-lateksnym-pokrytiem-master-tool-90-92-g-105-83-0601.html","98","tdp"
"found","62-3016","MASTER TOOL","Рулетка 3 м*16 мм тип Shiftlock, нейлонове покриття MASTER TOOL 62-3016","BA14D371-9EEA-11EB-AE88-BC5FF4F4F2AA","6","https://tdp.com.ua/images/catalog/UYQusEVlpk/UYQusEVlpkc27e9e2d227c5dc169b7893c8602e4c6_1413790528.jpg","https://tdp.com.ua/product/ruletka-mastertool-3m-h-16-mm-s-fiksatorom-62-3016.html","98","tdp"
"found","83-0607","MASTER TOOL","Рукавички акрилові ""Пінка"" з латексним покриттям 11"" 90-95 г оранжево-чорні MASTER TOOL 83-0607","81DE495B-8E64-11EC-BDD9-BC5FF4F4F2AA","6","https://cdn.27.ua/799/71/53/6517075_1.jpeg","https://epicentrk.ua/shop/perchatki-mastertool-akrilovye-uteplennye-s-pokrytiem-lateks-2xl-11-83-0607.html","97","epicentr"
"found","62-5019","MASTER TOOL","Рулетка 5 м*19 мм тип Shiftlock, нейлонове покриття MASTER TOOL 62-5019","BA14D373-9EEA-11EB-AE88-BC5FF4F4F2AA","3","https://tdp.com.ua/images/catalog/IOCWgyAcwf/IOCWgyAcwfc27e9e2d227c5dc169b7893c8602e4c6_1413790593.jpg","https://tdp.com.ua/product/ruletka-mastertool-shiftlock-5m19-mm-62-5019.html","98","tdp"
"found","62-8025","MASTER TOOL","Рулетка 8 м*25 мм тип Shiftlock, нейлонове покриття MASTER TOOL 62-8025","BA14D375-9EEA-11EB-AE88-BC5FF4F4F2AA","2","https://tdp.com.ua/images/catalog/7SxBhxcT0L/7SxBhxcT0Lc27e9e2d227c5dc169b7893c8602e4c6_1413790688.jpg","https://tdp.com.ua/product/ruletka-mastertool-shiftlock-8-m-h-25-mm-62-8025.html","98","tdp"
"skipped","14-6120","MASTER TOOL","Сучкоріз 400 мм MASTER TOOL 14-6120","C059895A-9EEA-11EB-AE88-BC5FF4F4F2AA","6","","","","already_has_photo"
"skipped","3-05-085","GRANITE","Свердло для бетону S4 5* 85 мм GRANITE 3-05-085","A1729E92-9EEA-11EB-AE88-BC5FF4F4F2AA","25","","","","already_has_photo"
"skipped","3-06-100","GRANITE","Свердло для бетону S4 6*100 мм GRANITE 3-06-100","A1729E94-9EEA-11EB-AE88-BC5FF4F4F2AA","22","","","","already_has_photo"
"skipped","3-06-150","GRANITE","Свердло для бетону S4 6*150 мм GRANITE 3-06-150","A1729E96-9EEA-11EB-AE88-BC5FF4F4F2AA","8","","","","already_has_photo"
"skipped","3-08-120","GRANITE","Свердло для бетону S4 8*120 мм GRANITE 3-08-120","A1729E98-9EEA-11EB-AE88-BC5FF4F4F2AA","7","","","","already_has_photo"
"skipped","3-08-200","GRANITE","Свердло для бетону S4 8*200 мм GRANITE 3-08-200","A1729E9A-9EEA-11EB-AE88-BC5FF4F4F2AA","9","","","","already_has_photo"
"skipped","3-10-120","GRANITE","Свердло для бетону S4 10*120 мм GRANITE 3-10-120","A1729E9C-9EEA-11EB-AE88-BC5FF4F4F2AA","8","","","","already_has_photo"
"skipped","3-10-200","GRANITE","Свердло для бетону S4 10*200 мм GRANITE 3-10-200","A1729E9E-9EEA-11EB-AE88-BC5FF4F4F2AA","8","","","","already_has_photo"
"skipped","3-12-120","GRANITE","Свердло для бетону S4 12*120 мм GRANITE 3-12-120","A1729EA0-9EEA-11EB-AE88-BC5FF4F4F2AA","5","","","","already_has_photo"
"skipped","3-12-200","GRANITE","Свердло для бетону S4 12*200 мм GRANITE 3-12-200","A1729EA2-9EEA-11EB-AE88-BC5FF4F4F2AA","5","","","","already_has_photo"
"found","65-5019","MASTER TOOL","Рулетка із фіксатором 5 м*19 мм MASTER TOOL 65-5019","BA14D385-9EEA-11EB-AE88-BC5FF4F4F2AA","2","https://tdp.com.ua/images/catalog/wa1JtS1emX/wa1JtS1emXf142a341428361bcfbdc034254518b10_1426167056.jpg","https://tdp.com.ua/product/ruletka-mastertool-s-fiksatorom-5m-h-19-mm-65-3016.html","86","tdp"
"skipped","0-05-110","GRANITE","Свердло для бетону SDS-PLUS S4 5*110 мм GRANITE 0-05-110","F860BF3C-9EE8-11EB-AE88-BC5FF4F4F2AA","7","","","","already_has_photo"
"skipped","0-06-110","GRANITE","Свердло для бетону SDS-PLUS S4 6*110 мм GRANITE 0-06-110","F860BF40-9EE8-11EB-AE88-BC5FF4F4F2AA","25","","","","already_has_photo"
"skipped","0-06-160","GRANITE","Свердло для бетону SDS-PLUS S4 6*160 мм GRANITE 0-06-160","F860BF42-9EE8-11EB-AE88-BC5FF4F4F2AA","13","","","","already_has_photo"
"skipped","0-06-210","GRANITE","Свердло для бетону SDS-PLUS S4 6*210 мм GRANITE 0-06-210","F860BF44-9EE8-11EB-AE88-BC5FF4F4F2AA","7","","","","already_has_photo"
"skipped","0-06-260","GRANITE","Свердло для бетону SDS-PLUS S4 6*260 мм GRANITE 0-06-260","F860BF46-9EE8-11EB-AE88-BC5FF4F4F2AA","15","","","","already_has_photo"
"skipped","0-06-310","GRANITE","Свердло для бетону SDS-PLUS S4 6*310 мм GRANITE 0-06-310","F860BF48-9EE8-11EB-AE88-BC5FF4F4F2AA","8","","","","already_has_photo"
"skipped","0-08-110","GRANITE","Свердло для бетону SDS-PLUS S4 8*110 мм GRANITE 0-08-110","F860BF4A-9EE8-11EB-AE88-BC5FF4F4F2AA","7","","","","already_has_photo"
"skipped","0-08-160","GRANITE","Свердло для бетону SDS-PLUS S4 8*160 мм GRANITE 0-08-160","F860BF4C-9EE8-11EB-AE88-BC5FF4F4F2AA","15","","","","already_has_photo"
"skipped","0-08-210","GRANITE","Свердло для бетону SDS-PLUS S4 8*210 мм GRANITE 0-08-210","F860BF4E-9EE8-11EB-AE88-BC5FF4F4F2AA","20","","","","already_has_photo"
"skipped","0-08-260","GRANITE","Свердло для бетону SDS-PLUS S4 8*260 мм GRANITE 0-08-260","F860BF50-9EE8-11EB-AE88-BC5FF4F4F2AA","22","","","","already_has_photo"
"skipped","0-08-310","GRANITE","Свердло для бетону SDS-PLUS S4 8*310 мм GRANITE 0-08-310","F860BF52-9EE8-11EB-AE88-BC5FF4F4F2AA","10","","","","already_has_photo"
"skipped","0-08-460","GRANITE","Свердло для бетону SDS-PLUS S4 8*460 мм GRANITE 0-08-460","F860BF54-9EE8-11EB-AE88-BC5FF4F4F2AA","5","","","","already_has_photo"
"skipped","0-08-600","GRANITE","Свердло для бетону SDS-PLUS S4 8*600 мм GRANITE 0-08-600","F860BF56-9EE8-11EB-AE88-BC5FF4F4F2AA","2","","","","already_has_photo"
"skipped","0-10-110","GRANITE","Свердло для бетону SDS-PLUS S4 10* 110 мм GRANITE 0-10-110","F860BF5A-9EE8-11EB-AE88-BC5FF4F4F2AA","4","","","","already_has_photo"
"skipped","0-10-160","GRANITE","Свердло для бетону SDS-PLUS S4 10* 160 мм GRANITE 0-10-160","F860BF5C-9EE8-11EB-AE88-BC5FF4F4F2AA","16","","","","already_has_photo"
"skipped","0-10-210","GRANITE","Свердло для бетону SDS-PLUS S4 10* 210 мм GRANITE 0-10-210","F860BF5E-9EE8-11EB-AE88-BC5FF4F4F2AA","9","","","","already_has_photo"
"skipped","0-10-260","GRANITE","Свердло для бетону SDS-PLUS S4 10* 260 мм GRANITE 0-10-260","F860BF60-9EE8-11EB-AE88-BC5FF4F4F2AA","15","","","","already_has_photo"
"skipped","0-10-310","GRANITE","Свердло для бетону SDS-PLUS S4 10* 310 мм GRANITE 0-10-310","F860BF62-9EE8-11EB-AE88-BC5FF4F4F2AA","8","","","","already_has_photo"
"skipped","0-10-460","GRANITE","Свердло для бетону SDS-PLUS S4 10* 460 мм GRANITE 0-10-460","F860BF64-9EE8-11EB-AE88-BC5FF4F4F2AA","2","","","","already_has_photo"
"found","64-8025","MASTER TOOL","Рулетка з магнітами 8 м*25 мм, нейлонове покриття MASTER TOOL 64-8025","BA14D381-9EEA-11EB-AE88-BC5FF4F4F2AA","1","https://tdp.com.ua/images/catalog/kzjqAObPed/kzjqAObPed4380edb04968c7cc713c1fcd0a76cb56_1413791142.jpg","https://tdp.com.ua/product/ruletka-mastertool-magnetic-s-magnitami-8-m-h-25-mm-64-8025.html","98","tdp"
"skipped","0-12-160","GRANITE","Свердло для бетону SDS-PLUS S4 12* 160 мм GRANITE 0-12-160","F860BF6C-9EE8-11EB-AE88-BC5FF4F4F2AA","16","","","","already_has_photo"
"found","4-24-800","GRANITE","Свердло для бетону SDS-MAX 24* 800 QUADRO S4 GRANITE 4-24-800","A1729E54-9EEA-11EB-AE88-BC5FF4F4F2AA","1","https://tdp.com.ua/images/catalog/eUWYtX0rXv/eUWYtX0rXvf6503d6a75e551ff00b17d35f035aae3_1413549542.jpg","https://tdp.com.ua/product/bur-po-betonu-granite-quattro-sds-max-24h800-s4-4-24-800.html","98","tdp"
"skipped","0-12-260","GRANITE","Свердло для бетону SDS-PLUS S4 12* 260 мм GRANITE 0-12-260","F860BF70-9EE8-11EB-AE88-BC5FF4F4F2AA","4","","","","already_has_photo"
"skipped","0-12-310","GRANITE","Свердло для бетону SDS-PLUS S4 12* 310 мм GRANITE 0-12-310","F860BF72-9EE8-11EB-AE88-BC5FF4F4F2AA","12","","","","already_has_photo"
"skipped","0-12-460","GRANITE","Свердло для бетону SDS-PLUS S4 12* 460 мм GRANITE 0-12-460","F860BF74-9EE8-11EB-AE88-BC5FF4F4F2AA","3","","","","already_has_photo"
"skipped","0-12-600","GRANITE","Свердло для бетону SDS-PLUS S4 12* 600 мм GRANITE 0-12-600","F860BF76-9EE8-11EB-AE88-BC5FF4F4F2AA","5","","","","already_has_photo"
"skipped","0-12-800","GRANITE","Свердло для бетону SDS-PLUS S4 12* 800 мм GRANITE 0-12-800","F860BF78-9EE8-11EB-AE88-BC5FF4F4F2AA","2","","","","already_has_photo"
"skipped","0-14-160","GRANITE","Свердло для бетону SDS-PLUS S4 14* 160 мм GRANITE 0-14-160","A1729DD6-9EEA-11EB-AE88-BC5FF4F4F2AA","4","","","","already_has_photo"
"skipped","0-14-210","GRANITE","Свердло для бетону SDS-PLUS S4 14* 210 мм GRANITE 0-14-210","A1729DD8-9EEA-11EB-AE88-BC5FF4F4F2AA","9","","","","already_has_photo"
"skipped","0-14-260","GRANITE","Свердло для бетону SDS-PLUS S4 14* 260 мм GRANITE 0-14-260","A1729DDA-9EEA-11EB-AE88-BC5FF4F4F2AA","3","","","","already_has_photo"
"skipped","0-14-310","GRANITE","Свердло для бетону SDS-PLUS S4 14* 310 мм GRANITE 0-14-310","A1729DDC-9EEA-11EB-AE88-BC5FF4F4F2AA","5","","","","already_has_photo"
"skipped","0-14-460","GRANITE","Свердло для бетону SDS-PLUS S4 14* 460 мм GRANITE 0-14-460","A1729DDE-9EEA-11EB-AE88-BC5FF4F4F2AA","3","","","","already_has_photo"
"skipped","0-14-600","GRANITE","Свердло для бетону SDS-PLUS S4 14* 600 мм GRANITE 0-14-600","A1729DE0-9EEA-11EB-AE88-BC5FF4F4F2AA","2","","","","already_has_photo"
"skipped","0-14-800","GRANITE","Свердло для бетону SDS-PLUS S4 14* 800 мм GRANITE 0-14-800","A1729DE2-9EEA-11EB-AE88-BC5FF4F4F2AA","1","","","","already_has_photo"
"skipped","0-16-260","GRANITE","Свердло для бетону SDS-PLUS S4 16* 260 мм GRANITE 0-16-260","A1729DE8-9EEA-11EB-AE88-BC5FF4F4F2AA","3","","","","already_has_photo"
"found","0-10-800","GRANITE","Свердло для бетону SDS-PLUS S4 10* 800 мм GRANITE 0-10-800","F860BF68-9EE8-11EB-AE88-BC5FF4F4F2AA","2","https://tdp.com.ua/images/catalog//1555486248_e2a03.jpg","https://tdp.com.ua/product/sverlo-po-betonu-granite-sds-plus-s4-10h800-mm-0-10-800.html","98","tdp"
"found","0-12-210","GRANITE","Свердло для бетону SDS-PLUS S4 12* 210 мм GRANITE 0-12-210","F860BF6E-9EE8-11EB-AE88-BC5FF4F4F2AA","8","https://tdp.com.ua/images/catalog/1qr9GtqmGm/1555489592_e2a03.jpg","https://tdp.com.ua/product/bur-po-betonu-granite-sds-plus-s4-12x210-mm-0-12-210.html","98","tdp"
"found","0-16-310","GRANITE","Свердло для бетону SDS-PLUS S4 16* 310 мм GRANITE 0-16-310","A1729DEA-9EEA-11EB-AE88-BC5FF4F4F2AA","4","https://tdp.com.ua/images/catalog/Y4C9b2kXHA/1555500393_e2a03.jpg","https://tdp.com.ua/product/bur-po-betonu-granite-sds-plus-s4-16x310-mm-0-16-310.html","98","tdp"
"skipped","0-18-460","GRANITE","Свердло для бетону SDS-PLUS S4 18* 460 мм GRANITE 0-18-460","A1729DF8-9EEA-11EB-AE88-BC5FF4F4F2AA","2","","","","already_has_photo"
"skipped","0-18-600","GRANITE","Свердло для бетону SDS-PLUS S4 18* 600 мм GRANITE 0-18-600","A1729DFA-9EEA-11EB-AE88-BC5FF4F4F2AA","1","","","","already_has_photo"
"skipped","0-18-800","GRANITE","Свердло для бетону SDS-PLUS S4 18* 800 мм GRANITE 0-18-800","A1729DFC-9EEA-11EB-AE88-BC5FF4F4F2AA","1","","","","already_has_photo"
"skipped","0-20-460","GRANITE","Свердло для бетону SDS-PLUS S4 20* 460 мм GRANITE 0-20-460","A1729E04-9EEA-11EB-AE88-BC5FF4F4F2AA","2","","","","already_has_photo"
"found","0-16-460","GRANITE","Свердло для бетону SDS-PLUS S4 16* 460 мм GRANITE 0-16-460","A1729DEC-9EEA-11EB-AE88-BC5FF4F4F2AA","3","https://tdp.com.ua/images/catalog/QSXhbul8id/1555501111_e2a03.jpg","https://tdp.com.ua/product/bur-po-betonu-granite-sds-plus-s4-16x460-mm-0-16-460.html","98","tdp"
"found","0-16-600","GRANITE","Свердло для бетону SDS-PLUS S4 16* 600 мм GRANITE 0-16-600","A1729DEE-9EEA-11EB-AE88-BC5FF4F4F2AA","2","https://tdp.com.ua/images/catalog/AdxeOQySBk/1555501225_e2a03.jpg","https://tdp.com.ua/product/bur-po-betonu-granite-sds-plus-s4-16x600-mm-0-16-600.html","98","tdp"
"found","0-20-800","GRANITE","Свердло для бетону SDS-PLUS S4 20* 800 мм GRANITE 0-20-800","A1729E08-9EEA-11EB-AE88-BC5FF4F4F2AA","1","https://tdp.com.ua/images/catalog//1555579181_e2a03.jpg","https://tdp.com.ua/product/sverlo-dlja-betona-granite-sds-plus-s4-20x800-mm-0-20-800.html","98","tdp"
"found","0-22-460","GRANITE","Свердло для бетону SDS-PLUS S4 22* 460 мм GRANITE 0-22-460","A1729E0C-9EEA-11EB-AE88-BC5FF4F4F2AA","2","https://tdp.com.ua/images/catalog/LNCBVAO1ZJ/1555665176_e2a03.jpg","https://tdp.com.ua/product/bur-po-betonu-granite-sds-plus-s4-22x460-mm-0-22-460.html","98","tdp"
"found","0-24-460","GRANITE","Свердло для бетону SDS-PLUS S4 24* 460 мм GRANITE 0-24-460","A1729E14-9EEA-11EB-AE88-BC5FF4F4F2AA","2","https://tdp.com.ua/images/catalog/2qK0hD0p2O/1555666484_e2a03.jpg","https://tdp.com.ua/product/bur-po-betonu-granite-sds-plus-s4-24x460-mm-0-24-460.html","98","tdp"
"found","0-24-600","GRANITE","Свердло для бетону SDS-PLUS S4 24* 600 мм GRANITE 0-24-600","A1729E16-9EEA-11EB-AE88-BC5FF4F4F2AA","2","https://tdp.com.ua/images/catalog/LHfdmrIByU/1555666635_e2a03.jpg","https://tdp.com.ua/product/bur-po-betonu-granite-sds-plus-s4-24x600-mm-0-24-600.html","98","tdp"
"skipped","2-12-012","GRANITE","Свердло для дерева перове 12 мм 6-гранний хвостовик 1/4"" GRANITE 2-12-012","A172A0D0-9EEA-11EB-AE88-BC5FF4F4F2AA","3","","","","already_has_photo"
"skipped","2-12-016","GRANITE","Свердло для дерева перове 16 мм 6-гранний хвостовик 1/4"" GRANITE 2-12-016","A172A0D4-9EEA-11EB-AE88-BC5FF4F4F2AA","3","","","","already_has_photo"
"skipped","2-12-020","GRANITE","Свердло для дерева перове 20 мм 6-гранний хвостовик 1/4"" GRANITE 2-12-020","A172A0D6-9EEA-11EB-AE88-BC5FF4F4F2AA","6","","","","already_has_photo"
"skipped","2-12-030","GRANITE","Свердло для дерева перове 30 мм 6-гранний хвостовик 1/4"" GRANITE 2-12-030","A172A0DC-9EEA-11EB-AE88-BC5FF4F4F2AA","3","","","","already_has_photo"
"skipped","2-12-035","GRANITE","Свердло для дерева перове 35 мм 6-гранний хвостовик 1/4"" GRANITE 2-12-035","A172A0E0-9EEA-11EB-AE88-BC5FF4F4F2AA","4","","","","already_has_photo"
"skipped","2-12-032","GRANITE","Свердло для дерева пухове 32 мм 6-гранний хвостовик 1/4"" GRANITE 2-12-032","A172A0DE-9EEA-11EB-AE88-BC5FF4F4F2AA","3","","","","already_has_photo"
"found","0-25-600","GRANITE","Свердло для бетону SDS-PLUS S4 25* 600 мм GRANITE 0-25-600","61F6044B-2BFA-11EC-9962-BC5FF4F4F2AA","3","https://tdp.com.ua/images/catalog/YnLdDsZIRN/1555672864_e2a03.jpg","https://tdp.com.ua/product/bur-po-betonu-granite-sds-plus-s4-25x600-mm-0-25-600.html","98","tdp"
"found","0-26-460","GRANITE","Свердло для бетону SDS-PLUS S4 26* 460 мм GRANITE 0-26-460","A1729E1E-9EEA-11EB-AE88-BC5FF4F4F2AA","2","https://tdp.com.ua/images/catalog/9WPlthGolk/1555673163_e2a03.jpg","https://tdp.com.ua/product/bur-po-betonu-granite-sds-plus-s4-26x460-mm-0-26-460.html","98","tdp"
"found","2-32-040","MASTER TOOL","Свердло для меблевого конфірмату 4,0 мм MASTER TOOL 2-32-040","A172A0EC-9EEA-11EB-AE88-BC5FF4F4F2AA","4","https://cdn.27.ua/sc--media--prod/default/56/5a/68/565a68fc-1d31-42ec-8fd7-0fd0a133eb4e.jpg","https://epicentrk.ua/shop/mplc-sverdlo-dla-meblevogo-konfirmatu-granite-4-0-mm-2-32-040-1ef349b4-c2fb-6ee6-a72a-df370d91b477.html","97","epicentr"
"found","2-32-045","MASTER TOOL","Свердло для меблевого конфірмату 4,5 мм MASTER TOOL 2-32-045","A172A0F0-9EEA-11EB-AE88-BC5FF4F4F2AA","4","https://tdp.com.ua/images/catalog/3JT5UJEHYq_2-32-045/1543310783_aa991.jpg","https://tdp.com.ua/product/sverlo-dlja-mebelnogo-konfirmata-master-tool-45-mm-2-32-045.html","98","tdp"
"skipped","6-00-010","GRANITE","Свердло для металу HSS 1,0 мм біле, DIN338 GRANITE 6-00-010","A1729F5E-9EEA-11EB-AE88-BC5FF4F4F2AA","20","","","","already_has_photo"
"skipped","6-00-015","GRANITE","Свердло для металу HSS 1,5 мм біле, DIN338 GRANITE 6-00-015","A1729F60-9EEA-11EB-AE88-BC5FF4F4F2AA","20","","","","already_has_photo"
"skipped","6-00-025","GRANITE","Свердло для металу HSS 2,5 мм біле, DIN338 GRANITE 6-00-025","A1729F64-9EEA-11EB-AE88-BC5FF4F4F2AA","10","","","","already_has_photo"
"skipped","6-00-030","GRANITE","Свердло для металу HSS 3,0 мм біле, DIN338 GRANITE 6-00-030","A1729F66-9EEA-11EB-AE88-BC5FF4F4F2AA","60","","","","already_has_photo"
"skipped","6-00-032","GRANITE","Свердло для металу HSS 3,2 мм біле, DIN338 GRANITE 6-00-032","A1729F68-9EEA-11EB-AE88-BC5FF4F4F2AA","30","","","","already_has_photo"
"skipped","6-00-038","GRANITE","Свердло для металу HSS 3,8 мм біле, DIN338 GRANITE 6-00-038","A1729F6E-9EEA-11EB-AE88-BC5FF4F4F2AA","20","","","","already_has_photo"
"skipped","6-00-040","GRANITE","Свердло для металу HSS 4,0 мм біле, DIN338 GRANITE 6-00-040","A1729F70-9EEA-11EB-AE88-BC5FF4F4F2AA","10","","","","already_has_photo"
"skipped","6-00-042","GRANITE","Свердло для металу HSS 4,2 мм біле, DIN338 GRANITE 6-00-042","A1729F72-9EEA-11EB-AE88-BC5FF4F4F2AA","40","","","","already_has_photo"
"skipped","6-00-045","GRANITE","Свердло для металу HSS 4,5 мм біле, DIN338 GRANITE 6-00-045","A1729F74-9EEA-11EB-AE88-BC5FF4F4F2AA","30","","","","already_has_photo"
"skipped","6-00-048","GRANITE","Свердло для металу HSS 4,8 мм біле, DIN338 GRANITE 6-00-048","A1729F76-9EEA-11EB-AE88-BC5FF4F4F2AA","20","","","","already_has_photo"
"skipped","6-00-052","GRANITE","Свердло для металу HSS 5,2 мм біле, DIN338 GRANITE 6-00-052","A1729F7A-9EEA-11EB-AE88-BC5FF4F4F2AA","30","","","","already_has_photo"
"skipped","6-00-060","GRANITE","Свердло для металу HSS 6,0 мм біле, DIN338 GRANITE 6-00-060","A1729F7E-9EEA-11EB-AE88-BC5FF4F4F2AA","50","","","","already_has_photo"
"skipped","6-00-065","GRANITE","Свердло для металу HSS 6,5 мм біле, DIN338 GRANITE 6-00-065","A1729F82-9EEA-11EB-AE88-BC5FF4F4F2AA","50","","","","already_has_photo"
"skipped","6-00-070","GRANITE","Свердло для металу HSS 7,0 мм біле, DIN338 GRANITE 6-00-070","A1729F84-9EEA-11EB-AE88-BC5FF4F4F2AA","20","","","","already_has_photo"
"skipped","6-00-075","GRANITE","Свердло для металу HSS 7,5 мм біле, DIN338 GRANITE 6-00-075","A1729F86-9EEA-11EB-AE88-BC5FF4F4F2AA","20","","","","already_has_photo"
"skipped","6-00-085","GRANITE","Свердло для металу HSS 8,5 мм біле, DIN338 GRANITE 6-00-085","A1729F8C-9EEA-11EB-AE88-BC5FF4F4F2AA","20","","","","already_has_photo"
"skipped","6-00-095","GRANITE","Свердло для металу HSS 9,5 мм біле, DIN338 GRANITE 6-00-095","A1729F90-9EEA-11EB-AE88-BC5FF4F4F2AA","10","","","","already_has_photo"
"skipped","6-01-020","GRANITE","Свердло для металу HSS 2,0 мм подовжене біле, DIN340 GRANITE 6-01-020","A1729FAA-9EEA-11EB-AE88-BC5FF4F4F2AA","10","","","","already_has_photo"
"skipped","6-01-025","GRANITE","Свердло для металу HSS 2,5 мм подовжене біле, DIN340 GRANITE 6-01-025","A1729FAC-9EEA-11EB-AE88-BC5FF4F4F2AA","20","","","","already_has_photo"
"skipped","6-01-030","GRANITE","Свердло для металу HSS 3,0 мм подовжене біле, DIN340 GRANITE 6-01-030","A1729FAE-9EEA-11EB-AE88-BC5FF4F4F2AA","20","","","","already_has_photo"
"skipped","6-01-032","GRANITE","Свердло для металу HSS 3,2 мм подовжене біле, DIN340 GRANITE 6-01-032","A1729FB0-9EEA-11EB-AE88-BC5FF4F4F2AA","20","","","","already_has_photo"
"skipped","6-01-035","GRANITE","Свердло для металу HSS 3,5 мм подовжене біле, DIN340 GRANITE 6-01-035","A1729FB4-9EEA-11EB-AE88-BC5FF4F4F2AA","10","","","","already_has_photo"
"skipped","6-01-040","GRANITE","Свердло для металу HSS 4,0 мм подовжене біле, DIN340 GRANITE 6-01-040","A1729FB8-9EEA-11EB-AE88-BC5FF4F4F2AA","20","","","","already_has_photo"
"skipped","6-01-045","GRANITE","Свердло для металу HSS 4,5 мм подовжене біле, DIN340 GRANITE 6-01-045","A1729FBC-9EEA-11EB-AE88-BC5FF4F4F2AA","20","","","","already_has_photo"
"skipped","6-01-055","GRANITE","Свердло для металу HSS 5,5 мм подовжене біле, DIN340 GRANITE 6-01-055","A1729FC4-9EEA-11EB-AE88-BC5FF4F4F2AA","20","","","","already_has_photo"
"skipped","6-01-060","GRANITE","Свердло для металу HSS 6,0 мм подовжене біле, DIN340 GRANITE 6-01-060","A1729FC6-9EEA-11EB-AE88-BC5FF4F4F2AA","20","","","","already_has_photo"
"skipped","6-01-065","GRANITE","Свердло для металу HSS 6,5 мм подовжене біле, DIN340 GRANITE 6-01-065","A1729FCA-9EEA-11EB-AE88-BC5FF4F4F2AA","20","","","","already_has_photo"
"skipped","6-01-070","GRANITE","Свердло для металу HSS 7,0 мм подовжене біле, DIN340 GRANITE 6-01-070","A1729FCC-9EEA-11EB-AE88-BC5FF4F4F2AA","20","","","","already_has_photo"
"skipped","6-05-015","GRANITE","Свердло для металу HSS Co 1,5 мм ""кобальтове"", DIN338 GRANITE 6-05-015","A1729FEC-9EEA-11EB-AE88-BC5FF4F4F2AA","20","","","","already_has_photo"
"skipped","6-05-100","GRANITE","Свердло для металу HSS Co 10,0 мм ""кобальтове"", DIN338 GRANITE 6-05-100","61F60465-2BFA-11EC-9962-BC5FF4F4F2AA","5","","","","already_has_photo"
"skipped","6-05-020","GRANITE","Свердло для металу HSS Co 2,0 мм ""кобальтове"", DIN338 GRANITE 6-05-020","A1729FEE-9EEA-11EB-AE88-BC5FF4F4F2AA","40","","","","already_has_photo"
"skipped","6-05-042","GRANITE","Свердло для металу HSS Co 4,2 мм ""кобальтове"", DIN338 GRANITE 6-05-042","61F60459-2BFA-11EC-9962-BC5FF4F4F2AA","30","","","","already_has_photo"
"skipped","6-05-045","GRANITE","Свердло для металу HSS Co 4,5 мм ""кобальтове"", DIN338 GRANITE 6-05-045","A1729FFE-9EEA-11EB-AE88-BC5FF4F4F2AA","30","","","","already_has_photo"
"skipped","6-05-055","GRANITE","Свердло для металу HSS Co 5,5 мм ""кобальтове"", DIN338 GRANITE 6-05-055","A172A004-9EEA-11EB-AE88-BC5FF4F4F2AA","40","","","","already_has_photo"
"skipped","6-05-065","GRANITE","Свердло для металу HSS Co 6,5 мм ""кобальтове"", DIN338 GRANITE 6-05-065","61F60461-2BFA-11EC-9962-BC5FF4F4F2AA","20","","","","already_has_photo"
"skipped","6-05-070","GRANITE","Свердло для металу HSS Co 7,0 мм ""кобальтове"", DIN338 GRANITE 6-05-070","A172A006-9EEA-11EB-AE88-BC5FF4F4F2AA","30","","","","already_has_photo"
"skipped","6-05-075","GRANITE","Свердло для металу HSS Co 7,5 мм ""кобальтове"", DIN338 GRANITE 6-05-075","A172A008-9EEA-11EB-AE88-BC5FF4F4F2AA","20","","","","already_has_photo"
"skipped","6-05-080","GRANITE","Свердло для металу HSS Co 8,0 мм ""кобальтове"", DIN338 GRANITE 6-05-080","61F60463-2BFA-11EC-9962-BC5FF4F4F2AA","5","","","","already_has_photo"
"skipped","6-05-085","GRANITE","Свердло для металу HSS Co 8,5 мм ""кобальтове"", DIN338 GRANITE 6-05-085","A172A00A-9EEA-11EB-AE88-BC5FF4F4F2AA","10","","","","already_has_photo"
"skipped","2-08-110","GRANITE","Свердло корончате для бетону 110 мм 12 зубців GRANITE 2-08-110","A1729ED0-9EEA-11EB-AE88-BC5FF4F4F2AA","1","","","","already_has_photo"
"found","2-32-042","MASTER TOOL","Свердло для меблевого конфірмату 4,2 мм MASTER TOOL 2-32-042","A172A0EE-9EEA-11EB-AE88-BC5FF4F4F2AA","4","https://cdn.27.ua/799/8c/7e/2722942_1.jpeg","https://epicentrk.ua/shop/sverlo-po-derevu-pod-konfirmat-granit-4-2-mm-1-sht-2-32-042.html","97","epicentr"
"found","2-08-030","GRANITE","Свердло корончате для бетону 30 мм 4 зубця GRANITE 2-08-030","A1729EB0-9EEA-11EB-AE88-BC5FF4F4F2AA","2","https://tdp.com.ua/images/catalog/lYksdt2btt/lYksdt2bttc9e5e6dddf850209505b12b31e8e3665_1427448022.jpg","https://tdp.com.ua/product/sverlo-koronchatoe-dlja-betona-granite-30-mm-2-08-030.html","98","tdp"
"found","2-08-040","GRANITE","Свердло корончате для бетону 40 мм 5 зубця GRANITE 2-08-040","A1729EB4-9EEA-11EB-AE88-BC5FF4F4F2AA","2","https://tdp.com.ua/images/catalog/ZmGrNuuQL7/ZmGrNuuQL7c9e5e6dddf850209505b12b31e8e3665_1427448930.jpg","https://tdp.com.ua/product/sverlo-koronchatoe-dlja-betona-granite-40-mm-2-08-040.html","98","tdp"
"found","2-08-045","GRANITE","Свердло корончате для бетону 45 мм 5 зубця GRANITE 2-08-045","A1729EB6-9EEA-11EB-AE88-BC5FF4F4F2AA","2","https://tdp.com.ua/images/catalog/KXgi9at13T/KXgi9at13Tde2434fae2ebffc8ab51b4f1f685f081_1413554411.jpg","https://tdp.com.ua/product/sverlo-koronchatoe-dlja-betona-granite-45-mm-2-08-045.html","98","tdp"
"found","2-08-050","GRANITE","Свердло корончате для бетону 50 мм 6 зубців GRANITE 2-08-050","A1729EB8-9EEA-11EB-AE88-BC5FF4F4F2AA","2","https://tdp.com.ua/images/catalog/QnwgPXdq78/QnwgPXdq78de2434fae2ebffc8ab51b4f1f685f081_1413555206.jpg","https://tdp.com.ua/product/sverlo-koronchatoe-dlja-betona-granite-50-mm-2-08-050.html","98","tdp"
"found","2-32-050","MASTER TOOL","Свердло для меблевого конфірмату 5,0 мм MASTER TOOL 2-32-050","A172A0F2-9EEA-11EB-AE88-BC5FF4F4F2AA","4","https://cdn.27.ua/799/8c/82/2722946_1.jpeg","https://epicentrk.ua/shop/sverlo-po-derevu-pod-konfirmat-granit-5-0-mm-1-sht-2-32-050.html","97","epicentr"
"found","2-08-055","GRANITE","Свердло корончате для бетону 55 мм 6 зубців GRANITE 2-08-055","A1729EBA-9EEA-11EB-AE88-BC5FF4F4F2AA","2","https://tdp.com.ua/images/catalog/LVCnIc3gq3/LVCnIc3gq3c9e5e6dddf850209505b12b31e8e3665_1427449389.jpg","https://tdp.com.ua/product/sverlo-koronchatoe-dlja-betona-granite-55-mm-2-08-055.html","98","tdp"
"found","2-08-066","GRANITE","Свердло корончате для бетону 65 мм 8 зубців GRANITE 2-08-066","A1729EBE-9EEA-11EB-AE88-BC5FF4F4F2AA","3","https://tdp.com.ua/images/catalog//1509457239_555c252b27d51bdd24a4100be1087c0c.jpg","https://tdp.com.ua/product/sverlo-koronchatoe-dlja-betona-granite-65-mm-8-zubcov-2-08-066.html","98","tdp"
"found","2-08-068","GRANITE","Свердло корончате для бетону 68 мм 8 зубців GRANITE 2-08-068","A1729EC0-9EEA-11EB-AE88-BC5FF4F4F2AA","3","https://tdp.com.ua/images/catalog/qnExv8qunz/qnExv8qunzde2434fae2ebffc8ab51b4f1f685f081_1413786855.jpg","https://tdp.com.ua/product/sverlo-koronchatoe-dlja-betona-granite-68-mm-2-08-068.html","98","tdp"
"found","2-08-070","GRANITE","Свердло корончате для бетону 70 мм 8 зубців GRANITE 2-08-070","A1729EC2-9EEA-11EB-AE88-BC5FF4F4F2AA","1","https://tdp.com.ua/images/catalog/VmwZnZDd1F/VmwZnZDd1Fc9e5e6dddf850209505b12b31e8e3665_1427450575.jpg","https://tdp.com.ua/product/sverlo-koronchatoe-dlja-betona-granite-70-mm-2-08-070.html","98","tdp"
"found","2-08-075","GRANITE","Свердло корончате для бетону 75 мм 9 зубців GRANITE 2-08-075","A1729EC4-9EEA-11EB-AE88-BC5FF4F4F2AA","1","https://tdp.com.ua/images/catalog/vZQEdo4CPj/vZQEdo4CPjde2434fae2ebffc8ab51b4f1f685f081_1413787219.jpg","https://tdp.com.ua/product/sverlo-koronchatoe-dlja-betona-granite-75-mm-2-08-075.html","98","tdp"
"found","2-08-085","GRANITE","Свердло корончате для бетону 85 мм 10 зубців GRANITE 2-08-085","A1729ECA-9EEA-11EB-AE88-BC5FF4F4F2AA","1","https://tdp.com.ua/images/catalog/IgNVOkDhTZ/IgNVOkDhTZde2434fae2ebffc8ab51b4f1f685f081_1413787514.jpg","https://tdp.com.ua/product/sverlo-koronchatoe-dlja-betona-granite-85-mm-2-08-085.html","98","tdp"
"found","2-08-081","GRANITE","Свердло корончате для бетону 80 мм 10 зубців GRANITE 2-08-081","A1729EC8-9EEA-11EB-AE88-BC5FF4F4F2AA","1","https://tdp.com.ua/images/catalog//1556008314_b0e70.jpg","https://tdp.com.ua/product/sverlo-koronchatoe-dlja-betona-granite-80-mm-2-08-081.html","98","tdp"
"skipped","2-01-108","GRANITE","Свердло пікоподібне для скла та плитки 10*85 мм GRANITE 2-01-108","A172A10A-9EEA-11EB-AE88-BC5FF4F4F2AA","5","","","","already_has_photo"
"skipped","2-01-129","GRANITE","Свердло пікоподібне для скла та плитки 12*90 мм GRANITE 2-01-129","A172A10C-9EEA-11EB-AE88-BC5FF4F4F2AA","7","","","","already_has_photo"
"skipped","2-01-036","GRANITE","Свердло пікоподібне для скла та плитки 3*60 мм GRANITE 2-01-036","A172A100-9EEA-11EB-AE88-BC5FF4F4F2AA","5","","","","already_has_photo"
"skipped","2-01-046","GRANITE","Свердло пікоподібне для скла та плитки 4*60 мм GRANITE 2-01-046","A172A102-9EEA-11EB-AE88-BC5FF4F4F2AA","7","","","","already_has_photo"
"skipped","2-01-056","GRANITE","Свердло пікоподібне для скла та плитки 5*65 мм GRANITE 2-01-056","A172A104-9EEA-11EB-AE88-BC5FF4F4F2AA","6","","","","already_has_photo"
"skipped","2-01-067","GRANITE","Свердло пікоподібне для скла та плитки 6*68 мм GRANITE 2-01-067","A172A106-9EEA-11EB-AE88-BC5FF4F4F2AA","4","","","","already_has_photo"
"skipped","2-01-087","GRANITE","Свердло пікоподібне для скла та плитки 8*70 мм GRANITE 2-01-087","A172A108-9EEA-11EB-AE88-BC5FF4F4F2AA","4","","","","already_has_photo"
"skipped","2-01-222","GRANITE","Свердло трубчасте з алмазним напиленням для скла та плитки 22 мм GRANITE 2-01-222","A172A12C-9EEA-11EB-AE88-BC5FF4F4F2AA","2","","","","already_has_photo"
"skipped","2-01-224","GRANITE","Свердло трубчасте з алмазним напиленням для скла та плитки 24 мм GRANITE 2-01-224","A172A12E-9EEA-11EB-AE88-BC5FF4F4F2AA","2","","","","already_has_photo"
"skipped","2-01-226","GRANITE","Свердло трубчасте з алмазним напиленням для скла та плитки 26 мм GRANITE 2-01-226","A172A130-9EEA-11EB-AE88-BC5FF4F4F2AA","2","","","","already_has_photo"
"skipped","2-01-228","GRANITE","Свердло трубчасте з алмазним напиленням для скла та плитки 28 мм GRANITE 2-01-228","A172A132-9EEA-11EB-AE88-BC5FF4F4F2AA","1","","","","already_has_photo"
"skipped","2-01-203","GRANITE","Свердло трубчасте з алмазним напиленням для скла та плитки 3 мм, 2 шт, GRANITE 2-01-203","A172A116-9EEA-11EB-AE88-BC5FF4F4F2AA","2","","","","already_has_photo"
"skipped","2-01-238","GRANITE","Свердло трубчасте з алмазним напиленням для скла та плитки 38 мм GRANITE 2-01-238","A172A138-9EEA-11EB-AE88-BC5FF4F4F2AA","1","","","","already_has_photo"
"skipped","2-01-240","GRANITE","Свердло трубчасте з алмазним напиленням для скла та плитки 40 мм GRANITE 2-01-240","CD5D4DB5-3815-11EC-B64C-BC5FF4F4F2AA","2","","","","already_has_photo"
"skipped","2-01-245","GRANITE","Свердло трубчасте з алмазним напиленням для скла та плитки 45 мм GRANITE 2-01-245","A172A13A-9EEA-11EB-AE88-BC5FF4F4F2AA","1","","","","already_has_photo"
"skipped","2-01-205","GRANITE","Свердло трубчасте з алмазним напиленням для скла та плитки 5 мм, 2 шт, GRANITE 2-01-205","A172A11A-9EEA-11EB-AE88-BC5FF4F4F2AA","1","","","","already_has_photo"
"skipped","2-01-255","GRANITE","Свердло трубчасте з алмазним напиленням для скла та плитки 55 мм GRANITE 2-01-255","A172A13E-9EEA-11EB-AE88-BC5FF4F4F2AA","2","","","","already_has_photo"
"skipped","2-01-206","GRANITE","Свердло трубчасте з алмазним напиленням для скла та плитки 6 мм, 2 шт, GRANITE 2-01-206","A172A11C-9EEA-11EB-AE88-BC5FF4F4F2AA","1","","","","already_has_photo"
"skipped","2-01-260","GRANITE","Свердло трубчасте з алмазним напиленням для скла та плитки 60 мм GRANITE 2-01-260","A172A140-9EEA-11EB-AE88-BC5FF4F4F2AA","2","","","","already_has_photo"
"skipped","2-01-265","GRANITE","Свердло трубчасте з алмазним напиленням для скла та плитки 65 мм GRANITE 2-01-265","A172A142-9EEA-11EB-AE88-BC5FF4F4F2AA","2","","","","already_has_photo"
"skipped","2-01-208","GRANITE","Свердло трубчасте з алмазним напиленням для скла та плитки 8 мм, 2 шт, GRANITE 2-01-208","A172A11E-9EEA-11EB-AE88-BC5FF4F4F2AA","1","","","","already_has_photo"
"skipped","2-01-280","GRANITE","Свердло трубчасте з алмазним напиленням для скла та плитки 80 мм GRANITE 2-01-280","A172A144-9EEA-11EB-AE88-BC5FF4F4F2AA","2","","","","already_has_photo"
"skipped","14-6127","MASTER TOOL","Секатор садовий 195 мм, ручки PVC, лезо SK5 MASTER TOOL 14-6127","69BC0B4E-2C12-11EC-9962-BC5FF4F4F2AA","14","","","","already_has_photo"
"skipped","14-6119","MASTER TOOL","Секатор садовий 200 мм, ручки ABS+TPR, лезо Mn65+ТЕФЛОН MASTER TOOL 14-6119","C0598958-9EEA-11EB-AE88-BC5FF4F4F2AA","5","","","","already_has_photo"
"skipped","14-6111","MASTER TOOL","Секатор садовий з поворотною ручкою 215 мм, лезо знімне НЕРЖ MASTER TOOL 14-6111","C059894E-9EEA-11EB-AE88-BC5FF4F4F2AA","42","","","","already_has_photo"
"skipped","14-6116","MASTER TOOL","Секатор щеплювальний, 210 мм, змінні леза V, U, Ω-подібні, SK5 MASTER TOOL 14-6116","C0598954-9EEA-11EB-AE88-BC5FF4F4F2AA","8","","","","already_has_photo"
"skipped","FX-2112","WERTVOLL","Скоби загартовані R 53 12 мм/11.3*0.75мм, 1000 шт WERTVOLL FX-2112","65E4565B-EB59-11EE-AF97-BC5FF4F4F2AA","16","","","","already_has_photo"
"found","2-08-090","GRANITE","Свердло корончате для бетону 90 мм 11 зубців GRANITE 2-08-090","A1729ECC-9EEA-11EB-AE88-BC5FF4F4F2AA","1","https://tdp.com.ua/images/catalog/cyBoKtz7yV/cyBoKtz7yVde2434fae2ebffc8ab51b4f1f685f081_1413787581.jpg","https://tdp.com.ua/product/sverlo-koronchatoe-dlja-betona-granite-90-mm-2-08-090.html","98","tdp"
"skipped","17-0512","MASTER TOOL","Скребок для фарби з лезом трапеція MASTER TOOL 17-0512","BA14D767-9EEA-11EB-AE88-BC5FF4F4F2AA","10","","","","already_has_photo"
"found","8-02-400","GRANITE","Сітка абразивна зерно 400 107*280 мм, 10 шт GRANITE 8-02-400","A7773D57-9EEA-11EB-AE88-BC5FF4F4F2AA","2","https://tdp.com.ua/images/catalog/sfNw9uW9YK/sfNw9uW9YK8a58328bd17eb806b98c376208bf7bdd_1424957674.jpg","https://tdp.com.ua/product/setka-abrazivnaja-granite-zerno-400-107-x-280-mm-10-sht-8-02-400.html","98","tdp"
"found","17-1001","MASTER TOOL","Скребок для фарби з комплектом лез 10 шт MASTER TOOL 17-1001","BA14D769-9EEA-11EB-AE88-BC5FF4F4F2AA","3","https://tdp.com.ua/images/catalog/2IyzBT8RQH/2IyzBT8RQH14928428e5597c8957bb600663bc2e1b_1425042984.jpg","https://tdp.com.ua/product/skrebok-dlja-kraski-master-tool.html","86","tdp"
"skipped","05-0206","MASTER TOOL","Сокира 1000 г рукоятка 590 мм зі скловолокна MASTER TOOL 05-0206","AD95090E-9EEA-11EB-AE88-BC5FF4F4F2AA","6","","","","already_has_photo"
"skipped","05-0201","MASTER TOOL","Сокира 600 г рукоятка 390 мм зі скловолокна MASTER TOOL 05-0201","AD95090A-9EEA-11EB-AE88-BC5FF4F4F2AA","1","","","","already_has_photo"
"skipped","05-0205","MASTER TOOL","Сокира 800 г рукоятка 360 мм зі скловолокна MASTER TOOL 05-0205","AD95090C-9EEA-11EB-AE88-BC5FF4F4F2AA","5","","","","already_has_photo"
"skipped","05-0910","MASTER TOOL","Сокира-колун 2500 г HRC 50 рукоятка фібергласова 900 мм MASTERTOOL 05-0910","B3CD315D-F5A2-11EF-9CEB-BC5FF4F4F2AA","5","","","","already_has_photo"
"skipped","05-0208","MASTER TOOL","Сокира-колун 1000 г рукоятка 390 мм зі скловолокна MASTER TOOL 05-0208","AD950910-9EEA-11EB-AE88-BC5FF4F4F2AA","2","","","","already_has_photo"
"skipped","05-0909","MASTER TOOL","Сокира-колун 2000 г рукоятка 810 мм зі скловолокна MASTER TOOL 05-0909","7C6DDD07-8D88-11ED-85D2-BC5FF4F4F2AA","2","","","","already_has_photo"
"skipped","05-0209","MASTER TOOL","Сокира-колун 2200 г рукоятка 875 мм зі скловолокна MASTER TOOL 05-0209","AD950912-9EEA-11EB-AE88-BC5FF4F4F2AA","3","","","","already_has_photo"
"skipped","05-0210","MASTER TOOL","Сокира-колун 2700 г рукоятка 900 мм зі скловолокна MASTER TOOL 05-0210","AD950914-9EEA-11EB-AE88-BC5FF4F4F2AA","9","","","","already_has_photo"
"skipped","05-0211","MASTER TOOL","Сокира-колун 3600 г рукоятка 900 мм зі скловолокна MASTER TOOL 05-0211","AD950916-9EEA-11EB-AE88-BC5FF4F4F2AA","3","","","","already_has_photo"
"skipped","05-0126","MASTER TOOL","Сокира 600 г рукоятка 390 мм з твердого дерева MASTER TOOL 05-0126","AD950918-9EEA-11EB-AE88-BC5FF4F4F2AA","4","","","","already_has_photo"
"skipped","05-0128","MASTER TOOL","Сокира 800 г рукоятка 420 мм із твердого дерева MASTER TOOL 05-0128","AD95091A-9EEA-11EB-AE88-BC5FF4F4F2AA","7","","","","already_has_photo"
"skipped","05-0131","MASTER TOOL","Сокира-колун 1000 г рукоятка 430 мм з твердого дерева MASTER TOOL 05-0131","AD95091E-9EEA-11EB-AE88-BC5FF4F4F2AA","4","","","","already_has_photo"
"skipped","05-0132","MASTER TOOL","Сокира-колун 2000 г рукоятка 900 мм з твердого дерева MASTER TOOL 05-0132","AD950920-9EEA-11EB-AE88-BC5FF4F4F2AA","3","","","","already_has_photo"
"found","14-1710","MASTER TOOL","Стамеска 10мм ТИТУЛ 14-1710","AD9508A0-9EEA-11EB-AE88-BC5FF4F4F2AA","2","https://tdp.com.ua/images/catalog//1512657146_e89666feb714ab9c3946f28f00c5d8c4.jpg","https://tdp.com.ua/product/stameska-master-tool-10mm-14-1710.html","98","tdp"
"found","17-1005","MASTER TOOL","Цикля 238*25,6 мм із двокомпонентною ручкою MASTER TOOL 17-1005","BA14D76B-9EEA-11EB-AE88-BC5FF4F4F2AA","1","https://cdn.27.ua/799/72/dc/2257628_1.jpeg","https://epicentrk.ua/shop/tsiklya-mastertool-238kh25-6-mm-17-1005.html","97","epicentr"
"found","14-1712","MASTER TOOL","Стамеска 12мм ТИТУЛ 14-1712","AD9508A2-9EEA-11EB-AE88-BC5FF4F4F2AA","2","https://tdp.com.ua/images/catalog//1512657389_e89666feb714ab9c3946f28f00c5d8c4.jpg","https://tdp.com.ua/product/stameska-master-tool-12mm-14-1712.html","98","tdp"
"found","17-1007","MASTER TOOL","Цикля 290*64 мм із двокомпонентною ручкою MASTER TOOL 17-1007","BA14D76F-9EEA-11EB-AE88-BC5FF4F4F2AA","1","https://cdn.27.ua/799/72/da/2257626_1.jpeg","https://epicentrk.ua/shop/tsiklya-mastertool-290kh64-mm-s-dvukhkomponentnoy-ruchkoy-17-1007.html","97","epicentr"
"found","14-1714","MASTER TOOL","Стамеска 14мм ТИТУЛ 14-1714","AD9508A4-9EEA-11EB-AE88-BC5FF4F4F2AA","2","https://tdp.com.ua/images/catalog//1512657611_e89666feb714ab9c3946f28f00c5d8c4.jpg","https://tdp.com.ua/product/stameska-master-tool-14mm-14-1714.html","98","tdp"
"found","14-1715","MASTER TOOL","Стамеска 15мм ТИТУЛ 14-1715","AD9508A6-9EEA-11EB-AE88-BC5FF4F4F2AA","2","https://tdp.com.ua/images/catalog//1512657917_e89666feb714ab9c3946f28f00c5d8c4.jpg","https://tdp.com.ua/product/stameska-master-tool-15mm-14-1715.html","98","tdp"
"found","14-1716","MASTER TOOL","Стамеска 16мм ТИТУЛ 14-1716","AD9508A8-9EEA-11EB-AE88-BC5FF4F4F2AA","1","https://tdp.com.ua/images/catalog//1512661787_e89666feb714ab9c3946f28f00c5d8c4.jpg","https://tdp.com.ua/product/stameska-master-tool-16mm-14-1716.html","98","tdp"
"found","14-1718","MASTER TOOL","Стамеска 18мм ТИТУЛ 14-1718","AD9508AA-9EEA-11EB-AE88-BC5FF4F4F2AA","2","https://tdp.com.ua/images/catalog//1512718642_e89666feb714ab9c3946f28f00c5d8c4.jpg","https://tdp.com.ua/product/stameska-master-tool-18mm-14-1718.html","98","tdp"
"found","14-1720","MASTER TOOL","Стамеска 20мм ТИТУЛ 14-1720","AD9508AC-9EEA-11EB-AE88-BC5FF4F4F2AA","2","https://tdp.com.ua/images/catalog//1512719593_e89666feb714ab9c3946f28f00c5d8c4.jpg","https://tdp.com.ua/product/stameska-master-tool-20mm-14-1720.html","98","tdp"
"found","14-1722","MASTER TOOL","Стамеска 22мм ТИТУЛ 14-1722","AD9508AE-9EEA-11EB-AE88-BC5FF4F4F2AA","1","https://tdp.com.ua/images/catalog//1512719768_e89666feb714ab9c3946f28f00c5d8c4.jpg","https://tdp.com.ua/product/stameska-master-tool-22mm-14-1722.html","98","tdp"
"found","14-1725","MASTER TOOL","Стамеска 25мм ТИТУЛ 14-1725","AD9508B0-9EEA-11EB-AE88-BC5FF4F4F2AA","1","https://tdp.com.ua/images/catalog//1512642984_e89666feb714ab9c3946f28f00c5d8c4.jpg","https://tdp.com.ua/product/stameska-master-tool-25mm-14-1725.html","98","tdp"
"found","14-1732","MASTER TOOL","Стамеска 32мм ТИТУЛ 14-1732","AD9508B2-9EEA-11EB-AE88-BC5FF4F4F2AA","1","https://tdp.com.ua/images/catalog//1512643250_e89666feb714ab9c3946f28f00c5d8c4.jpg","https://tdp.com.ua/product/stameska-master-tool-32mm-14-1732.html","98","tdp"
"found","14-1738","MASTER TOOL","Стамеска 38мм ТИТУЛ 14-1738","AD9508B4-9EEA-11EB-AE88-BC5FF4F4F2AA","2","https://tdp.com.ua/images/catalog//1512648148_e89666feb714ab9c3946f28f00c5d8c4.jpg","https://tdp.com.ua/product/stameska-master-tool-38mm-14-1738.html","98","tdp"
"found","14-1706","MASTER TOOL","Стамеска 6мм ТИТУЛ 14-1706","AD95089C-9EEA-11EB-AE88-BC5FF4F4F2AA","2","https://tdp.com.ua/images/catalog//1512656696_e89666feb714ab9c3946f28f00c5d8c4.jpg","https://tdp.com.ua/product/stameska-master-tool-6mm-14-1706.html","98","tdp"
"skipped","42-1162","MASTER TOOL","Стрижні клейові 11,2*200 мм, 12 шт, суперміцні EXTRA MASTER TOOL 42-1162","A7773F51-9EEA-11EB-AE88-BC5FF4F4F2AA","2","","","","already_has_photo"
"skipped","42-1168","MASTER TOOL","Стрижні клейові 11,2*200 мм, 6 шт, для дерева WOOD MASTER TOOL 42-1168","A7773F5D-9EEA-11EB-AE88-BC5FF4F4F2AA","2","","","","already_has_photo"
"skipped","42-1170","MASTER TOOL","Стрижні клейові 11,2*200 мм, 6 шт, для тканини TEXTILE MASTER TOOL 42-1170","A7773F61-9EEA-11EB-AE88-BC5FF4F4F2AA","1","","","","already_has_photo"
"skipped","42-0167","MASTER TOOL","Стрижні клейові 11,2*200 мм, 6 шт, флуоресцентні MASTER TOOL 42-0167","A7773F35-9EEA-11EB-AE88-BC5FF4F4F2AA","2","","","","already_has_photo"
"found","14-1708","MASTER TOOL","Стамеска 8мм ТИТУЛ 14-1708","AD95089E-9EEA-11EB-AE88-BC5FF4F4F2AA","2","https://tdp.com.ua/images/catalog//1512657030_e89666feb714ab9c3946f28f00c5d8c4.jpg","https://tdp.com.ua/product/stameska-master-tool-8mm-14-1708.html","98","tdp"
"found","14-1700","MASTER TOOL","Стамески 4 шт(6,12,18,24мм) пластикові ручки ТИТУЛ 14-1700","AD95089A-9EEA-11EB-AE88-BC5FF4F4F2AA","1","https://cdn.27.ua/sc--media--prod/default/ed/bb/dc/edbbdc19-35df-45c7-a984-f7a15a61c7d5.jpg","https://epicentrk.ua/shop/mplc-stameski-titul-gm-14-1700-4-st-6-12-18-24-mm-1ee37679-d56d-619c-ad0a-df3d920925c1.html","97","epicentr"
"found","92-0741","ГОСПОДАР","Стілець складаний 280*280*350 мм (власне вироб.) ГОСПОДАР 92-0741","C656D60F-9EEA-11EB-AE88-BC5FF4F4F2AA","2","https://cdn.27.ua/sc--media--prod/default/be/a4/c1/bea4c197-4004-4584-9b53-2fd9c844fabb.jpg","https://epicentrk.ua/shop/mplc-stil-chik-skladnii-gospodar-gm-280kh280kh350-mm-92-0741-1ec75113-79e3-6076-b429-edc5d9158699.html","97","epicentr"
"skipped","79-9612","ГОСПОДАР","Тент 6 х 12 м, синій ГОСПОДАР 79-9612-В","C656D275-9EEA-11EB-AE88-BC5FF4F4F2AA","3","","","","already_has_photo"
"found","92-0869","ГОСПОДАР","Стілець складаний 300*330*345 мм з дерев'яним сидінням (власне вироб.) ГОСПОДАР 92-0869","C656D617-9EEA-11EB-AE88-BC5FF4F4F2AA","1","https://cdn.27.ua/sc--media--prod/default/62/b4/14/62b41487-3545-478b-8e97-adff8806a9f1.jpg","https://epicentrk.ua/shop/mplc-stil-chik-skladnii-gospodar-gm-300kh330kh345-mm-92-0869-1ec738ba-4832-62a0-abcf-5f6b851ac9f0.html","97","epicentr"
"found","40-0339","MASTER TOOL","Тримач магнітний з ручкою 1/4"" 160 мм MASTER TOOL 40-0339","B3B061EE-9EEA-11EB-AE88-BC5FF4F4F2AA","3","https://tdp.com.ua/images/catalog/mixl6ZNrIp/mixl6ZNrIp6e68351064943f942ef057a46e983aa3_1425377543.jpg","https://tdp.com.ua/product/derzhatel-master-tool-40-0339--magnitnyj.html","98","tdp"
"found","79-8012","MASTER TOOL","Тент 10 х 12 м, камуфляж, 90 г/м2 MASTER TOOL 79-8012","B5AC9675-C72E-11EC-991D-BC5FF4F4F2AA","3","https://cdn.27.ua/sc--media--prod/default/11/4d/20/114d201f-9df2-4422-b73d-c2a40edc46f5.jpg","https://epicentrk.ua/shop/mplc-tent-mastertool-10h12-m-90-g-m2-camouflage-79-8012-1f0d433c-f902-6206-8603-ab87be67ca40.html","97","epicentr"
"found","92-0858","ГОСПОДАР","Терка для продуктів велика, 1 робоча поверхня ГОСПОДАР 92-0858","CC586329-9EEA-11EB-AE88-BC5FF4F4F2AA","2","https://cdn.27.ua/sc--media--prod/default/61/ee/31/61ee3114-ecd7-4bc9-89e2-5de13ee8560a.jpg","https://epicentrk.ua/shop/mplc-terka-dlya-produktiv-krupna-gospodar-1-robocha-poverkhnya-92-0858-1ed4bb5d-f59b-6e0e-9654-31db0bef0551.html","97","epicentr"
"skipped","78-0142","MASTER TOOL","Тріскачка 1/2"" 72Т гнута MASTER TOOL 78-0142","B3B06348-9EEA-11EB-AE88-BC5FF4F4F2AA","1","","","","already_has_photo"
"skipped","78-0149","MASTER TOOL","Тріскачка 1/2"" 90Т MASTER TOOL 78-0149","B3B0634E-9EEA-11EB-AE88-BC5FF4F4F2AA","1","","","","already_has_photo"
"skipped","78-0109","MASTER TOOL","Тріскачка 1/4"" 90Т MASTER TOOL 78-0109","B3B06340-9EEA-11EB-AE88-BC5FF4F4F2AA","1","","","","already_has_photo"
"skipped","78-0123","MASTER TOOL","Тріскачка 3/8"" 45Т MASTER TOOL 78-0123","B3B06344-9EEA-11EB-AE88-BC5FF4F4F2AA","2","","","","already_has_photo"
"skipped","78-0121","MASTER TOOL","Тріскачка 3/8"" 72Т гнута MASTER TOOL 78-0121","B3B06342-9EEA-11EB-AE88-BC5FF4F4F2AA","2","","","","already_has_photo"
"skipped","78-0129","MASTER TOOL","Тріскачка 3/8"" 90Т MASTER TOOL 78-0129","B3B06346-9EEA-11EB-AE88-BC5FF4F4F2AA","4","","","","already_has_photo"
"found","78-0143","MASTER TOOL","Тріскачка 1/2"" 45Т пряма MASTER TOOL 78-0143","B3B0634A-9EEA-11EB-AE88-BC5FF4F4F2AA","2","https://tdp.com.ua/images/catalog//1479724595_17987ba8cf3f08de4c18a35dc96997d6.jpg","https://tdp.com.ua/product/trecshotka-mastertool-78-0143-prjamaja-12-45t-zubov.html","98","tdp"
"found","74-0065","MASTER TOOL","Труборіз 200 мм макс. д-р 42 мм MASTER TOOL 74-0065","AD950A2C-9EEA-11EB-AE88-BC5FF4F4F2AA","2","https://tdp.com.ua/images/catalog/AkKrBbLks2/AkKrBbLks26d1f49157fc4a5e7d022e1d2280fdb46_1425300935.jpg","https://tdp.com.ua/product/truborez-dlja-plastikovyh-trub-master-tool-74-0065.html","98","tdp"
"found","2-09-011","GRANITE","Хвостовик для коронки 22* 110 мм SDS-PLUS GRANITE 2-09-011","A1729ED6-9EEA-11EB-AE88-BC5FF4F4F2AA","2","https://tdp.com.ua/images/catalog//1555925956_f8f56.jpg","https://tdp.com.ua/product/hvostovik-dlja-koronki-granite-22x110-mm-2-09-011.html","98","tdp"
"found","2-09-016","GRANITE","Хвостовик для коронки 22* 160 мм SDS-PLUS GRANITE 2-09-016","A1729ED8-9EEA-11EB-AE88-BC5FF4F4F2AA","2","https://tdp.com.ua/images/catalog/O5i07njKYT/1555932158_f8f56.jpg","https://tdp.com.ua/product/hvostovik-dlja-koronki-granite-22x160-mm-2-09-016.html","98","tdp"
"found","2-09-080","GRANITE","Хвостовик для коронки 22* 800 мм SDS-PLUS GRANITE 2-09-080","A1729EDE-9EEA-11EB-AE88-BC5FF4F4F2AA","3","https://tdp.com.ua/images/catalog/j6MsDttmw1/1555932515_f8f56.jpg","https://tdp.com.ua/product/hvostovik-dlja-koronki-granite-22x800-mm-2-09-080.html","98","tdp"
"found","2-09-060","GRANITE","Хвостовик для коронки 22* 600 мм SDS-PLUS GRANITE 2-09-060","A1729EDC-9EEA-11EB-AE88-BC5FF4F4F2AA","3","https://tdp.com.ua/images/catalog/xC3trVWXrJ/1555932420_f8f56.jpg","https://tdp.com.ua/product/hvostovik-dlja-koronki-granite-22x600-mm-2-09-060.html","98","tdp"
"found","2-09-045","GRANITE","Хвостовик для коронки 22* 450 мм SDS-PLUS GRANITE 2-09-045","A1729EDA-9EEA-11EB-AE88-BC5FF4F4F2AA","3","https://tdp.com.ua/images/catalog/thVSoZRY6p/1555932305_f8f56.jpg","https://tdp.com.ua/product/hvostovik-dlja-koronki-granite-22x450-mm-2-09-045.html","98","tdp"
"found","20-1996","MASTER TOOL","Хомут черв'ячний нерж ""Метелик"" German type 9,0 мм Ø 12-20 мм, 25 шт MASTER TOOL 20-1996","AD9507D0-9EEA-11EB-AE88-BC5FF4F4F2AA","1","https://cdn.27.ua/sc--media--prod/default/01/66/f6/0166f605-91df-4a32-b1b5-4279fd1b12bf.jpg","https://epicentrk.ua/shop/mplc-homut-cerv-acnij-nerzaviucij-mastertool-metelik-german-type-9-0-mm-o-12-20-mm-25-st-20-1996-1edd3b34-be4a-639c-9ea8-676240851414.html","97","epicentr"
"found","20-1998","MASTER TOOL","Хомут черв'ячний нерж ""Метелик"" German type 9,0 мм Ø 18-32 мм, 25 шт MASTER TOOL 20-1998","AD9507D4-9EEA-11EB-AE88-BC5FF4F4F2AA","1","https://cdn.27.ua/sc--media--prod/default/8b/11/3a/8b113ae1-f1a7-498f-b6d1-8c94daef4026.jpg","https://epicentrk.ua/shop/mplc-homut-cerv-acnij-nerzaviucij-mastertool-metelik-german-type-9-0-mm-o-18-32-mm-25-st-20-1998-1edd83ae-d161-69c2-9647-33f41036ea13.html","97","epicentr"
"found","20-1997","MASTER TOOL","Хомут черв'ячний нерж ""Метелик"" German type 9,0 мм Ø 16-25 мм, 25 шт MASTER TOOL 20-1997","AD9507D2-9EEA-11EB-AE88-BC5FF4F4F2AA","2","https://cdn.27.ua/sc--media--prod/default/20/f8/f3/20f8f320-11ad-4929-b176-248e052fb969.jpeg","https://epicentrk.ua/shop/mplc-komplekt-grm-audi-a1-skoda-fabia-vw-polo-1-4-tdi-14-25x145z-20-1997-hepu-1f11ecc3-5311-6510-9904-057640d0b8b0.html","97","epicentr"
"found","20-1901","MASTER TOOL","Хомут черв'ячний оцинкований American type 8,0 мм Ø 9-16 мм, 50 шт MASTER TOOL 20-1901","AD95075A-9EEA-11EB-AE88-BC5FF4F4F2AA","5","https://tdp.com.ua/images/catalog/YYgTCI0PQn/YYgTCI0PQn0340d9259b05ceb667e9bc7e0b264544_1426598339.jpg","https://tdp.com.ua/product/homut-ocinkovannyj-master-tool-20-1901-10-16-mm50-shtuk.html","98","tdp"
"skipped","20-1902","MASTER TOOL","Хомут черв'ячний оцинкований American type 8,0 мм Ø 12-20 мм, 50 шт MASTER TOOL 20-1902","AD95075C-9EEA-11EB-AE88-BC5FF4F4F2AA","11","","","","already_has_photo"
"found","20-1904","MASTER TOOL","Хомут черв'ячний оцинкований American type 8,0 мм Ø 16-25 мм, 50 шт MASTER TOOL 20-1904","AD95075E-9EEA-11EB-AE88-BC5FF4F4F2AA","2","https://tdp.com.ua/images/catalog/FDeTVIA4l0/FDeTVIA4l00340d9259b05ceb667e9bc7e0b264544_1426599459.jpg","https://tdp.com.ua/product/homut-ocinkovannyj-master-tool-20-1904-16-25mm50-shtuk.html","98","tdp"
"found","20-1995","MASTER TOOL","Хомут черв'ячний оцинкований ""Метелик"" German type 9,0 мм Ø 18-32 мм, 25 шт MASTER TOOL 20-1995","AD9507CE-9EEA-11EB-AE88-BC5FF4F4F2AA","1","https://cdn.27.ua/sc--media--prod/default/07/0e/4f/070e4fd7-bed3-44a1-8441-17b7410de88f.jpg","https://epicentrk.ua/shop/mplc-homut-cerv-acnij-ocinkovanij-mastertool-metelik-german-type-9-0-mm-o-18-32-mm-25-st-20-1995-1edd3b34-c0ad-6ca6-8f9a-676240851414.html","97","epicentr"
"found","20-1993","MASTER TOOL","Хомут черв'ячний оцинкований ""Метелик"" German type 9,0 мм Ø 12-20 мм, 25 шт MASTER TOOL 20-1993","AD9507CA-9EEA-11EB-AE88-BC5FF4F4F2AA","1","https://cdn.27.ua/sc--media--prod/default/ed/2f/bb/ed2fbb57-4870-41c2-a4d7-745bc7262336.jpg","https://epicentrk.ua/shop/mplc-homut-cerv-acnij-ocinkovanij-mastertool-metelik-german-type-9-0-mm-o-12-20-mm-25-st-20-1993-1edd3b34-c090-691c-b043-676240851414.html","97","epicentr"
"found","20-1907","MASTER TOOL","Хомут черв'ячний оцинкований American type 8,0 мм Ø 25-40 мм, 50 шт MASTER TOOL 20-1907","AD950762-9EEA-11EB-AE88-BC5FF4F4F2AA","2","https://tdp.com.ua/images/catalog/7160dlJ0bj/7160dlJ0bj0340d9259b05ceb667e9bc7e0b264544_1426600556.jpg","https://tdp.com.ua/product/homut-ocinkovannyj-master-tool-20-1907-23-35mm50-shtuk.html","98","tdp"
"found","81-8491","MASTER TOOL","Шланг спіральний 5,5*8 мм 10 м, поліуретановий MASTER TOOL 81-8491","BA14D32B-9EEA-11EB-AE88-BC5FF4F4F2AA","1","https://tdp.com.ua/images/catalog/iiuJCcUt9k/iiuJCcUt9kddaf77582902a1091e3a7228fcbf6f82_1427870787.jpg","https://tdp.com.ua/product/shlang-pnevmaticheskij-master-tool-81-8491-10m.html","98","tdp"
"found","20-1905","MASTER TOOL","Хомут черв'ячний оцинкований American type 8,0 мм Ø 18-32 мм, 50 шт MASTER TOOL 20-1905","AD950760-9EEA-11EB-AE88-BC5FF4F4F2AA","2","https://cdn.27.ua/799/e2/e8/3203816_1.jpeg","https://epicentrk.ua/shop/khomut-chervyachnyy-mastertool-tsinkovannyy-american-type-8kh18-32mm-50-sht-20-1905.html","97","epicentr"
"found","81-8492","MASTER TOOL","Шланг спіральний 5,5*8 мм 15 м, поліуретановий MASTER TOOL 81-8492","BA14D32D-9EEA-11EB-AE88-BC5FF4F4F2AA","1","https://tdp.com.ua/images/catalog/w08M3W1X9r/w08M3W1X9rddaf77582902a1091e3a7228fcbf6f82_1427870951.jpg","https://tdp.com.ua/product/shlang-pnevmaticheskij-master-tool-81-8492-15m.html","98","tdp"
"found","81-8493","MASTER TOOL","Шланг спіральний 5,5*8 мм 20 м, поліуретановий MASTER TOOL 81-8493","BA14D32F-9EEA-11EB-AE88-BC5FF4F4F2AA","1","https://tdp.com.ua/images/catalog/NA2yFqtz4v/NA2yFqtz4vddaf77582902a1091e3a7228fcbf6f82_1427871039.jpg","https://tdp.com.ua/product/shlang-pnevmaticheskij-master-tool-81-8493-20m.html","98","tdp"
"found","14-6422","ГОСПОДАР","Швабра плоска 440*140*1100 мм насадка мікрофібра ГОСПОДАР 14-6422","C656D3C3-9EEA-11EB-AE88-BC5FF4F4F2AA","1","https://cdn.27.ua/sc--media--prod/default/0a/6a/30/0a6a3084-8177-4e55-a81b-50481518db24.jpg","https://epicentrk.ua/shop/mplc-svabra-ploska-440-140-1100-mm-nasadka-mikrofibra-gospodar-gm-14-6422-1ee2d846-242c-69e0-ac1b-23ae9e4f2226.html","79","epicentr"
"skipped","92-1041","MASTER TOOL","Шланг для поливу ""FLOWER"" 3/4"" 20 м жовтий MASTER TOOL 92-1041 - АКЦІЯ!","C0598B10-9EEA-11EB-AE88-BC5FF4F4F2AA","4","","","","already_has_photo"
"skipped","92-1042","MASTER TOOL","Шланг для поливу ""FLOWER"" 3/4"" 25 м жовтий MASTER TOOL 92-1042 - АКЦІЯ!","C0598B12-9EEA-11EB-AE88-BC5FF4F4F2AA","4","","","","already_has_photo"
"skipped","92-1043","MASTER TOOL","Шланг для поливу ""FLOWER"" 3/4"" 30 м жовтий MASTER TOOL 92-1043 - АКЦІЯ!","C0598B14-9EEA-11EB-AE88-BC5FF4F4F2AA","5","","","","already_has_photo"
"skipped","92-1044","MASTER TOOL","Шланг для поливу ""FLOWER"" 3/4"" 50 м жовтий MASTER TOOL 92-1044","8BC7D0D9-8E64-11EC-BDD9-BC5FF4F4F2AA","1","","","","already_has_photo"
"skipped","92-1045","MASTER TOOL","Шланг для поливу ""HARVEST"" 3/4"" 15 м помаранчевий MASTER TOOL 92-1045 - АКЦІЯ!","C0598B16-9EEA-11EB-AE88-BC5FF4F4F2AA","5","","","","already_has_photo"
"skipped","92-1047","MASTER TOOL","Шланг для поливу ""HARVEST"" 3/4"" 25 м помаранчевий MASTER TOOL 92-1047 - АКЦІЯ!","C0598B1A-9EEA-11EB-AE88-BC5FF4F4F2AA","11","","","","already_has_photo"
"skipped","92-1049","MASTER TOOL","Шланг для поливу ""HARVEST"" 3/4"" 50 м помаранчевий MASTER TOOL 92-1049 - АКЦІЯ!","C0598B1E-9EEA-11EB-AE88-BC5FF4F4F2AA","12","","","","already_has_photo"
"found","92-1040","MASTER TOOL","Шланг для поливу ""FLOWER"" 3/4"" 15 м жовтий MASTER TOOL 92-1040 - АКЦІЯ!","C0598B0E-9EEA-11EB-AE88-BC5FF4F4F2AA","2","https://cdn.27.ua/sc--media--prod/default/32/5a/09/325a0981-0cd0-4256-b28f-1a29490af0e2.jpg","https://epicentrk.ua/shop/mplc-slang-sadovij-dla-polivu-mastertool-flower-3-4-15-m-zovtij-92-1040-1f0eaf99-4d91-6910-8997-813b751d4fa6.html","97","epicentr"
"found","81-8800","MASTER TOOL","Шприц для мастила, 500 мл, дві насадки MASTER TOOL 81-8800","B3B063FA-9EEA-11EB-AE88-BC5FF4F4F2AA","3","https://cdn.27.ua/sc--media--prod/default/23/c9/06/23c90678-9622-4abe-8113-4dc7c64c7d7c.jpg","https://epicentrk.ua/shop/mplc-spric-dla-mastila-mastertool-gm-500-ml-81-8800-1ee16538-ad16-665c-b05b-9f66d7f189c6.html","97","epicentr"
"found","75-1309","MASTER TOOL","Щипці 175 мм, внутрішні вигнуті, C45, HRC 38~48 MASTER TOOL 75-1309","AD9509F6-9EEA-11EB-AE88-BC5FF4F4F2AA","3","https://tdp.com.ua/images/catalog/CJ9n7GFVhn/CJ9n7GFVhnf2480d5a4d2cef45ef6379a0588e877d_1425297824.jpg","https://tdp.com.ua/product/cshipcy-dlja-snjatija-stopornyh-kolec--master-tool-75-1309.html","98","tdp"
"found","75-1308","MASTER TOOL","Щипці 175 мм, внутрішні прямі, C45, HRC 38~48 MASTER TOOL 75-1308","AD9509F4-9EEA-11EB-AE88-BC5FF4F4F2AA","3","https://tdp.com.ua/images/catalog/puRmRmjTNH/puRmRmjTNH8f3ccebb764b5a8ac7e897201531e3f2_1425297554.jpg","https://tdp.com.ua/product/cshipcy-dlja-snjatija-stopornyh-kolec--master-tool-75-1308.html","98","tdp"
"found","75-1307","MASTER TOOL","Щипці 175 мм, зовнішні вигнуті, C45, HRC 38~48 MASTER TOOL 75-1307","AD9509F2-9EEA-11EB-AE88-BC5FF4F4F2AA","4","https://tdp.com.ua/images/catalog/nVkAe3maNa/nVkAe3maNa032ecb6dca49003dd0662690148fb962_1425297250.jpg","https://tdp.com.ua/product/cshipcy-dlja-snjatija-stopornyh-kolec-master-tool-75-1307.html","98","tdp"
"found","19-5108","MASTER TOOL","Шпатель FLEX, 80 мм, TPR ручка MASTER TOOL 19-5108","627B8CF1-2C12-11EC-9962-BC5FF4F4F2AA","2","https://cdn.27.ua/sc--media--prod/default/bd/ba/90/bdba9043-2839-4698-a7db-b9aa5d4afc00.jpg","https://epicentrk.ua/shop/mplc-spatel-mastertool-flex-80-mm-z-tpr-ruckou-19-5108-1ede9adb-c570-6830-a027-37b09e80ad15.html","97","epicentr"
"found","75-1306","MASTER TOOL","Щипці 175 мм, зовнішні прямі, C45, HRC 38~48 MASTER TOOL 75-1306","AD9509F0-9EEA-11EB-AE88-BC5FF4F4F2AA","2","https://tdp.com.ua/images/catalog/lBcmvfoskG/lBcmvfoskGf1441d451681173819fd75d7326f4265_1425296723.jpg","https://tdp.com.ua/product/cshipcy-dlja-snjatija-stopornyh-kolec-master-tool-75-1306.html","98","tdp"
"found","22-3160","MASTER TOOL","Щипці гнуті 160 мм American Type, C45, HRC 44~48 MASTER TOOL 22-3160","AD9509DC-9EEA-11EB-AE88-BC5FF4F4F2AA","2","https://cdn.27.ua/sc--media--prod/default/a6/80/00/a6800072-307f-4df4-87e7-5c138e89ff16.jpg","https://epicentrk.ua/shop/mplc-shchiptsi-gnuti-mastertool-american-type-c45-hrc-44-48-160-mm-22-3160-1ed43e88-df09-61c0-b0e2-af35493b676a.html","97","epicentr"
"found","23-3160","MASTER TOOL","Щипці гнуті 160 мм, С55, HRC 45~50 MASTER TOOL 23-3160","AD9509E6-9EEA-11EB-AE88-BC5FF4F4F2AA","2","https://cdn.27.ua/sc--media--prod/default/b9/dd/de/b9dddedb-ac23-44fc-8cdb-f64ba9b9b70d.jpg","https://epicentrk.ua/shop/mplc-shchiptsi-gnuti-mastertool-s55-hrc-45-50-160-mm-23-3160-1ed43e88-df76-6e3c-95ec-af35493b676a.html","97","epicentr"
"found","22-3180","MASTER TOOL","Щипці гнуті 180 мм American Type, C45, HRC 44~48 MASTER TOOL 22-3180","AD9509DE-9EEA-11EB-AE88-BC5FF4F4F2AA","2","https://cdn.27.ua/sc--media--prod/default/cb/99/02/cb990285-f937-43ca-aa19-85d791f41b35.jpg","https://epicentrk.ua/shop/mplc-sipci-gnuti-mastertool-180-mm-american-type-c45-hrc-44-48-22-3180-1edb42c0-1b8e-6f22-a866-1f3c48f8705a.html","97","epicentr"
"found","22-3200","MASTER TOOL","Щипці гнуті 200 мм American Type, C45, HRC 44~48 MASTER TOOL 22-3200","AD9509E0-9EEA-11EB-AE88-BC5FF4F4F2AA","1","https://cdn.27.ua/sc--media--prod/default/c3/43/55/c3435555-ab35-43f0-91e6-f153ea02776f.jpg","https://epicentrk.ua/shop/mplc-sipci-gnuti-mastertool-gm-american-type-c45-200-mm-22-3200-1ee1a5b5-ed8f-6b1c-87ed-bb3c320b8ea1.html","97","epicentr"
"found","22-2180","MASTER TOOL","Щипці прямі 180 мм American Type, C45, HRC 44~48 MASTER TOOL 22-2180","AD9509D8-9EEA-11EB-AE88-BC5FF4F4F2AA","1","https://cdn.27.ua/sc--media--prod/default/56/4c/96/564c96c9-81e6-44ae-9ae1-491f70d2a333.jpg","https://epicentrk.ua/shop/mplc-sipci-prami-mastertool-american-type-c45-180-mm-22-2180-1ee1ff37-226c-6f8a-a4ea-d5db0f78a784.html","97","epicentr"
"found","23-3180","MASTER TOOL","Щипці гнуті 180 мм, С55, HRC 45~50 MASTER TOOL 23-3180","AD9509E8-9EEA-11EB-AE88-BC5FF4F4F2AA","1","https://cdn.27.ua/799/56/dc/6313692_3.jpeg","https://epicentrk.ua/shop/shchyptsi-hnuti-mastertool-180-mm-s55-hrc-45-50-23-3180.html","97","epicentr"
"skipped","91-9075","MASTER TOOL","Щітка побілкова ПП 75н MASTER TOOL 91-9075","BA14D4F5-9EEA-11EB-AE88-BC5FF4F4F2AA","12","","","","already_has_photo"
"found","25-4250","MASTER TOOL","Щипці трубні 250 мм, ХРОМ-ВАНАДІЙ, фосфатовані MASTER TOOL 25-4250","AD950A26-9EEA-11EB-AE88-BC5FF4F4F2AA","2","https://tdp.com.ua/images/catalog/cE3xP3iunV/cE3xP3iunV1ceeac9c3f_1446539683.jpg","https://tdp.com.ua/product/klecshi-perestavnye-master-tool-25-4250-fosfatirovannye-250-mm.html","98","tdp"
"found","19-8112","MASTER TOOL","Щітка конусна з латунованого рифленого дроту D125 мм М14 MASTER TOOL 19-8112","A7773DD9-9EEA-11EB-AE88-BC5FF4F4F2AA","1","https://tdp.com.ua/images/catalog/AveHjmi7n0/1560407690_f3ccd.jpg","https://tdp.com.ua/product/cshetka-konusnaja-master-tool-d125-mm-rezba-m14-19-8112.html","98","tdp"
"found","19-9500","MASTER TOOL","Щітки з латунованого рифленого дроту 5 шт MASTER TOOL 19-9500","A7773E0D-9EEA-11EB-AE88-BC5FF4F4F2AA","2","https://tdp.com.ua/images/catalog/ca6TQS920X/ca6TQS920Xf3f0d505e8be1802e94220b5cd9226c5_1427273112.jpg","https://tdp.com.ua/product/cshetki-s-riflenoj-provoloki-master-tool-19-9500.html","98","tdp"
"found","19-9300","MASTER TOOL","Щітки з латунованого рифленого дроту зі стрижнем 3 шт MASTER TOOL 19-9300","A7773E09-9EEA-11EB-AE88-BC5FF4F4F2AA","2","https://tdp.com.ua/images/catalog/kuom72JkyU/kuom72JkyU452a3a7e9195bf853c8e3c907c612e64_1427271527.jpg","https://tdp.com.ua/product/cshetki-s-riflenoj-provoloki-master-tool-19-9300.html","98","tdp"
"found","19-9200","MASTER TOOL","Щітки з латунованого рифленого дроту зі стрижнем 2 шт MASTER TOOL 19-9200","A7773E07-9EEA-11EB-AE88-BC5FF4F4F2AA","2","https://cdn.27.ua/sc--media--prod/default/65/7f/02/657f026e-7359-4210-a9c0-55faf906fbfc.jpg","https://epicentrk.ua/shop/mplc-sitki-mastertool-gm-iz-latunovanogo-drotu-2-st-19-9200-1ef24ace-3759-6a9a-9f63-b3a99e12641e.html","97","epicentr"
"found","19-9301","MASTER TOOL","Щітки з латунованого рифленого дроту 3 шт MASTER TOOL 19-9301","A7773E0B-9EEA-11EB-AE88-BC5FF4F4F2AA","2","https://cdn.27.ua/799/8e/b2/2723506_1.jpeg","https://epicentrk.ua/shop/nabor-schetok-mastertool-iz-latunirovannoy-riflenoy-provoloki-so-sterzhnem-19-9301.html","97","epicentr"
"found","19-9600","MASTER TOOL","Щітки з латунованого рифленого дроту зі стрижнем 6 шт MASTER TOOL 19-9600","A7773E11-9EEA-11EB-AE88-BC5FF4F4F2AA","2","https://cdn.27.ua/799/8e/b8/2723512_1.jpeg","https://epicentrk.ua/shop/nabor-schetok-mastertool-iz-latunirovannoy-riflenoy-provoloki-so-sterzhnem-19-9600.html","97","epicentr"
"found","19-9501","MASTER TOOL","Щітки з латунованого рифленого дроту зі стрижнем 5 шт торц. 25/50/75 мм MASTER TOOL 19-9501","A7773E0F-9EEA-11EB-AE88-BC5FF4F4F2AA","2","https://cdn.27.ua/sc--media--prod/default/59/71/5e/59715e4b-6b78-48ea-bb8e-e3e5d373a56a.jpg","https://epicentrk.ua/shop/mplc-sitki-mastertool-gm-iz-latunovanogo-drotu-5-st-19-9501-1ef1c165-0c5d-6e92-803d-399ecd4b5879.html","97","epicentr"
